order_id,customer_id,product_id,quantity,order_date,status,payment_amount
1,1,1,4,13-03-2025,NA,12668.1
2,2,2,3,04-11-2024,Pending,529.46
3,3,3,3,14-01-2025,Completed,14324.92
4,4,4,7,13-05-2024,Completed,14749.07
5,5,5,1,15-07-2025,Cancelled,6589.09
6,6,6,6,17-01-2025,NA,10867.45
7,7,7,9,07-12-2025,Cancelled,13042.74
8,8,8,4,28-11-2023,Completed,1949.41
9,9,9,10,07-10-2024,Cancelled,1405.6
10,10,10,4,26-08-2025,Pending,14352.03
11,11,11,3,26-12-2024,Completed,14921.19
12,12,12,0,24-11-2025,Completed,8075.25
13,13,13,3,28-08-2023,Cancelled,12456.61
14,14,14,9,18-02-2025,Pending,4861.5
15,15,15,1,24-09-2024,Pending,8506.98
16,16,16,2,19-06-2025,Pending,0
17,17,17,4,03-10-2024,Pending,5915.1
18,18,18,6,25-07-2023,Cancelled,12935.37
19,19,19,1,24-07-2023,Completed,1097.3
20,20,20,4,24-04-2024,Completed,2477.56
21,21,21,8,16-12-2025,Completed,6172.1
22,22,22,4,08-02-2025,Completed,10688.79
23,23,23,9,31-07-2024,Cancelled,12647.15
24,24,24,3,01-12-2024,Completed,6351.92
25,25,25,8,07-02-2024,Completed,4343.19
26,26,26,6,24-06-2023,Completed,2665.65
27,27,27,4,01-04-2024,Completed,0
28,28,28,8,05-10-2023,Completed,8355.62
29,29,29,3,04-06-2025,NA,7105.82
30,30,30,7,25-06-2023,Completed,12228.36
31,31,31,7,19-10-2025,Completed,1629.62
32,32,32,6,15-03-2025,Completed,2577.78
33,33,33,-2,26-05-2023,Completed,3550.94
34,34,34,-2,26-07-2024,Pending,2820.25
35,35,35,-2,10-08-2025,Completed,187.89
36,36,36,1,24-05-2025,Cancelled,7291.21
37,37,37,4,01-12-2024,Completed,13262.78
38,38,38,1,24-08-2025,Cancelled,3051.29
39,39,39,2,06-10-2025,Completed,8330.83
40,40,40,7,19-08-2023,Pending,4279.06
41,41,41,2,07-03-2026,Completed,0
42,42,42,4,25-07-2025,Completed,9016.74
43,43,43,8,28-09-2023,Completed,1086.71
44,44,44,2,22-08-2025,NA,4278.6
45,45,45,1,17-04-2024,Completed,1094.64
46,46,46,6,08-12-2023,Cancelled,5267.4
47,47,47,1,15-08-2025,Completed,6740.37
48,48,48,8,14-07-2024,Completed,7391.3
49,49,49,9,06-10-2025,NA,3670.65
50,50,50,8,28-11-2024,NA,3219.46
51,51,51,-2,24-06-2024,Cancelled,12675.16
52,52,52,9,09-08-2025,Completed,5339.05
53,53,53,10,19-04-2026,Pending,6148.59
54,54,54,2,08-05-2024,Cancelled,13413.61
55,55,55,7,25-07-2023,Cancelled,10929.93
56,56,56,8,10-11-2025,Pending,5827.34
57,57,57,6,20-05-2024,Completed,0
58,58,58,0,12-06-2023,Cancelled,1095.28
59,59,59,5,12-04-2025,NA,4226.94
60,60,60,7,15-08-2023,Completed,14841.94
61,61,61,8,03-05-2025,Completed,12418.85
62,62,62,8,04-10-2023,Completed,1018.13
63,63,63,10,21-03-2025,Completed,14948.29
64,64,64,1,13-03-2025,NA,9924.51
65,65,65,5,17-01-2024,Cancelled,7486.27
66,66,66,5,09-07-2024,Completed,201.88
67,67,67,9,21-05-2023,Pending,6145.8
68,68,68,3,12-12-2023,Pending,0
69,69,69,9,26-03-2024,Cancelled,3694.62
70,70,70,8,30-08-2025,Cancelled,1595.95
71,71,71,4,26-12-2023,Completed,9361.59
72,72,72,7,15-03-2024,Completed,11381.56
73,73,73,1,19-01-2024,Completed,5258.88
74,74,74,4,03-05-2025,Completed,4043.81
75,75,75,5,22-11-2025,NA,6522.97
76,76,76,2,02-06-2025,NA,0
77,77,77,8,05-05-2024,Cancelled,8341.25
78,78,78,7,28-05-2023,Completed,0
79,79,79,5,12-07-2023,NA,13227.85
80,80,80,5,22-12-2023,Completed,12271.84
81,81,81,2,26-11-2023,Pending,1317.38
82,82,82,3,24-08-2025,Completed,13877.81
83,83,83,10,27-11-2025,Completed,9391.04
84,84,84,9,13-12-2024,Pending,12010.48
85,85,85,7,25-06-2025,Completed,13201.36
86,86,86,4,14-02-2026,NA,14950.8
87,87,87,3,26-09-2025,Completed,14768.65
88,88,88,2,15-09-2024,NA,10095.62
89,89,89,1,29-01-2024,Cancelled,12154.77
90,90,90,-2,23-08-2023,Completed,4204.33
91,91,91,5,28-07-2025,Cancelled,11730.86
92,92,92,4,19-10-2024,Pending,1495.61
93,93,93,6,16-11-2025,NA,13414.47
94,94,94,9,19-06-2025,Completed,2544.58
95,95,95,2,02-05-2025,Pending,5669.2
96,96,96,5,04-07-2025,Completed,10171.85
97,97,97,9,07-12-2024,Cancelled,246.2
98,98,98,4,09-03-2025,Completed,2659.27
99,99,99,6,18-02-2026,NA,9973.68
100,100,100,3,15-04-2026,Completed,8474.81
101,101,101,4,23-09-2024,Cancelled,12047.76
102,102,102,9,05-09-2023,Cancelled,2388.93
103,103,103,6,17-01-2025,Completed,5298.78
104,104,104,9,22-05-2023,Pending,10529.7
105,105,105,1,14-12-2025,Pending,5918.43
106,106,106,7,04-10-2024,NA,10040.6
107,107,107,4,07-04-2026,Completed,1889.88
108,108,108,6,08-08-2023,Completed,1039
109,109,109,3,09-10-2025,Completed,7083.17
110,110,110,4,24-05-2024,Cancelled,13910.77
111,111,111,3,17-03-2025,Cancelled,493.81
112,112,112,-2,23-08-2023,NA,4869.23
113,113,113,4,07-05-2024,Completed,5676.22
114,114,114,9,07-12-2025,Pending,7862.38
115,115,115,6,02-10-2025,Completed,10003.34
116,116,116,10,06-10-2024,Pending,8721.38
117,117,117,8,06-04-2026,Pending,9098.03
118,118,118,9,27-11-2025,Cancelled,11346.96
119,119,119,8,03-05-2025,Completed,5844.84
120,120,120,-2,20-11-2024,NA,2444.31
121,121,121,10,30-12-2023,Cancelled,707.03
122,122,122,2,03-06-2025,Pending,11426.06
123,123,123,9,04-05-2024,Pending,2064.39
124,124,124,3,29-06-2023,NA,7498.33
125,125,125,4,08-09-2024,NA,476.8
126,126,126,-2,26-01-2025,NA,2289.54
127,127,127,10,03-11-2023,NA,1749.22
128,128,128,0,27-07-2024,NA,13770.53
129,129,129,10,18-04-2025,Completed,1178.57
130,130,130,8,15-01-2026,NA,9521.84
131,131,131,8,18-05-2024,NA,9999.31
132,132,132,9,03-02-2024,Cancelled,3386.78
133,133,133,0,14-08-2024,Pending,2799.1
134,134,134,4,09-06-2024,Completed,7898.77
135,135,135,9,18-03-2024,Cancelled,11920.34
136,136,136,8,01-11-2023,Cancelled,0
137,137,137,4,05-11-2025,Pending,12004.85
138,138,138,2,31-01-2026,Pending,5122.82
139,139,139,8,15-04-2024,Completed,13459.94
140,140,140,-2,12-06-2023,Cancelled,9128.36
141,141,141,6,05-07-2025,Cancelled,14159.57
142,142,142,8,26-07-2023,Completed,12902.32
143,143,143,8,17-10-2024,Pending,368.6
144,144,144,5,04-05-2025,Completed,5960.66
145,145,145,10,26-06-2024,Cancelled,10749.69
146,146,146,0,20-05-2023,Completed,8698.02
147,147,147,10,18-11-2023,NA,10944.16
148,148,148,10,14-11-2025,Pending,7543.95
149,149,149,10,14-10-2025,Completed,7920.03
150,150,150,8,25-08-2024,Cancelled,1414.89
151,151,151,5,15-09-2025,Pending,11740.52
152,152,152,9,23-08-2023,Cancelled,8452.36
153,153,153,3,11-03-2024,NA,5601.88
154,154,154,4,27-11-2024,Pending,10764.21
155,155,155,5,15-05-2023,Completed,1394.9
156,156,156,3,07-07-2023,NA,0
157,157,157,1,14-10-2025,Cancelled,4494.44
158,158,158,2,17-05-2025,Pending,1511.99
159,159,159,4,20-08-2023,NA,761.82
160,160,160,8,16-09-2023,NA,10641.05
161,161,161,7,07-11-2023,Completed,1321.29
162,162,162,8,01-10-2023,NA,7740
163,163,163,10,27-02-2026,Completed,2194.85
164,164,164,8,20-08-2023,Completed,11308.25
165,165,165,5,24-11-2024,NA,8324.52
166,166,166,6,05-04-2025,Completed,3877.31
167,167,167,9,31-05-2025,NA,1990.98
168,168,168,7,19-09-2023,Completed,9988.91
169,169,169,1,24-11-2023,Cancelled,5704.6
170,170,170,10,21-09-2025,Cancelled,4325.58
171,171,171,5,13-08-2024,Cancelled,8172.05
172,172,172,1,05-04-2025,Pending,6056.5
173,173,173,1,09-11-2025,Pending,8395.58
174,174,174,3,18-06-2025,Pending,1210.02
175,175,175,5,25-11-2025,NA,1982.89
176,176,176,7,24-10-2023,Completed,538.47
177,177,177,10,05-12-2025,Completed,13961.25
178,178,178,2,02-01-2026,Completed,14746.93
179,179,179,5,07-03-2024,Completed,850.69
180,180,180,10,01-12-2025,Completed,10828.06
181,181,181,3,16-05-2025,Cancelled,11341.15
182,182,182,9,20-09-2023,NA,5477.93
183,183,183,5,23-06-2024,Completed,6358.68
184,184,184,6,31-05-2025,Cancelled,5628.86
185,185,185,9,02-06-2023,NA,4051.06
186,186,186,-2,04-03-2025,Completed,10006.13
187,187,187,9,05-07-2023,Completed,4959.05
188,188,188,6,26-07-2024,Completed,13001.57
189,189,189,0,20-08-2025,Cancelled,7808.97
190,190,190,-2,09-11-2025,NA,904.77
191,191,191,4,13-02-2025,Completed,4768.5
192,192,192,6,09-01-2026,Cancelled,2284.05
193,193,193,4,21-04-2025,Pending,10582.76
194,194,194,3,02-12-2023,Cancelled,14.84
195,195,195,8,24-04-2026,Cancelled,2829.47
196,196,196,9,16-05-2025,Completed,6120.06
197,197,197,5,14-05-2023,NA,2870.58
198,198,198,4,25-05-2025,Pending,6881.26
199,199,199,4,07-11-2023,NA,6044.49
200,200,200,2,12-09-2023,NA,4071.03
201,201,201,5,13-03-2026,Completed,4942.32
202,202,202,4,17-03-2024,NA,14433.16
203,203,203,2,26-08-2023,Completed,1954.99
204,204,204,8,24-05-2024,NA,14000.86
205,205,205,-2,16-06-2023,Completed,6676.37
206,206,206,8,16-08-2023,Completed,8603.09
207,207,207,-2,06-09-2024,Pending,12681.44
208,208,208,2,12-02-2024,NA,11789.24
209,209,209,0,31-12-2025,Pending,11274.8
210,210,210,3,30-11-2023,Cancelled,6500.23
211,211,211,4,13-01-2026,Completed,123.99
212,212,212,5,20-05-2024,Completed,6105.78
213,213,213,5,13-12-2024,NA,5903.38
214,214,214,3,26-12-2023,NA,10258.03
215,215,215,5,13-06-2024,Pending,58.1
216,216,216,7,23-03-2026,Completed,0
217,217,217,9,14-01-2025,Completed,13267.11
218,218,218,0,02-09-2024,Pending,5871.04
219,219,219,7,08-10-2024,Completed,13962.47
220,220,220,7,02-01-2025,Pending,5901.23
221,221,221,-2,12-06-2024,Cancelled,2851.29
222,222,222,5,28-09-2023,Cancelled,2194.98
223,223,223,3,02-10-2024,NA,8855.42
224,224,224,8,14-05-2024,Completed,7132.08
225,225,225,4,03-09-2023,Cancelled,3613.83
226,226,226,4,12-05-2023,Completed,11597.91
227,227,227,0,04-08-2024,Completed,8296.99
228,228,228,4,19-04-2026,Pending,2891.82
229,229,229,4,12-08-2025,Pending,6279.29
230,230,230,9,05-09-2023,NA,11368.7
231,231,231,9,03-10-2025,NA,627.54
232,232,232,3,12-10-2023,Cancelled,1561.97
233,233,233,7,10-02-2026,Pending,2637.63
234,234,234,1,01-08-2025,Completed,5378.27
235,235,235,-2,27-05-2024,Completed,13235.79
236,236,236,8,31-03-2025,Pending,434.53
237,237,237,9,14-02-2024,Completed,9289.59
238,238,238,6,28-07-2025,Pending,2643.89
239,239,239,0,20-11-2025,Completed,1975.64
240,240,240,0,14-10-2023,Completed,7361.21
241,241,241,-2,01-10-2024,Cancelled,14025.69
242,242,242,1,16-08-2023,Completed,5374.07
243,243,243,-2,15-11-2023,Completed,5618.35
244,244,244,5,27-04-2025,Cancelled,7243.31
245,245,245,3,23-12-2023,Pending,8341.51
246,246,246,7,23-12-2023,Cancelled,13740.8
247,247,247,5,27-11-2024,Completed,896.52
248,248,248,0,07-04-2025,Pending,8671.29
249,249,249,6,18-02-2025,NA,4523.36
250,250,250,1,23-01-2026,Cancelled,4457.64
251,251,251,6,05-05-2026,Cancelled,6670.43
252,252,252,10,16-08-2023,NA,6672.2
253,253,253,7,09-02-2024,NA,10667.95
254,254,254,4,30-04-2025,Cancelled,4414.9
255,255,255,8,13-02-2025,Completed,11776.15
256,256,256,4,11-09-2025,Pending,4590.87
257,257,257,0,01-07-2025,Pending,4259.46
258,258,258,8,21-05-2024,Cancelled,9050.41
259,259,259,9,31-03-2026,Cancelled,10524.06
260,260,260,2,17-06-2023,Pending,2374.68
261,261,261,1,11-05-2023,NA,9352.25
262,262,262,0,20-06-2024,Completed,1908.98
263,263,263,1,27-11-2023,Completed,12244.76
264,264,264,6,26-03-2025,NA,2152.3
265,265,265,9,25-05-2024,Cancelled,12087.22
266,266,266,-2,27-01-2024,NA,0
267,267,267,4,08-05-2024,NA,754.91
268,268,268,10,12-04-2024,Cancelled,0
269,269,269,2,15-10-2024,Cancelled,6121.85
270,270,270,2,28-11-2023,Cancelled,239.89
271,271,271,10,10-12-2023,Pending,7022.83
272,272,272,5,26-06-2024,NA,8698.48
273,273,273,6,01-10-2024,Completed,11528.9
274,274,274,9,23-10-2025,NA,2290
275,275,275,10,21-08-2023,NA,3730.57
276,276,276,9,08-12-2023,Pending,13724.74
277,277,277,6,26-07-2023,NA,708.93
278,278,278,1,28-06-2023,Completed,12583.18
279,279,279,2,10-12-2025,NA,10981.33
280,280,280,8,18-09-2023,Cancelled,3293.87
281,281,281,-2,10-11-2025,NA,11235.13
282,282,282,9,22-06-2024,Completed,8666.74
283,283,283,5,07-03-2026,Cancelled,11431.6
284,284,284,3,22-12-2025,Cancelled,12367.75
285,285,285,7,30-10-2024,NA,7829.11
286,286,286,5,12-02-2025,Cancelled,2795.62
287,287,287,4,20-07-2025,Cancelled,2067.71
288,288,288,1,22-05-2024,Completed,230.18
289,289,289,4,15-07-2023,NA,4903.65
290,290,290,8,26-02-2025,Completed,6411.88
291,291,291,5,04-07-2024,Completed,10491.6
292,292,292,7,25-07-2024,Completed,8795.79
293,293,293,5,25-05-2023,Cancelled,4027.85
294,294,294,5,31-10-2023,Completed,11444.8
295,295,295,10,17-04-2026,NA,10947.42
296,296,296,2,14-06-2024,Cancelled,5171.49
297,297,297,8,15-11-2024,Pending,9293.54
298,298,298,0,11-06-2024,Completed,7089.29
299,299,299,1,23-08-2023,Pending,14464.66
300,300,300,6,19-03-2026,Completed,3211.25
301,301,301,1,17-08-2023,Completed,8585.5
302,302,302,0,29-01-2025,Completed,7530.63
303,303,303,0,17-09-2023,Completed,10377.43
304,304,304,1,07-12-2025,Cancelled,2800.64
305,305,305,3,18-04-2024,Pending,14275.4
306,306,306,9,24-03-2025,Completed,13128.21
307,307,307,1,07-06-2024,Pending,565.56
308,308,308,9,27-06-2023,Pending,12896.62
309,309,309,6,11-01-2024,Pending,7147.6
310,310,310,6,27-04-2026,Completed,12275.1
311,311,311,4,16-10-2025,Completed,8068.57
312,312,312,0,26-11-2024,Completed,10533.1
313,313,313,8,19-01-2025,Pending,13628.58
314,314,314,3,25-06-2024,Completed,8210.74
315,315,315,6,24-05-2023,Completed,56.53
316,316,316,4,19-05-2023,Completed,4325.23
317,317,317,7,29-09-2024,Pending,13361.43
318,318,318,6,18-05-2025,Completed,14898.98
319,319,319,4,19-07-2025,NA,5224.85
320,320,320,3,01-05-2025,Completed,4314.42
321,321,321,10,01-01-2024,Completed,0
322,322,322,7,16-08-2024,Cancelled,3471.8
323,323,323,2,09-01-2025,Completed,11671.81
324,324,324,0,08-12-2024,Completed,5398.02
325,325,325,6,17-11-2024,Completed,12102.2
326,326,326,0,06-04-2025,Cancelled,1738.03
327,327,327,3,15-11-2025,NA,13485.22
328,328,328,5,18-02-2024,Completed,4518.49
329,329,329,6,14-05-2024,NA,3285.16
330,330,330,9,16-07-2025,Completed,9735
331,331,331,7,04-12-2025,NA,10866.8
332,332,332,3,03-02-2025,Pending,5935.84
333,333,333,7,16-06-2023,Completed,7354.08
334,334,334,8,11-03-2026,Completed,0
335,335,335,3,02-08-2024,Cancelled,2399.98
336,336,336,10,30-11-2023,NA,11459.13
337,337,337,8,04-11-2025,NA,3801.17
338,338,338,9,19-09-2023,Completed,7490.98
339,339,339,8,24-03-2025,Pending,11047.58
340,340,340,8,22-09-2025,Completed,13002.42
341,341,341,1,22-02-2024,Completed,10807.42
342,342,342,1,16-11-2024,Completed,7514.41
343,343,343,4,01-10-2024,Completed,11779.91
344,344,344,1,17-08-2025,NA,14847.24
345,345,345,4,28-07-2025,Cancelled,11560.64
346,346,346,4,27-03-2025,Pending,8794.14
347,347,347,9,27-06-2023,Completed,14794.69
348,348,348,5,24-04-2026,NA,2491.94
349,349,349,10,07-12-2024,NA,9096.92
350,350,350,6,30-06-2025,NA,8491.26
351,351,351,4,11-01-2024,Pending,10778.26
352,352,352,3,27-07-2024,Cancelled,2480.46
353,353,353,4,29-09-2025,Completed,14438.62
354,354,354,0,02-03-2025,Pending,2688.48
355,355,355,9,16-11-2024,Completed,3764.54
356,356,356,8,22-04-2026,Completed,6087.3
357,357,357,0,10-06-2024,NA,7820.74
358,358,358,4,07-11-2025,Completed,6546.31
359,359,359,4,05-06-2024,Pending,14960.34
360,360,360,3,26-01-2024,Pending,1573.15
361,361,361,4,19-04-2026,Cancelled,10888.97
362,362,362,3,20-11-2023,Completed,13202.1
363,363,363,6,28-04-2025,NA,7013.88
364,364,364,4,25-03-2026,Completed,6888.53
365,365,365,4,03-11-2024,Pending,2450.21
366,366,366,7,20-09-2025,Cancelled,14769.74
367,367,367,4,21-06-2024,Completed,2724.23
368,368,368,8,24-07-2025,Completed,7776.36
369,369,369,5,08-05-2024,NA,10962.12
370,370,370,4,08-11-2025,Cancelled,11231.84
371,371,371,4,14-09-2023,NA,14653.52
372,372,372,8,12-07-2024,Pending,14375.26
373,373,373,0,02-09-2025,NA,1710.31
374,374,374,-2,11-05-2023,Pending,3191.83
375,375,375,3,19-07-2025,Completed,528.26
376,376,376,5,16-10-2023,Pending,7565.09
377,377,377,4,20-03-2026,Completed,2473.02
378,378,378,3,04-07-2023,NA,14638.27
379,379,379,-2,25-01-2026,Completed,4254.69
380,380,380,8,21-02-2026,Cancelled,11355.41
381,381,381,10,09-02-2024,Completed,12943.09
382,382,382,4,03-03-2025,Completed,6461.8
383,383,383,7,28-02-2026,Completed,3597.17
384,384,384,5,08-11-2024,Cancelled,12283.85
385,385,385,5,01-02-2024,Pending,3894.26
386,386,386,3,23-04-2024,Completed,12926.71
387,387,387,6,31-12-2023,Cancelled,11586.09
388,388,388,6,14-01-2025,Completed,5192.39
389,389,389,1,29-03-2025,Completed,6246.8
390,390,390,1,16-07-2023,Completed,3670.27
391,391,391,5,20-12-2024,Completed,12644.86
392,392,392,6,06-07-2023,Completed,4358.26
393,393,393,4,17-03-2024,Completed,3408.5
394,394,394,8,30-04-2025,Pending,11343.94
395,395,395,9,09-10-2023,Completed,14742.86
396,396,396,3,01-03-2024,Completed,6978.18
397,397,397,6,22-11-2023,Pending,4600.91
398,398,398,10,21-08-2023,Cancelled,3107.3
399,399,399,1,01-10-2025,NA,2587.86
400,400,400,9,13-06-2025,Pending,0
401,401,401,5,03-12-2024,Pending,10182.7
402,402,402,4,26-01-2025,Completed,9621.14
403,403,403,8,13-11-2023,Completed,1091.99
404,404,404,9,11-05-2025,Completed,10408.31
405,405,405,0,17-08-2025,Completed,7164.32
406,406,406,6,06-05-2025,Completed,6949.16
407,407,407,8,03-10-2024,Cancelled,12078.41
408,408,408,-2,01-09-2023,NA,7496.94
409,409,409,0,22-08-2025,NA,14380.88
410,410,410,4,26-04-2026,Completed,3591.42
411,411,411,-2,18-07-2024,Cancelled,5194.58
412,412,412,-2,26-01-2025,NA,14457.45
413,413,413,-2,19-01-2024,Completed,5680.28
414,414,414,1,11-04-2025,NA,2338.03
415,415,415,9,30-04-2024,NA,12061.71
416,416,416,-2,27-11-2023,Cancelled,14213.83
417,417,417,6,02-07-2025,Pending,1019.03
418,418,418,8,24-07-2025,NA,8908.79
419,419,419,-2,08-02-2025,Pending,10751.35
420,420,420,3,12-02-2025,Completed,8506.25
421,421,421,2,25-02-2024,Completed,7675.42
422,422,422,1,09-05-2025,Pending,2618.82
423,423,423,7,21-01-2024,Cancelled,6246.65
424,424,424,2,29-03-2026,Completed,8673.35
425,425,425,0,05-12-2023,Completed,3190.52
426,426,426,2,23-03-2024,NA,12848.16
427,427,427,-2,21-01-2024,Pending,9914.59
428,428,428,8,08-05-2023,NA,268.78
429,429,429,7,15-02-2025,Cancelled,9796.42
430,430,430,4,04-04-2024,Completed,3121.74
431,431,431,6,22-05-2025,Completed,608.05
432,432,432,10,14-07-2025,Completed,1963.02
433,433,433,4,25-03-2025,Completed,5310.44
434,434,434,-2,19-08-2025,NA,11668.93
435,435,435,6,24-06-2024,Pending,6217.44
436,436,436,0,22-09-2023,Pending,11954.24
437,437,437,2,05-03-2026,Pending,13062.83
438,438,438,7,24-02-2025,Pending,6857.04
439,439,439,4,07-10-2023,NA,11672.69
440,440,440,4,19-08-2023,NA,11753.29
441,441,441,4,29-09-2024,NA,10704.47
442,442,442,6,22-05-2023,Completed,7741.76
443,443,443,-2,10-03-2024,Pending,9440.91
444,444,444,3,23-04-2024,Completed,0
445,445,445,7,25-01-2024,Pending,7225.05
446,446,446,7,24-08-2024,Cancelled,6499.97
447,447,447,8,01-11-2024,NA,9504.16
448,448,448,5,07-11-2024,Completed,7378.26
449,449,449,4,14-07-2023,Pending,11653.43
450,450,450,4,06-01-2024,Pending,8589.11
451,451,451,7,25-08-2024,NA,7665.04
452,452,452,7,23-07-2025,Pending,10875.49
453,453,453,3,24-06-2025,Pending,3530.45
454,454,454,2,09-07-2025,Completed,9988.11
455,455,455,1,09-11-2025,Cancelled,0
456,456,456,1,09-01-2025,Cancelled,13700.27
457,457,457,6,08-09-2023,NA,9409.41
458,458,458,4,02-10-2025,Pending,12675.19
459,459,459,5,16-07-2023,NA,203.91
460,460,460,3,31-12-2024,Completed,10588.62
461,461,461,6,18-01-2026,Completed,6527.18
462,462,462,3,27-05-2024,Cancelled,3855.02
463,463,463,8,26-11-2024,Completed,7479.88
464,464,464,2,29-01-2026,Completed,9520.69
465,465,465,2,22-06-2023,NA,13499.66
466,466,466,9,27-01-2024,Completed,10478.2
467,467,467,2,01-04-2026,Completed,9791.18
468,468,468,10,18-04-2026,Cancelled,11242.49
469,469,469,2,23-02-2026,Pending,9272.68
470,470,470,5,30-11-2023,Completed,8134.19
471,471,471,0,19-11-2023,NA,308.74
472,472,472,5,14-06-2025,Completed,6953.52
473,473,473,10,11-06-2025,Pending,13326.71
474,474,474,3,04-02-2026,Completed,9343.88
475,475,475,4,27-12-2025,Cancelled,2781.17
476,476,476,0,19-06-2023,Completed,10533.78
477,477,477,7,21-05-2025,Completed,9983.01
478,478,478,4,31-03-2025,Pending,13999.42
479,479,479,1,09-10-2023,Completed,10606.59
480,480,480,-2,02-03-2026,Completed,2929.9
481,481,481,9,24-08-2025,Completed,6799.15
482,482,482,4,27-07-2025,Pending,0
483,483,483,9,02-10-2023,NA,5260.36
484,484,484,4,04-05-2024,Completed,14784.65
485,485,485,5,12-10-2025,Completed,8689.72
486,486,486,10,22-08-2025,NA,5536.42
487,487,487,4,16-10-2023,Cancelled,7572.11
488,488,488,2,19-06-2025,Completed,8330.23
489,489,489,1,21-11-2023,Pending,11696.88
490,490,490,4,29-11-2025,Pending,11191.95
491,491,491,0,28-11-2024,Completed,7821.85
492,492,492,-2,27-06-2023,Pending,6911.64
493,493,493,7,07-09-2023,Completed,1776.73
494,494,494,3,10-05-2023,NA,2999.29
495,495,495,4,25-04-2026,Completed,13122.12
496,496,496,6,18-12-2025,Completed,12867.2
497,497,497,2,31-05-2025,Completed,14118.01
498,498,498,8,14-02-2025,Pending,3696.98
499,499,499,10,29-03-2024,Cancelled,6778.36
500,500,500,5,11-10-2025,NA,0
501,501,501,-2,23-03-2024,NA,10196.02
502,502,502,1,06-07-2023,NA,13111.49
503,503,503,9,16-03-2024,Pending,1616.68
504,504,504,0,31-07-2024,Completed,9907.29
505,505,505,0,18-06-2024,Cancelled,2605.53
506,506,506,5,08-10-2023,Pending,11012.67
507,507,507,-2,28-10-2024,Pending,6814.61
508,508,508,-2,08-10-2024,NA,11574.19
509,509,509,2,24-04-2024,NA,9949.18
510,510,510,2,23-11-2023,Completed,1008.51
511,511,511,-2,24-07-2024,Completed,12151.97
512,512,512,0,13-02-2026,Completed,10315.73
513,513,513,10,28-07-2024,NA,195.87
514,514,514,5,03-05-2024,Completed,1728.33
515,515,515,10,23-11-2025,Completed,6324.58
516,516,516,9,26-06-2023,Completed,3463.86
517,517,517,9,02-02-2025,Completed,8646.53
518,518,518,8,10-05-2025,Cancelled,283.85
519,519,519,4,03-10-2025,Completed,8989.43
520,520,520,4,17-02-2024,Completed,5386.89
521,521,521,7,16-04-2026,Completed,8275.76
522,522,522,5,29-07-2023,NA,9997.97
523,523,523,5,08-04-2025,Completed,6136.65
524,524,524,0,08-11-2024,Completed,2843.88
525,525,525,1,15-06-2024,Cancelled,825.11
526,526,526,0,21-06-2024,Pending,4682.08
527,527,527,9,07-05-2024,Completed,12061.25
528,528,528,3,09-11-2024,Cancelled,1829.58
529,529,529,1,10-02-2025,Completed,9416
530,530,530,2,05-06-2025,NA,2257.88
531,531,531,4,02-03-2026,Completed,11161.19
532,532,532,7,16-01-2024,Completed,12322.2
533,533,533,0,20-09-2024,Pending,4907.8
534,534,534,0,24-02-2025,Completed,11360.76
535,535,535,5,04-04-2025,Pending,7295.65
536,536,536,5,30-04-2025,Cancelled,4078.71
537,537,537,-2,20-07-2023,Cancelled,1623.59
538,538,538,8,15-11-2024,NA,3235.78
539,539,539,4,23-04-2026,Completed,6767.09
540,540,540,7,04-05-2024,Cancelled,13389.5
541,541,541,1,25-10-2025,Completed,5592
542,542,542,1,20-02-2024,Cancelled,9333.72
543,543,543,1,22-12-2024,Cancelled,10272.83
544,544,544,-2,27-05-2025,Completed,14050.85
545,545,545,7,23-08-2024,Cancelled,6523.59
546,546,546,4,03-10-2024,Cancelled,8933.76
547,547,547,9,29-10-2023,Completed,61.16
548,548,548,10,30-10-2024,Cancelled,5054.08
549,549,549,1,13-02-2025,Completed,1779.23
550,550,550,3,29-08-2024,Completed,5988.34
551,551,551,2,20-10-2024,Cancelled,1650.71
552,552,552,0,10-04-2025,Pending,2555.73
553,553,553,0,05-03-2025,NA,14276.74
554,554,554,6,03-11-2023,Pending,8517.46
555,555,555,6,04-12-2025,Completed,14208.93
556,556,556,10,24-08-2024,Completed,13349.76
557,557,557,6,28-02-2024,Completed,13563.26
558,558,558,10,17-09-2023,Cancelled,9124.96
559,559,559,4,31-10-2025,Completed,2977.44
560,560,560,4,03-03-2026,Pending,2773.96
561,561,561,1,14-09-2023,Cancelled,14485.96
562,562,562,7,18-01-2024,NA,4010.29
563,563,563,4,24-04-2026,Completed,10186.11
564,564,564,2,07-10-2025,NA,5350.02
565,565,565,8,03-09-2025,Completed,1817.12
566,566,566,7,07-07-2025,Pending,11636.44
567,567,567,9,30-08-2024,Cancelled,6503.99
568,568,568,3,31-01-2024,Cancelled,0
569,569,569,4,23-11-2024,NA,7656.59
570,570,570,-2,01-04-2025,Completed,8219.77
571,571,571,10,18-05-2024,NA,1953.81
572,572,572,2,02-10-2023,Completed,6447.47
573,573,573,-2,04-04-2025,Completed,8254.42
574,574,574,8,27-02-2024,Cancelled,8715.1
575,575,575,2,28-04-2025,Pending,1264.63
576,576,576,6,04-06-2024,Cancelled,2827.39
577,577,577,9,19-12-2025,Completed,11007.01
578,578,578,7,28-08-2025,NA,4780.23
579,579,579,4,02-05-2026,Cancelled,11425.91
580,580,580,2,27-07-2024,Cancelled,0
581,581,581,4,08-07-2023,NA,6528.75
582,582,582,4,22-02-2026,Cancelled,0
583,583,583,1,13-10-2025,Completed,14368.93
584,584,584,4,25-05-2023,NA,3856.92
585,585,585,7,07-03-2024,Completed,6895.91
586,586,586,-2,11-11-2024,Cancelled,3936.6
587,587,587,7,26-03-2024,NA,5653.7
588,588,588,6,31-07-2024,Completed,10159.7
589,589,589,1,11-09-2023,Completed,11702.15
590,590,590,4,18-03-2026,NA,9064.42
591,591,591,2,21-04-2026,Cancelled,8759.78
592,592,592,3,14-06-2023,Pending,6871.56
593,593,593,6,11-03-2026,Cancelled,2086.51
594,594,594,0,25-05-2025,NA,3336.14
595,595,595,9,24-11-2025,NA,1925.73
596,596,596,3,28-06-2023,Completed,13781.76
597,597,597,2,27-06-2025,NA,2879.96
598,598,598,4,05-04-2026,Cancelled,4756.04
599,599,599,4,14-05-2025,NA,13716.52
600,600,600,5,13-05-2024,NA,13611.8
601,601,601,10,09-10-2024,NA,5440.05
602,602,602,6,19-03-2025,Completed,6903.17
603,603,603,4,17-10-2025,Completed,9227.73
604,604,604,2,19-01-2026,Completed,10007.1
605,605,605,6,25-02-2024,Cancelled,9767.76
606,606,606,4,30-08-2023,Completed,1100.84
607,607,607,5,15-10-2024,Completed,1242.74
608,608,608,9,28-02-2024,NA,12536.26
609,609,609,-2,17-05-2025,Pending,1164.17
610,610,610,9,13-08-2024,Cancelled,725.81
611,611,611,9,14-10-2025,Cancelled,7672.13
612,612,612,4,13-02-2024,Pending,14429.54
613,613,613,-2,26-03-2026,Completed,7808.2
614,614,614,0,18-07-2025,Completed,10640.61
615,615,615,1,28-10-2023,NA,14502.27
616,616,616,-2,12-08-2024,Completed,4292.66
617,617,617,5,21-11-2024,Completed,10458.38
618,618,618,5,13-03-2025,Cancelled,13427.3
619,619,619,3,02-05-2024,Completed,4028.45
620,620,620,1,29-01-2024,NA,11089.88
621,621,621,-2,16-08-2023,Cancelled,3065.32
622,622,622,5,04-05-2026,Completed,5247.52
623,623,623,1,09-01-2026,NA,8319.45
624,624,624,4,16-08-2023,Completed,83.54
625,625,625,-2,07-08-2025,Pending,9654.32
626,626,626,2,17-05-2025,Cancelled,7551.83
627,627,627,0,05-01-2025,NA,7885.07
628,628,628,5,01-08-2025,NA,472.9
629,629,629,-2,28-04-2026,Pending,1313.62
630,630,630,3,14-10-2024,NA,3109.71
631,631,631,7,25-10-2023,Cancelled,13239.16
632,632,632,-2,09-03-2024,Pending,12418.21
633,633,633,4,23-01-2025,NA,3570.03
634,634,634,6,26-07-2025,Cancelled,0
635,635,635,6,30-01-2026,Completed,607.78
636,636,636,5,22-04-2024,Cancelled,14133.18
637,637,637,7,25-10-2025,NA,7293.75
638,638,638,1,26-11-2025,Completed,14634.7
639,639,639,7,06-07-2025,Pending,14285.03
640,640,640,3,20-06-2025,Completed,0
641,641,641,1,11-05-2025,Completed,2695.18
642,642,642,-2,15-03-2026,Pending,1899.33
643,643,643,4,04-09-2023,Completed,732.48
644,644,644,-2,22-03-2026,Completed,2921.74
645,645,645,1,25-06-2024,NA,14889.38
646,646,646,1,05-12-2024,NA,7662.75
647,647,647,1,28-08-2024,NA,9579.78
648,648,648,1,12-07-2025,NA,2342.1
649,649,649,1,27-04-2025,Cancelled,13622.06
650,650,650,3,04-03-2025,Completed,2898.99
651,651,651,3,18-10-2023,Completed,13493.16
652,652,652,1,15-03-2025,Completed,1311.47
653,653,653,4,27-03-2024,Completed,157.94
654,654,654,10,01-04-2025,Pending,9849.99
655,655,655,9,08-03-2026,Completed,12150.86
656,656,656,7,03-12-2025,Completed,7364.65
657,657,657,-2,24-11-2025,Completed,5604.29
658,658,658,5,25-06-2024,Completed,1398.33
659,659,659,-2,31-05-2023,Pending,8220.57
660,660,660,9,17-05-2025,Pending,12060.94
661,661,661,1,05-10-2025,NA,8782.18
662,662,662,9,07-08-2023,Pending,10834.69
663,663,663,6,30-03-2025,Completed,10097.56
664,664,664,4,10-03-2024,Completed,9948.36
665,665,665,6,22-08-2025,Completed,6363.88
666,666,666,2,04-06-2025,Cancelled,10400.47
667,667,667,4,25-12-2024,Completed,3700.02
668,668,668,2,08-04-2026,NA,10079.36
669,669,669,8,17-04-2026,Completed,1252.66
670,670,670,7,01-07-2024,Cancelled,354.48
671,671,671,8,28-05-2023,Cancelled,4361.83
672,672,672,8,13-04-2026,Pending,3993.45
673,673,673,-2,01-12-2024,Completed,10171.17
674,674,674,6,08-06-2025,Completed,11530.75
675,675,675,9,26-08-2023,Completed,14137
676,676,676,4,31-08-2023,NA,14682.14
677,677,677,5,26-07-2024,Cancelled,4809.34
678,678,678,2,16-10-2023,Completed,8797.35
679,679,679,7,21-05-2025,Completed,2378.27
680,680,680,7,07-02-2026,Completed,9855.61
681,681,681,5,07-03-2026,NA,10577.98
682,682,682,8,18-09-2023,Cancelled,7730.94
683,683,683,-2,18-01-2026,Completed,6058.9
684,684,684,1,01-08-2023,Completed,11059.13
685,685,685,7,11-12-2023,Cancelled,4141.6
686,686,686,3,01-02-2026,NA,1858.78
687,687,687,4,03-06-2023,Completed,2681.84
688,688,688,9,29-03-2024,Completed,9809.78
689,689,689,8,27-09-2025,Completed,10424.3
690,690,690,4,01-07-2023,Completed,11009.58
691,691,691,2,19-05-2024,Pending,9522.15
692,692,692,1,03-09-2025,Completed,9311.51
693,693,693,9,14-06-2024,NA,4715.99
694,694,694,8,25-05-2023,Completed,6247.34
695,695,695,9,19-06-2025,NA,1450.84
696,696,696,1,21-02-2026,Cancelled,13506.85
697,697,697,1,13-02-2024,Completed,14130.98
698,698,698,3,24-06-2024,NA,13272.51
699,699,699,3,22-11-2025,Completed,6051.68
700,700,700,-2,09-03-2025,Completed,13794.28
701,701,701,3,29-11-2025,Completed,6229.19
702,702,702,4,23-05-2025,Pending,4650.25
703,703,703,4,06-01-2026,Completed,4865.33
704,704,704,9,15-08-2024,Pending,13781.78
705,705,705,3,28-10-2025,Completed,9996.26
706,706,706,7,25-08-2023,Pending,2712.73
707,707,707,10,01-06-2024,Completed,3540.07
708,708,708,6,13-09-2025,Completed,7916.99
709,709,709,-2,16-04-2026,Completed,14099.7
710,710,710,2,28-02-2024,NA,14953.08
711,711,711,2,06-12-2024,Completed,7254.83
712,712,712,4,28-05-2025,Completed,9731.45
713,713,713,7,29-03-2026,NA,13984.19
714,714,714,5,08-10-2025,Pending,14185.69
715,715,715,4,02-06-2023,Cancelled,7427.31
716,716,716,2,25-01-2025,NA,12372.98
717,717,717,2,19-07-2023,Completed,10924.77
718,718,718,1,27-11-2023,Completed,7629.01
719,719,719,2,12-12-2024,Completed,6249.55
720,720,720,7,22-05-2023,Pending,12069.72
721,721,721,4,04-09-2024,Cancelled,6041.79
722,722,722,10,29-10-2025,NA,1589.8
723,723,723,7,04-08-2025,Pending,9301.58
724,724,724,6,08-01-2024,Completed,11586.84
725,725,725,9,03-03-2024,Completed,7566.77
726,726,726,4,25-11-2023,Cancelled,8131.64
727,727,727,6,25-11-2023,Cancelled,13602.51
728,728,728,0,19-07-2025,Pending,4069.8
729,729,729,0,21-03-2026,Cancelled,11333.01
730,730,730,6,07-09-2025,Pending,6538.78
731,731,731,4,22-05-2023,Cancelled,10388.97
732,732,732,6,07-06-2025,Completed,11496.15
733,733,733,6,17-09-2025,Completed,11689.5
734,734,734,1,13-12-2025,Pending,14006
735,735,735,6,03-04-2024,Cancelled,6030.58
736,736,736,-2,05-07-2023,NA,12948.44
737,737,737,3,20-04-2026,Pending,10072.08
738,738,738,6,17-01-2025,NA,5106.04
739,739,739,10,02-02-2024,Pending,13730.6
740,740,740,6,07-12-2023,NA,14511.61
741,741,741,-2,16-11-2025,Pending,6209.37
742,742,742,9,04-08-2025,Completed,2415.84
743,743,743,6,07-09-2023,NA,8115.74
744,744,744,1,06-08-2023,Pending,556.57
745,745,745,5,24-05-2023,NA,9662.67
746,746,746,3,13-03-2024,NA,9484.59
747,747,747,10,30-05-2023,Cancelled,7411.97
748,748,748,9,11-03-2025,Pending,3724.5
749,749,749,5,21-09-2023,Pending,11632.77
750,750,750,4,24-07-2025,Cancelled,4373.65
751,751,751,4,29-05-2025,Cancelled,1573.11
752,752,752,0,02-07-2023,Pending,10188.53
753,753,753,8,25-07-2024,Cancelled,7578.99
754,754,754,10,23-05-2024,NA,13813
755,755,755,-2,20-08-2024,Cancelled,6124.61
756,756,756,4,07-08-2024,Completed,4610.34
757,757,757,6,03-07-2023,Completed,6793.92
758,758,758,9,24-03-2024,Completed,11027.43
759,759,759,8,15-07-2025,Completed,4436
760,760,760,1,23-09-2025,Completed,3422.32
761,761,761,5,08-01-2025,Pending,6920.93
762,762,762,7,30-12-2025,Completed,10243.23
763,763,763,3,04-04-2025,Cancelled,0
764,764,764,-2,07-08-2024,Pending,0
765,765,765,9,14-09-2024,Completed,11375.04
766,766,766,1,01-11-2025,Completed,2292.16
767,767,767,1,24-10-2025,Pending,8857.22
768,768,768,4,01-11-2025,Cancelled,13640.36
769,769,769,-2,18-06-2024,Completed,13347.34
770,770,770,0,28-06-2025,Completed,9180.98
771,771,771,8,16-04-2025,Cancelled,12867.14
772,772,772,-2,07-09-2023,Completed,8192.19
773,773,773,1,06-05-2023,Completed,8251.18
774,774,774,4,11-12-2023,Completed,11527.4
775,775,775,1,30-09-2025,Pending,8263.82
776,776,776,4,06-08-2023,Pending,11057.7
777,777,777,0,27-02-2025,Cancelled,841.09
778,778,778,2,03-03-2025,Pending,11128.05
779,779,779,3,04-06-2025,NA,13722.31
780,780,780,8,30-12-2024,Cancelled,11311.62
781,781,781,3,15-09-2023,Completed,14518.3
782,782,782,2,07-02-2024,Completed,10536.69
783,783,783,5,11-01-2026,Pending,4906.06
784,784,784,7,18-10-2023,Cancelled,2051.1
785,785,785,4,23-03-2025,Completed,7033.89
786,786,786,9,09-08-2023,NA,10367.66
787,787,787,0,24-05-2023,Pending,2063.66
788,788,788,9,02-02-2026,Pending,1983.89
789,789,789,10,29-04-2026,Cancelled,11424.56
790,790,790,2,13-02-2024,Pending,6637.68
791,791,791,7,13-03-2024,NA,4181.81
792,792,792,6,12-04-2024,Pending,11052.19
793,793,793,7,13-05-2024,Completed,4454.33
794,794,794,7,13-12-2024,NA,2418.6
795,795,795,1,15-10-2024,Completed,11515.57
796,796,796,0,02-03-2025,Completed,7047.93
797,797,797,4,24-09-2024,Cancelled,12654.73
798,798,798,2,15-04-2026,Cancelled,9536.05
799,799,799,7,08-01-2026,NA,5748.16
800,800,800,4,05-12-2024,Completed,2617.33
801,801,801,1,03-09-2025,NA,14484.19
802,802,802,8,25-03-2025,Completed,4103.8
803,803,803,4,16-01-2024,Pending,6342.89
804,804,804,8,08-09-2023,NA,10825.44
805,805,805,5,15-11-2024,Pending,2664.4
806,806,806,9,22-08-2025,Cancelled,9750.28
807,807,807,9,27-11-2024,NA,8692.75
808,808,808,10,06-01-2025,Pending,3571.03
809,809,809,4,14-03-2026,Pending,11676.81
810,810,810,4,26-06-2025,Completed,10629.17
811,811,811,9,02-04-2026,Completed,11574.99
812,812,812,9,22-09-2024,Cancelled,4622.38
813,813,813,10,01-01-2024,Completed,3477.42
814,814,814,7,16-09-2024,Pending,13664.08
815,815,815,8,26-10-2024,Completed,1017.89
816,816,816,0,15-09-2023,Completed,2382.35
817,817,817,0,04-11-2024,Completed,14878.44
818,818,818,7,19-01-2026,Cancelled,9942.66
819,819,819,8,14-04-2025,Cancelled,4395.4
820,820,820,8,25-07-2023,Completed,3059.95
821,821,821,6,14-03-2026,Pending,13590.87
822,822,822,0,16-08-2023,Pending,11391.04
823,823,823,9,20-06-2023,Pending,1126
824,824,824,4,20-04-2024,Completed,8194.8
825,825,825,4,29-08-2023,NA,12599.39
826,826,826,5,18-02-2025,Cancelled,973.63
827,827,827,4,25-10-2024,Completed,9842.04
828,828,828,6,19-11-2023,Completed,7444.61
829,829,829,6,10-01-2026,Pending,4356.96
830,830,830,1,12-10-2023,NA,12119.34
831,831,831,1,10-04-2025,Completed,5624.62
832,832,832,-2,04-11-2023,Pending,6794.75
833,833,833,10,12-07-2025,Cancelled,4459.19
834,834,834,2,01-04-2025,Completed,3834.11
835,835,835,6,27-10-2023,Cancelled,5006.72
836,836,836,4,11-10-2025,Cancelled,5999.71
837,837,837,3,03-03-2025,Completed,8628.81
838,838,838,3,09-02-2026,Cancelled,9871.88
839,839,839,10,29-11-2023,Completed,10698.79
840,840,840,5,19-01-2026,NA,8247.25
841,841,841,4,10-12-2024,Cancelled,3726.9
842,842,842,-2,06-02-2025,Cancelled,12087.32
843,843,843,4,26-11-2024,Pending,1863.82
844,844,844,10,13-06-2024,NA,10606.08
845,845,845,1,14-09-2023,Completed,0
846,846,846,8,23-05-2023,Pending,3384.03
847,847,847,2,23-05-2024,Pending,10817.99
848,848,848,0,05-09-2023,Cancelled,11417.47
849,849,849,0,26-01-2025,Completed,10343.39
850,850,850,3,03-11-2023,NA,13165.3
851,851,851,6,11-07-2025,Completed,12758.79
852,852,852,8,15-04-2026,Pending,3524.82
853,853,853,9,03-08-2025,Cancelled,9663.55
854,854,854,0,09-06-2024,Pending,6995.41
855,855,855,2,25-03-2026,Completed,10321.86
856,856,856,3,27-07-2025,Cancelled,8340.16
857,857,857,0,05-06-2025,Cancelled,13761.29
858,858,858,1,07-08-2024,Pending,4995.15
859,859,859,-2,25-07-2023,Completed,5111.79
860,860,860,6,28-01-2024,Completed,8017.07
861,861,861,4,27-10-2025,Pending,4913.81
862,862,862,8,31-10-2023,Pending,14382.05
863,863,863,10,29-06-2023,NA,13581.02
864,864,864,-2,23-05-2025,Pending,12756.87
865,865,865,0,25-07-2023,Cancelled,8742.94
866,866,866,8,03-01-2024,Pending,4390.5
867,867,867,0,25-12-2023,Completed,942.15
868,868,868,6,01-04-2025,Completed,14409.64
869,869,869,0,17-01-2026,Cancelled,7225.35
870,870,870,-2,10-08-2025,NA,6051.35
871,871,871,4,11-07-2023,NA,13758.02
872,872,872,6,24-11-2024,Completed,6357.06
873,873,873,6,17-05-2025,Cancelled,8638.54
874,874,874,6,19-03-2025,NA,3504.4
875,875,875,4,04-05-2026,NA,3772.11
876,876,876,-2,17-11-2025,NA,10130.86
877,877,877,8,19-08-2023,NA,10357.14
878,878,878,9,28-01-2024,Cancelled,14105.12
879,879,879,10,12-05-2023,NA,4232.34
880,880,880,5,10-10-2024,NA,992.23
881,881,881,8,21-02-2024,NA,9733.17
882,882,882,3,30-01-2025,Pending,4530.47
883,883,883,5,29-06-2023,NA,13457.52
884,884,884,6,23-10-2023,Pending,12893.77
885,885,885,6,01-05-2025,NA,4891.27
886,886,886,6,26-01-2024,Pending,9614.55
887,887,887,2,20-03-2026,Completed,4182.78
888,888,888,9,13-10-2025,Pending,6709.07
889,889,889,-2,18-11-2024,NA,6056.34
890,890,890,1,12-08-2023,Completed,6914.29
891,891,891,0,02-09-2023,Pending,6885.3
892,892,892,4,11-11-2025,NA,1622.59
893,893,893,10,11-08-2023,Completed,3924.79
894,894,894,4,09-04-2026,NA,8574.9
895,895,895,-2,03-11-2023,NA,12810.95
896,896,896,3,13-06-2023,Completed,3382.5
897,897,897,1,12-09-2023,Pending,3876.87
898,898,898,5,28-09-2024,Completed,0
899,899,899,5,16-03-2026,NA,2386.93
900,900,900,6,03-08-2023,Completed,6626.65
901,901,901,0,10-02-2026,NA,0
902,902,902,0,27-01-2026,NA,11330.68
903,903,903,6,05-05-2026,NA,4568.11
904,904,904,5,07-12-2023,NA,9165.28
905,905,905,7,07-10-2025,Completed,10590.57
906,906,906,9,27-02-2025,Completed,10391.39
907,907,907,5,26-01-2025,NA,9433.55
908,908,908,6,26-09-2025,Completed,11792.64
909,909,909,2,14-12-2023,Pending,8776.76
910,910,910,5,20-05-2024,Pending,338.47
911,911,911,9,02-07-2023,Completed,10489.75
912,912,912,3,19-09-2024,NA,14807.7
913,913,913,4,13-06-2024,NA,1152.23
914,914,914,-2,30-06-2025,Pending,11096.33
915,915,915,10,20-03-2024,Pending,5135.79
916,916,916,5,29-05-2023,Completed,14284.95
917,917,917,5,05-06-2025,Completed,4568.22
918,918,918,9,24-10-2025,Completed,0
919,919,919,4,14-12-2024,Cancelled,2247.81
920,920,920,6,28-11-2023,Pending,10446.77
921,921,921,4,02-02-2024,Cancelled,7033.56
922,922,922,4,04-12-2024,Completed,9456.01
923,923,923,2,05-02-2026,Cancelled,14946.13
924,924,924,4,22-03-2024,NA,13047.58
925,925,925,3,19-07-2023,NA,703
926,926,926,0,05-11-2024,NA,7731.21
927,927,927,0,24-08-2025,Completed,6929.21
928,928,928,0,18-08-2025,NA,3939.95
929,929,929,9,09-04-2026,Completed,13186.58
930,930,930,6,13-12-2023,NA,14027.54
931,931,931,1,14-02-2025,Cancelled,11931.39
932,932,932,9,19-06-2023,Completed,6226.25
933,933,933,10,05-06-2023,Completed,12479.01
934,934,934,2,18-06-2024,Completed,6448.24
935,935,935,3,23-03-2026,Pending,10737.56
936,936,936,2,29-10-2023,Pending,10716.73
937,937,937,4,04-08-2024,Pending,8699.25
938,938,938,3,11-01-2024,Completed,11039.7
939,939,939,9,08-01-2024,Pending,13101.01
940,940,940,1,25-10-2025,Completed,1267.08
941,941,941,1,23-04-2024,Completed,4495.13
942,942,942,9,04-11-2025,Cancelled,9121.85
943,943,943,10,18-12-2024,Completed,9072.46
944,944,944,8,27-11-2023,NA,13471.41
945,945,945,0,15-08-2025,Completed,4488.77
946,946,946,4,02-09-2023,Cancelled,0
947,947,947,8,21-07-2025,Completed,12903.16
948,948,948,8,09-11-2024,Completed,4826.05
949,949,949,6,22-09-2025,Completed,456.1
950,950,950,8,06-06-2023,Completed,8178.17
951,951,951,5,13-09-2025,Completed,13050.74
952,952,952,4,26-06-2025,NA,6539.66
953,953,953,3,20-04-2025,Completed,12126.7
954,954,954,2,21-06-2025,Completed,10072.82
955,955,955,2,18-10-2025,Completed,3020.5
956,956,956,10,29-11-2024,Pending,1476.11
957,957,957,7,14-05-2025,Completed,8598.35
958,958,958,7,03-03-2024,Completed,6222.27
959,959,959,4,28-07-2023,Completed,10294.89
960,960,960,8,20-10-2023,Pending,14844.47
961,961,961,10,05-06-2023,Completed,11506.99
962,962,962,6,27-06-2023,NA,12381.18
963,963,963,4,05-02-2025,Completed,10736.91
964,964,964,2,25-03-2024,Completed,4817
965,965,965,8,28-12-2024,Completed,13916.57
966,966,966,-2,27-08-2025,Pending,4269.28
967,967,967,4,08-10-2024,NA,10540.36
968,968,968,8,13-04-2024,Completed,13773.76
969,969,969,4,26-12-2023,Cancelled,4688.27
970,970,970,5,23-04-2025,Completed,12807.33
971,971,971,4,08-10-2024,NA,8603.54
972,972,972,9,09-05-2024,Completed,13889.45
973,973,973,3,27-09-2025,Completed,13121.84
974,974,974,7,12-09-2025,NA,2579.72
975,975,975,8,22-08-2024,Completed,14441.76
976,976,976,0,11-12-2025,Completed,6131.65
977,977,977,2,10-08-2024,Pending,7052.31
978,978,978,4,18-06-2024,Pending,5219.7
979,979,979,4,20-08-2023,Completed,5464.7
980,980,980,8,21-07-2025,Completed,8748.87
981,981,981,3,06-04-2026,NA,656.07
982,982,982,7,16-10-2025,Completed,6438.8
983,983,983,7,27-09-2023,NA,805.04
984,984,984,10,06-04-2024,NA,11702.61
985,985,985,5,24-06-2023,Completed,7176.95
986,986,986,6,27-08-2025,Pending,0
987,987,987,8,02-12-2025,Cancelled,11030.45
988,988,988,7,01-04-2024,NA,6674.98
989,989,989,6,28-09-2024,Cancelled,7858.32
990,990,990,5,28-11-2025,NA,175.04
991,991,991,5,29-03-2025,Cancelled,3647.96
992,992,992,10,28-08-2023,Completed,5037.68
993,993,993,7,24-07-2024,Cancelled,3503.86
994,994,994,7,28-11-2023,Cancelled,7169.59
995,995,995,0,04-04-2025,Completed,7332.01
996,996,996,3,16-01-2025,Completed,14618.33
997,997,997,10,01-04-2025,Cancelled,5493.92
998,998,998,4,09-03-2025,Completed,8739.83
999,999,999,0,06-07-2025,Completed,11517.74
1000,1000,1000,5,23-06-2024,Pending,10208.02
1001,1001,1001,1,30-05-2024,Pending,245.82
1002,1002,1002,9,18-12-2025,Completed,2885.71
1003,1003,1003,7,24-09-2023,Completed,8071.38
1004,1004,1004,3,25-09-2025,Completed,9269.41
1005,1005,1005,1,23-10-2025,Completed,6584.59
1006,1006,1006,3,24-09-2025,Completed,7582.48
1007,1007,1007,4,03-06-2024,Completed,12032.83
1008,1008,1008,1,10-03-2025,Completed,12899.8
1009,1009,1009,8,17-01-2026,Cancelled,7227.66
1010,1010,1010,8,23-08-2025,NA,2645.41
1011,1011,1011,10,20-12-2025,Completed,3097.81
1012,1012,1012,4,09-07-2024,Pending,0
1013,1013,1013,2,15-01-2025,NA,11183.69
1014,1014,1014,4,26-04-2024,NA,1585.16
1015,1015,1015,8,19-01-2024,Pending,45.79
1016,1016,1016,4,08-04-2026,Completed,12023.58
1017,1017,1017,4,27-05-2025,Pending,1158.09
1018,1018,1018,3,05-12-2024,Completed,1159.67
1019,1019,1019,7,02-04-2024,Completed,7008.56
1020,1020,1020,4,07-08-2023,Pending,7000.87
1021,1021,1021,3,05-10-2023,Completed,12762.32
1022,1022,1022,3,27-05-2025,Cancelled,12961.81
1023,1023,1023,8,27-09-2023,Cancelled,8430.78
1024,1024,1024,-2,26-12-2023,NA,7991.27
1025,1025,1025,5,11-08-2025,Cancelled,11217.29
1026,1026,1026,-2,11-12-2024,Pending,3160.61
1027,1027,1027,2,15-11-2025,Cancelled,8007.1
1028,1028,1028,4,17-08-2025,Completed,9332.71
1029,1029,1029,1,31-12-2023,Completed,10875.46
1030,1030,1030,5,05-02-2025,NA,6498.59
1031,1031,1031,5,01-05-2025,Pending,13175.55
1032,1032,1032,5,15-02-2024,Cancelled,6640.23
1033,1033,1033,9,15-04-2025,Completed,10900.31
1034,1034,1034,0,18-02-2026,Completed,4094.53
1035,1035,1035,4,16-09-2025,Completed,2976.12
1036,1036,1036,10,26-03-2024,Completed,12091.52
1037,1037,1037,3,25-08-2025,Completed,7857.9
1038,1038,1038,8,14-04-2025,Pending,10876.26
1039,1039,1039,6,25-08-2023,Completed,6142.46
1040,1040,1040,7,13-07-2025,Completed,1422.11
1041,1041,1041,2,20-07-2025,Completed,14052.69
1042,1042,1042,0,19-09-2023,Pending,12837.1
1043,1043,1043,-2,25-09-2024,Cancelled,10460.7
1044,1044,1044,3,24-08-2023,Cancelled,5998.79
1045,1045,1045,7,17-05-2025,Pending,10130.6
1046,1046,1046,2,03-05-2024,Cancelled,6600.25
1047,1047,1047,-2,02-04-2026,NA,10854.43
1048,1048,1048,0,29-03-2024,Completed,14327.33
1049,1049,1049,2,02-09-2023,NA,7612.56
1050,1050,1050,5,03-08-2025,Pending,3732.14
1051,1051,1051,10,09-12-2024,Completed,14235.15
1052,1052,1052,9,23-07-2025,Cancelled,11465.77
1053,1053,1053,6,24-01-2026,Completed,3245.23
1054,1054,1054,-2,01-06-2023,Pending,11106.16
1055,1055,1055,4,14-04-2024,Completed,371.68
1056,1056,1056,-2,29-09-2023,Pending,9178.63
1057,1057,1057,6,15-05-2023,Completed,9274.89
1058,1058,1058,4,29-10-2023,Cancelled,7348.15
1059,1059,1059,7,28-08-2024,Cancelled,5326.84
1060,1060,1060,2,15-11-2023,Completed,4691.9
1061,1061,1061,3,04-03-2026,Cancelled,8472.91
1062,1062,1062,-2,02-10-2024,NA,5508.89
1063,1063,1063,1,03-01-2026,Completed,14937.41
1064,1064,1064,-2,02-11-2025,Completed,13287.92
1065,1065,1065,9,08-10-2023,Pending,13937.23
1066,1066,1066,0,02-02-2026,Pending,10310.77
1067,1067,1067,0,02-03-2026,Completed,7263.18
1068,1068,1068,-2,13-10-2023,Cancelled,3509.42
1069,1069,1069,3,25-01-2025,Cancelled,2506.79
1070,1070,1070,-2,14-02-2025,NA,127.81
1071,1071,1071,1,28-12-2023,Pending,14515.91
1072,1072,1072,-2,26-02-2025,Completed,10406.31
1073,1073,1073,0,17-06-2025,Cancelled,9985.75
1074,1074,1074,1,06-10-2025,NA,12866.91
1075,1075,1075,4,28-08-2025,Cancelled,11633.33
1076,1076,1076,9,10-04-2026,Cancelled,7851.35
1077,1077,1077,2,14-04-2025,NA,13380.43
1078,1078,1078,7,26-08-2025,Cancelled,227.21
1079,1079,1079,2,06-06-2023,Cancelled,4992.82
1080,1080,1080,4,31-07-2025,NA,14077
1081,1081,1081,2,12-09-2025,NA,11947.91
1082,1082,1082,5,06-11-2023,Pending,10639.79
1083,1083,1083,7,03-01-2025,Completed,11887.84
1084,1084,1084,9,28-11-2025,Cancelled,14454.64
1085,1085,1085,6,23-10-2023,Completed,13872.94
1086,1086,1086,7,17-02-2025,Completed,8989.05
1087,1087,1087,2,27-09-2023,NA,11609.51
1088,1088,1088,4,22-04-2025,Pending,11666.96
1089,1089,1089,7,29-11-2023,Completed,12139.68
1090,1090,1090,4,02-07-2025,Completed,14061.7
1091,1091,1091,1,03-04-2024,Completed,8892.29
1092,1092,1092,7,18-06-2025,Completed,4037.82
1093,1093,1093,1,13-04-2025,Completed,11237.99
1094,1094,1094,9,10-06-2023,Cancelled,3921.81
1095,1095,1095,2,07-11-2025,NA,733.38
1096,1096,1096,4,14-04-2025,Cancelled,13774.09
1097,1097,1097,1,03-04-2025,Cancelled,5122.72
1098,1098,1098,-2,04-04-2025,Pending,6751.01
1099,1099,1099,4,12-10-2023,NA,2101.41
1100,1100,1100,5,19-04-2025,Completed,2767.81
1101,1101,1101,4,19-01-2025,Completed,2448.07
1102,1102,1102,5,29-10-2024,Cancelled,8257.18
1103,1103,1103,8,13-02-2024,Pending,3539.24
1104,1104,1104,3,04-10-2023,Completed,6503.44
1105,1105,1105,6,04-04-2026,Cancelled,2423.22
1106,1106,1106,7,25-07-2023,NA,2566.24
1107,1107,1107,7,16-05-2025,Completed,5191.64
1108,1108,1108,4,20-05-2023,Cancelled,9276.03
1109,1109,1109,6,20-10-2023,NA,11117.71
1110,1110,1110,9,24-04-2025,NA,441.63
1111,1111,1111,10,08-07-2024,Completed,12832.33
1112,1112,1112,8,07-03-2025,Completed,9093.41
1113,1113,1113,8,04-06-2025,Completed,8660.61
1114,1114,1114,9,30-05-2024,Cancelled,11378.82
1115,1115,1115,2,12-05-2025,NA,8914.25
1116,1116,1116,0,05-06-2023,Completed,0
1117,1117,1117,8,27-02-2025,Pending,14719.47
1118,1118,1118,8,09-08-2025,Pending,1783.58
1119,1119,1119,7,03-01-2026,Completed,11595.75
1120,1120,1120,8,13-02-2026,Completed,9373.04
1121,1121,1121,9,24-03-2025,NA,7894.98
1122,1122,1122,9,22-07-2024,Pending,4025.89
1123,1123,1123,4,12-02-2024,Pending,1881.35
1124,1124,1124,5,07-07-2025,Completed,7660.49
1125,1125,1125,6,25-01-2025,NA,13286.49
1126,1126,1126,4,09-07-2025,Completed,13270.84
1127,1127,1127,10,22-07-2023,NA,7693.69
1128,1128,1128,-2,23-09-2024,Completed,11660.4
1129,1129,1129,1,28-06-2025,Pending,8573.04
1130,1130,1130,10,09-12-2025,Pending,13846.81
1131,1131,1131,9,17-05-2025,Cancelled,5879.23
1132,1132,1132,9,04-01-2026,Completed,11998.26
1133,1133,1133,4,25-10-2023,Completed,10805.62
1134,1134,1134,3,31-08-2025,Cancelled,9247.31
1135,1135,1135,4,10-08-2025,Pending,11301.24
1136,1136,1136,3,05-11-2024,Completed,9543.84
1137,1137,1137,4,29-04-2025,Pending,3487.32
1138,1138,1138,5,01-12-2024,Pending,5782.97
1139,1139,1139,9,07-09-2023,Cancelled,4518.53
1140,1140,1140,4,28-08-2023,Cancelled,8133.57
1141,1141,1141,5,01-06-2025,NA,0
1142,1142,1142,4,27-04-2026,Completed,0
1143,1143,1143,4,08-07-2024,Pending,8657.2
1144,1144,1144,6,01-07-2023,Pending,0
1145,1145,1145,0,03-05-2026,Cancelled,8226.52
1146,1146,1146,10,18-12-2024,NA,5383.18
1147,1147,1147,0,08-08-2023,Pending,9522.03
1148,1148,1148,7,29-06-2023,Completed,9853.98
1149,1149,1149,2,31-10-2024,Completed,8925.16
1150,1150,1150,5,16-10-2024,Cancelled,11706.46
1151,1151,1151,9,29-06-2025,Completed,14820.76
1152,1152,1152,1,29-02-2024,Pending,9381.47
1153,1153,1153,5,25-09-2023,NA,5056.71
1154,1154,1154,7,06-10-2023,Cancelled,4682.75
1155,1155,1155,8,28-10-2025,Completed,7005.37
1156,1156,1156,0,12-05-2024,Completed,10868
1157,1157,1157,3,06-10-2023,NA,0
1158,1158,1158,-2,23-08-2024,Pending,502
1159,1159,1159,3,13-02-2026,Completed,128.4
1160,1160,1160,4,10-05-2025,Cancelled,6443.96
1161,1161,1161,4,05-07-2024,Pending,14999.92
1162,1162,1162,4,22-05-2024,Pending,13599.09
1163,1163,1163,5,21-02-2024,Cancelled,6864.21
1164,1164,1164,7,15-11-2024,Pending,11331.94
1165,1165,1165,4,07-12-2024,Completed,13118.04
1166,1166,1166,0,02-04-2024,Pending,7552.22
1167,1167,1167,1,16-11-2023,Pending,5195.92
1168,1168,1168,1,17-12-2024,Cancelled,9124.19
1169,1169,1169,10,21-05-2024,NA,6555.75
1170,1170,1170,3,03-04-2025,Completed,13054.86
1171,1171,1171,1,21-04-2026,Cancelled,12294.12
1172,1172,1172,2,18-11-2025,NA,8351.47
1173,1173,1173,3,22-01-2025,Pending,0
1174,1174,1174,10,10-10-2023,Completed,13530.23
1175,1175,1175,4,13-12-2023,NA,12836.13
1176,1176,1176,8,19-03-2024,Completed,11448.83
1177,1177,1177,8,07-04-2026,Completed,14710.05
1178,1178,1178,3,18-01-2025,Completed,11636.61
1179,1179,1179,7,16-12-2023,Cancelled,2376.83
1180,1180,1180,-2,22-05-2025,NA,7116.09
1181,1181,1181,4,09-10-2024,Completed,3775.32
1182,1182,1182,2,30-05-2025,NA,2205.27
1183,1183,1183,0,06-04-2025,Pending,3247.76
1184,1184,1184,9,01-10-2025,Cancelled,12809.86
1185,1185,1185,9,25-12-2025,Cancelled,14051.72
1186,1186,1186,7,18-07-2024,Pending,5767.59
1187,1187,1187,5,15-04-2025,Completed,1746.88
1188,1188,1188,6,15-04-2025,Completed,9831.11
1189,1189,1189,-2,07-09-2024,NA,2440.56
1190,1190,1190,2,06-11-2023,Cancelled,1450.01
1191,1191,1191,1,12-06-2025,Completed,13771.5
1192,1192,1192,-2,12-09-2023,Pending,3335.9
1193,1193,1193,1,27-03-2024,NA,9983.77
1194,1194,1194,9,13-08-2025,Cancelled,8662.26
1195,1195,1195,7,25-02-2026,NA,7327.01
1196,1196,1196,6,22-05-2023,Pending,9717
1197,1197,1197,0,12-07-2025,Pending,9867.45
1198,1198,1198,3,15-05-2024,Pending,12823.92
1199,1199,1199,4,06-09-2023,Completed,13275.29
1200,1200,1200,-2,26-06-2025,Cancelled,10128.48
1201,1201,1201,10,11-12-2025,Cancelled,3404.27
1202,1202,1202,-2,24-06-2025,Completed,8201.25
1203,1203,1203,4,21-06-2025,NA,10043.65
1204,1204,1204,8,04-02-2024,NA,3409.69
1205,1205,1205,7,27-09-2023,Completed,6135.61
1206,1206,1206,4,19-10-2023,NA,6596.54
1207,1207,1207,9,01-09-2025,Pending,8814.82
1208,1208,1208,1,12-10-2024,NA,13630.37
1209,1209,1209,6,24-11-2024,Cancelled,14180.48
1210,1210,1210,5,30-08-2024,Cancelled,14250.73
1211,1211,1211,7,11-03-2025,Completed,12855.57
1212,1212,1212,4,24-01-2026,Cancelled,7229.16
1213,1213,1213,5,31-03-2026,Completed,2160.21
1214,1214,1214,9,07-08-2024,Cancelled,9515.31
1215,1215,1215,8,12-07-2024,Pending,5516.12
1216,1216,1216,6,01-06-2025,Completed,14419.29
1217,1217,1217,4,31-05-2025,Completed,3331.5
1218,1218,1218,2,26-12-2024,Completed,6394.24
1219,1219,1219,-2,24-07-2025,Pending,12878.27
1220,1220,1220,0,18-01-2025,Pending,13678.82
1221,1221,1221,10,28-12-2024,Completed,6373.93
1222,1222,1222,0,02-08-2023,Cancelled,12885.92
1223,1223,1223,6,18-05-2025,NA,13282.15
1224,1224,1224,9,18-10-2025,Cancelled,12173.13
1225,1225,1225,5,03-05-2024,Pending,4415.13
1226,1226,1226,2,01-03-2024,NA,3502.01
1227,1227,1227,0,19-04-2025,NA,1837.45
1228,1228,1228,2,16-01-2026,NA,10870.68
1229,1229,1229,4,28-11-2024,NA,3132.45
1230,1230,1230,10,18-02-2025,Pending,10345.6
1231,1231,1231,6,04-11-2024,NA,7868.09
1232,1232,1232,4,19-08-2023,Cancelled,3384.63
1233,1233,1233,3,16-05-2025,Pending,4146.75
1234,1234,1234,10,27-01-2026,Completed,4471.03
1235,1235,1235,8,18-05-2025,Pending,9893
1236,1236,1236,0,09-04-2024,Cancelled,7358.31
1237,1237,1237,9,25-02-2026,NA,9896.42
1238,1238,1238,4,17-08-2023,Completed,5367.78
1239,1239,1239,3,07-07-2023,Completed,10711.88
1240,1240,1240,9,01-06-2024,Pending,12539.93
1241,1241,1241,2,20-10-2025,Completed,2037.27
1242,1242,1242,-2,30-12-2023,Completed,1685.58
1243,1243,1243,4,05-10-2024,Pending,14779.78
1244,1244,1244,6,05-07-2025,Pending,1587
1245,1245,1245,2,19-12-2024,Pending,1147.37
1246,1246,1246,4,16-02-2026,Completed,14667.79
1247,1247,1247,9,28-03-2024,Pending,6720.22
1248,1248,1248,3,01-04-2026,Completed,6120.17
1249,1249,1249,7,09-01-2025,Completed,7726.08
1250,1250,1250,3,14-11-2024,Pending,1013.48
1251,1251,1251,3,16-01-2026,Completed,5903.68
1252,1252,1252,9,31-01-2025,NA,9730.51
1253,1253,1253,5,27-09-2023,Completed,9711.47
1254,1254,1254,4,08-03-2025,Completed,5529.73
1255,1255,1255,-2,15-02-2024,Cancelled,8652.36
1256,1256,1256,5,26-10-2025,Completed,10417.93
1257,1257,1257,6,21-08-2023,Completed,12932.32
1258,1258,1258,-2,07-03-2026,Pending,484.17
1259,1259,1259,8,14-03-2026,Completed,9862.06
1260,1260,1260,8,08-03-2026,NA,1879.61
1261,1261,1261,2,06-08-2023,Pending,6551.49
1262,1262,1262,2,05-04-2025,Pending,3787.84
1263,1263,1263,10,19-02-2025,Completed,4218.29
1264,1264,1264,6,16-12-2023,NA,6446.36
1265,1265,1265,7,02-05-2026,Completed,6921.19
1266,1266,1266,2,17-10-2025,Cancelled,14584.41
1267,1267,1267,4,21-10-2023,Completed,14174.44
1268,1268,1268,1,12-03-2025,Cancelled,4870.39
1269,1269,1269,6,16-02-2025,Completed,7386.64
1270,1270,1270,4,10-09-2024,NA,7229.51
1271,1271,1271,0,31-12-2025,Completed,4182.58
1272,1272,1272,4,27-11-2023,Pending,1233.43
1273,1273,1273,-2,01-09-2024,Pending,12911.76
1274,1274,1274,3,10-08-2024,NA,12586.23
1275,1275,1275,7,12-09-2024,Completed,9881.43
1276,1276,1276,10,10-10-2025,Completed,1808.2
1277,1277,1277,10,15-12-2023,Completed,3241.85
1278,1278,1278,3,30-03-2024,Completed,14028.83
1279,1279,1279,5,28-04-2025,Completed,14809.11
1280,1280,1280,-2,21-07-2024,Cancelled,4545.01
1281,1281,1281,4,06-11-2025,Cancelled,4805
1282,1282,1282,8,07-05-2025,Completed,7416.27
1283,1283,1283,2,17-11-2025,Completed,8623.26
1284,1284,1284,7,04-11-2024,Pending,4101.44
1285,1285,1285,6,05-04-2024,Cancelled,6804.73
1286,1286,1286,7,10-03-2025,NA,6834.7
1287,1287,1287,2,14-12-2023,Completed,8391.26
1288,1288,1288,1,17-04-2024,NA,3337.55
1289,1289,1289,3,14-09-2023,Pending,5887.68
1290,1290,1290,-2,20-08-2024,NA,436.75
1291,1291,1291,4,03-05-2026,Pending,1550.03
1292,1292,1292,5,26-06-2023,Completed,782.55
1293,1293,1293,6,09-02-2026,NA,2717.29
1294,1294,1294,6,07-07-2023,Completed,14579.76
1295,1295,1295,4,24-11-2025,Cancelled,10495.62
1296,1296,1296,1,30-08-2024,NA,2760.44
1297,1297,1297,7,07-10-2025,Completed,1610.91
1298,1298,1298,6,14-02-2024,Completed,4320.79
1299,1299,1299,2,29-07-2025,Pending,7877.87
1300,1300,1300,7,29-01-2024,Completed,6769.67
1301,1301,1301,10,07-11-2023,Cancelled,12350.17
1302,1302,1302,1,01-12-2024,Completed,13758.4
1303,1303,1303,10,25-06-2024,Pending,0
1304,1304,1304,7,31-07-2023,Pending,3112.31
1305,1305,1305,2,08-02-2024,NA,4091.63
1306,1306,1306,-2,09-12-2023,NA,10535.47
1307,1307,1307,4,22-06-2023,Completed,8854.15
1308,1308,1308,6,23-10-2025,NA,2376.53
1309,1309,1309,6,28-02-2024,Cancelled,8913.22
1310,1310,1310,2,15-08-2025,NA,5729.54
1311,1311,1311,-2,01-04-2024,NA,4061.51
1312,1312,1312,2,29-03-2025,Cancelled,1520.37
1313,1313,1313,8,27-11-2024,Completed,1102.88
1314,1314,1314,0,11-06-2024,NA,994.22
1315,1315,1315,3,25-11-2023,Completed,2976.26
1316,1316,1316,1,16-05-2023,Cancelled,4575.44
1317,1317,1317,8,20-02-2024,Cancelled,8293.24
1318,1318,1318,0,30-06-2024,NA,9770.22
1319,1319,1319,10,30-10-2025,Pending,5062.97
1320,1320,1320,4,26-04-2024,Cancelled,11445.56
1321,1321,1321,-2,31-08-2024,Completed,9351.41
1322,1322,1322,3,15-03-2024,Completed,13562.03
1323,1323,1323,7,23-03-2024,Completed,2969.11
1324,1324,1324,4,26-04-2024,NA,6040.52
1325,1325,1325,9,07-01-2024,Completed,4839.67
1326,1326,1326,8,01-02-2026,NA,0
1327,1327,1327,3,28-07-2025,NA,14797.24
1328,1328,1328,0,15-07-2023,Completed,46.9
1329,1329,1329,3,22-07-2025,Cancelled,4296.04
1330,1330,1330,3,04-09-2024,Pending,0
1331,1331,1331,5,10-06-2024,NA,12654.85
1332,1332,1332,10,01-09-2024,Cancelled,10221.46
1333,1333,1333,3,06-05-2024,Completed,366.26
1334,1334,1334,5,06-10-2025,Pending,12973.29
1335,1335,1335,10,01-08-2023,Completed,13591.86
1336,1336,1336,0,09-02-2024,NA,10010.37
1337,1337,1337,1,14-06-2025,NA,5386.84
1338,1338,1338,5,13-07-2024,NA,2457.24
1339,1339,1339,1,31-05-2025,Pending,7428.76
1340,1340,1340,0,03-04-2026,Completed,6358.08
1341,1341,1341,4,04-11-2025,Completed,14998.79
1342,1342,1342,10,31-10-2023,Completed,2427.41
1343,1343,1343,8,07-07-2025,Completed,5085.75
1344,1344,1344,1,15-12-2023,Pending,7942.81
1345,1345,1345,10,30-05-2024,NA,2239.84
1346,1346,1346,5,31-07-2024,Pending,11313.66
1347,1347,1347,10,16-11-2023,Pending,8574.91
1348,1348,1348,3,26-09-2024,NA,5419.88
1349,1349,1349,6,20-12-2024,Cancelled,1364.16
1350,1350,1350,7,18-08-2025,Completed,6571.87
1351,1351,1351,4,06-06-2024,Pending,9919.53
1352,1352,1352,3,11-06-2025,Completed,13916.96
1353,1353,1353,6,11-07-2024,Completed,14276.37
1354,1354,1354,6,05-11-2025,Cancelled,1659.13
1355,1355,1355,0,16-06-2025,NA,1081.36
1356,1356,1356,4,03-04-2025,Completed,3762.36
1357,1357,1357,7,13-04-2026,NA,2948.02
1358,1358,1358,4,28-03-2025,NA,7555.61
1359,1359,1359,-2,01-06-2023,Cancelled,83.46
1360,1360,1360,1,27-12-2023,Pending,12114.08
1361,1361,1361,10,05-10-2025,Pending,0
1362,1362,1362,1,02-03-2025,Completed,7635.49
1363,1363,1363,8,31-10-2024,Completed,14080.24
1364,1364,1364,4,28-04-2025,Completed,3292.1
1365,1365,1365,3,12-01-2025,NA,6406.26
1366,1366,1366,0,15-01-2024,Cancelled,14495.76
1367,1367,1367,7,02-03-2024,NA,1124.36
1368,1368,1368,6,13-10-2024,Cancelled,14098.36
1369,1369,1369,1,04-04-2026,Cancelled,11416.76
1370,1370,1370,7,09-12-2023,Cancelled,0
1371,1371,1371,6,14-11-2024,Completed,10447.76
1372,1372,1372,4,07-02-2026,Pending,2380.29
1373,1373,1373,2,25-03-2024,Pending,0
1374,1374,1374,1,10-10-2025,Completed,8713.63
1375,1375,1375,7,03-03-2025,Cancelled,8164.49
1376,1376,1376,4,29-09-2023,Completed,4622.47
1377,1377,1377,1,23-12-2025,Completed,14114.94
1378,1378,1378,3,27-04-2024,Completed,14340.37
1379,1379,1379,8,24-01-2024,Completed,12834.13
1380,1380,1380,1,24-01-2024,Cancelled,4491.71
1381,1381,1381,5,20-07-2025,Completed,13657.23
1382,1382,1382,9,07-06-2025,Completed,3645.75
1383,1383,1383,5,22-10-2025,Cancelled,8690.46
1384,1384,1384,-2,27-12-2025,NA,5042.73
1385,1385,1385,6,05-09-2023,Completed,5392.3
1386,1386,1386,9,28-01-2025,Completed,8822.21
1387,1387,1387,1,13-03-2025,Completed,10509.27
1388,1388,1388,2,27-06-2023,Completed,8977.23
1389,1389,1389,-2,04-03-2025,Completed,6289.02
1390,1390,1390,7,30-06-2025,Pending,11911.13
1391,1391,1391,8,16-02-2026,NA,2632.93
1392,1392,1392,-2,13-09-2023,NA,6056.54
1393,1393,1393,0,22-01-2025,Completed,298.55
1394,1394,1394,-2,30-11-2025,Cancelled,12698.72
1395,1395,1395,10,14-06-2023,Cancelled,4555.82
1396,1396,1396,7,24-03-2025,Pending,6995.65
1397,1397,1397,10,22-05-2025,NA,13324.07
1398,1398,1398,10,31-03-2025,NA,14948.46
1399,1399,1399,5,10-10-2023,Cancelled,11963.65
1400,1400,1400,7,07-09-2025,Pending,9712.02
1401,1401,1401,-2,04-09-2023,Pending,12529.33
1402,1402,1402,9,13-08-2025,Completed,1740.19
1403,1403,1403,5,14-04-2026,NA,5919.86
1404,1404,1404,4,19-01-2024,Completed,2007.18
1405,1405,1405,2,22-07-2025,Pending,7353.52
1406,1406,1406,3,14-10-2023,Completed,8307.23
1407,1407,1407,8,09-09-2023,Pending,14332.81
1408,1408,1408,6,23-11-2024,NA,13577.92
1409,1409,1409,9,16-01-2024,Completed,7482.9
1410,1410,1410,1,20-05-2023,NA,12727.47
1411,1411,1411,6,17-09-2025,Cancelled,4900.96
1412,1412,1412,0,14-09-2025,Pending,13440.55
1413,1413,1413,10,18-02-2024,Cancelled,10722.75
1414,1414,1414,7,13-05-2023,Pending,4636.55
1415,1415,1415,10,30-10-2025,Cancelled,2702.15
1416,1416,1416,2,05-07-2024,Completed,14367.47
1417,1417,1417,10,27-04-2025,Completed,8232.98
1418,1418,1418,10,17-11-2024,Completed,3090.98
1419,1419,1419,8,04-02-2025,Completed,12230.12
1420,1420,1420,1,13-05-2023,Completed,12844.09
1421,1421,1421,8,14-06-2024,Pending,0
1422,1422,1422,7,01-02-2025,Cancelled,14521.03
1423,1423,1423,-2,09-05-2023,Pending,12485.11
1424,1424,1424,5,01-05-2024,Completed,11077.34
1425,1425,1425,10,09-09-2023,Pending,14166.3
1426,1426,1426,10,20-03-2024,Cancelled,0
1427,1427,1427,-2,03-02-2026,Completed,6825.61
1428,1428,1428,1,26-08-2024,Cancelled,8378.74
1429,1429,1429,-2,25-11-2025,Cancelled,10696.45
1430,1430,1430,7,24-10-2023,NA,14483.06
1431,1431,1431,1,18-02-2026,Cancelled,6236.21
1432,1432,1432,4,29-04-2024,Completed,14843.31
1433,1433,1433,6,05-12-2023,Completed,1118.86
1434,1434,1434,4,28-12-2024,Completed,13812.43
1435,1435,1435,8,14-11-2023,Cancelled,3103.17
1436,1436,1436,4,01-05-2024,Completed,7815.62
1437,1437,1437,8,28-10-2025,Cancelled,2296.04
1438,1438,1438,4,06-06-2024,Completed,4347.12
1439,1439,1439,2,16-10-2023,Completed,14748.04
1440,1440,1440,7,28-08-2023,NA,2469
1441,1441,1441,10,05-04-2024,Completed,1333.69
1442,1442,1442,-2,26-09-2024,Completed,5162.47
1443,1443,1443,-2,01-03-2026,NA,8881.5
1444,1444,1444,2,30-11-2023,Cancelled,14347.64
1445,1445,1445,1,26-08-2025,NA,12898.38
1446,1446,1446,1,04-03-2025,Completed,13161.22
1447,1447,1447,4,01-04-2026,Cancelled,1958.74
1448,1448,1448,2,15-05-2025,Cancelled,7201.5
1449,1449,1449,7,13-08-2025,Pending,1386.65
1450,1450,1450,3,24-07-2025,Cancelled,6342.71
1451,1451,1451,-2,16-12-2025,Completed,13079.83
1452,1452,1452,10,09-12-2025,Pending,9173.23
1453,1453,1453,6,24-07-2025,Completed,11925.69
1454,1454,1454,9,15-10-2024,Completed,13345.09
1455,1455,1455,7,31-05-2023,Cancelled,8663.28
1456,1456,1456,9,14-06-2023,Completed,10878.24
1457,1457,1457,2,28-02-2025,Completed,7473.07
1458,1458,1458,0,13-11-2025,Cancelled,0
1459,1459,1459,2,10-03-2025,NA,0
1460,1460,1460,4,06-09-2023,Completed,10477.01
1461,1461,1461,7,12-09-2023,Cancelled,9755.53
1462,1462,1462,4,13-05-2024,Pending,562.82
1463,1463,1463,2,14-05-2023,NA,11246.87
1464,1464,1464,8,27-03-2025,NA,13979.73
1465,1465,1465,9,29-12-2025,NA,5243.16
1466,1466,1466,10,15-01-2025,Cancelled,14631.8
1467,1467,1467,10,30-05-2023,NA,7389.89
1468,1468,1468,8,01-10-2023,Completed,3882.1
1469,1469,1469,7,26-05-2025,Completed,0
1470,1470,1470,3,12-03-2026,Completed,14612.13
1471,1471,1471,9,26-05-2024,NA,12940.81
1472,1472,1472,10,03-08-2024,NA,1602.56
1473,1473,1473,1,01-04-2026,Completed,7773.31
1474,1474,1474,-2,18-01-2024,Completed,11186.79
1475,1475,1475,5,23-06-2025,Pending,1013.98
1476,1476,1476,-2,14-07-2023,Pending,8758.44
1477,1477,1477,6,14-09-2023,NA,6156.23
1478,1478,1478,1,29-09-2023,Cancelled,5893.68
1479,1479,1479,5,29-11-2023,Completed,2565.83
1480,1480,1480,0,08-01-2026,Completed,11814.61
1481,1481,1481,7,04-08-2025,Cancelled,8018.02
1482,1482,1482,7,21-02-2026,Cancelled,4040.16
1483,1483,1483,1,20-02-2025,Completed,1376.69
1484,1484,1484,6,10-05-2024,Cancelled,12263.99
1485,1485,1485,6,15-08-2023,NA,11042.15
1486,1486,1486,4,30-07-2023,NA,10555.7
1487,1487,1487,8,06-01-2025,Completed,4748.68
1488,1488,1488,4,20-12-2023,Completed,185.56
1489,1489,1489,7,14-07-2025,Pending,9490.45
1490,1490,1490,4,16-04-2026,Cancelled,10459.01
1491,1491,1491,4,31-03-2026,NA,3901.95
1492,1492,1492,0,25-03-2026,Cancelled,14352.62
1493,1493,1493,6,05-10-2024,Cancelled,1637.76
1494,1494,1494,6,09-05-2024,Completed,6015.93
1495,1495,1495,2,19-03-2026,Pending,7076.92
1496,1496,1496,4,21-04-2025,Cancelled,430.34
1497,1497,1497,4,03-02-2024,Completed,13837.8
1498,1498,1498,4,08-07-2023,NA,11585.56
1499,1499,1499,8,09-11-2025,NA,9694.62
1500,1500,1500,9,09-01-2025,Completed,6886.91
1501,1501,1501,5,15-01-2025,Cancelled,1156.05
1502,1502,1502,3,19-01-2026,Completed,9596.91
1503,1503,1503,0,07-11-2023,Completed,11626.3
1504,1504,1504,4,12-06-2025,NA,10303.47
1505,1505,1505,6,20-05-2024,Completed,12639.71
1506,1506,1506,9,10-05-2023,Completed,2724.96
1507,1507,1507,0,21-04-2026,Pending,298.05
1508,1508,1508,10,28-05-2024,NA,9474.62
1509,1509,1509,6,28-01-2024,Cancelled,4513.12
1510,1510,1510,9,28-07-2025,Completed,12848.71
1511,1511,1511,9,04-09-2025,Cancelled,12283.4
1512,1512,1512,10,01-06-2025,Pending,14260.17
1513,1513,1513,9,20-01-2025,Completed,4484.98
1514,1514,1514,9,25-08-2024,Cancelled,600.09
1515,1515,1515,7,24-12-2024,Completed,5129.52
1516,1516,1516,2,03-09-2023,Cancelled,3988.24
1517,1517,1517,5,19-12-2024,NA,12996.73
1518,1518,1518,4,22-07-2023,Cancelled,8582.55
1519,1519,1519,4,21-07-2025,Pending,10905.9
1520,1520,1520,1,15-08-2025,Pending,1255.88
1521,1521,1521,8,25-06-2024,NA,9162.06
1522,1522,1522,10,19-02-2025,Pending,12415.17
1523,1523,1523,4,16-10-2024,Cancelled,3371.92
1524,1524,1524,3,11-10-2024,Completed,5437.01
1525,1525,1525,3,13-12-2025,Pending,14719.02
1526,1526,1526,4,11-05-2023,Pending,14634.93
1527,1527,1527,0,27-03-2026,NA,8478.29
1528,1528,1528,4,01-12-2024,Pending,11107.96
1529,1529,1529,7,02-12-2025,Pending,3702.31
1530,1530,1530,1,26-02-2024,Pending,4161.95
1531,1531,1531,2,08-02-2024,NA,13752.16
1532,1532,1532,0,24-04-2024,Pending,8475.09
1533,1533,1533,0,01-09-2024,Completed,5026.76
1534,1534,1534,-2,16-03-2024,Cancelled,1448.82
1535,1535,1535,7,21-09-2024,NA,2435.71
1536,1536,1536,6,29-10-2025,Cancelled,5108.62
1537,1537,1537,0,12-11-2024,Pending,1344.33
1538,1538,1538,9,02-12-2025,Completed,6122.76
1539,1539,1539,4,05-09-2025,Pending,405.17
1540,1540,1540,8,25-11-2025,Pending,9099.02
1541,1541,1541,4,23-03-2024,Cancelled,10485.97
1542,1542,1542,0,24-05-2023,NA,2838.73
1543,1543,1543,9,07-11-2023,Pending,0
1544,1544,1544,4,03-08-2025,Completed,11930.94
1545,1545,1545,4,27-06-2023,Pending,2587.29
1546,1546,1546,10,09-10-2025,Completed,12976.19
1547,1547,1547,1,15-03-2025,Completed,8721.42
1548,1548,1548,2,02-08-2025,NA,14301.92
1549,1549,1549,4,21-01-2024,Completed,9452.55
1550,1550,1550,3,16-04-2025,NA,7308.44
1551,1551,1551,8,17-06-2024,NA,6184.87
1552,1552,1552,2,21-05-2025,Completed,11835.78
1553,1553,1553,5,23-08-2023,NA,932.98
1554,1554,1554,4,29-11-2023,Cancelled,8847.52
1555,1555,1555,6,18-03-2024,NA,7376.79
1556,1556,1556,2,25-03-2026,Completed,7497.31
1557,1557,1557,2,24-03-2026,Cancelled,1780.98
1558,1558,1558,8,06-10-2025,NA,8157.34
1559,1559,1559,1,23-05-2023,NA,4580.62
1560,1560,1560,5,13-06-2025,Completed,351.21
1561,1561,1561,3,23-07-2023,Completed,8148.17
1562,1562,1562,2,02-05-2026,Pending,1047.19
1563,1563,1563,0,09-09-2024,Pending,13162.78
1564,1564,1564,2,26-10-2024,Completed,13100.48
1565,1565,1565,10,01-03-2024,Pending,6373.73
1566,1566,1566,6,18-07-2023,Cancelled,8780.87
1567,1567,1567,3,14-06-2024,Completed,2204.9
1568,1568,1568,2,27-06-2023,Completed,14847.94
1569,1569,1569,5,11-08-2025,Completed,794.85
1570,1570,1570,5,19-04-2024,NA,6703.68
1571,1571,1571,2,27-06-2023,Completed,11491.1
1572,1572,1572,0,10-04-2024,Completed,1131.55
1573,1573,1573,7,22-10-2024,Completed,6855.76
1574,1574,1574,8,27-10-2025,Cancelled,12101.05
1575,1575,1575,3,23-01-2024,Pending,617.17
1576,1576,1576,3,28-03-2024,Pending,8762.69
1577,1577,1577,7,17-04-2026,Cancelled,542.92
1578,1578,1578,4,19-10-2024,Pending,11211.97
1579,1579,1579,2,12-02-2024,Completed,8919.52
1580,1580,1580,9,21-03-2024,Pending,1771.55
1581,1581,1581,9,07-05-2024,Pending,5788.36
1582,1582,1582,6,18-01-2026,Pending,4992.36
1583,1583,1583,7,08-01-2024,Pending,1046.13
1584,1584,1584,10,11-03-2025,Pending,6664.37
1585,1585,1585,8,15-07-2023,Completed,12196.51
1586,1586,1586,3,09-07-2024,Completed,4487.87
1587,1587,1587,8,25-05-2024,Completed,7488.74
1588,1588,1588,7,13-04-2024,Pending,10164.98
1589,1589,1589,2,10-03-2025,Cancelled,6351.82
1590,1590,1590,1,24-11-2023,Completed,3189.75
1591,1591,1591,3,25-11-2024,Completed,9958.07
1592,1592,1592,1,17-05-2025,Pending,10571.65
1593,1593,1593,10,27-03-2026,NA,10022.93
1594,1594,1594,0,16-05-2025,Pending,10270.5
1595,1595,1595,4,21-05-2023,Pending,9357.73
1596,1596,1596,-2,29-08-2025,NA,3755.53
1597,1597,1597,8,12-02-2024,Pending,4744.35
1598,1598,1598,9,23-09-2024,NA,10512.31
1599,1599,1599,8,28-01-2025,NA,4946.96
1600,1600,1600,-2,26-09-2024,Cancelled,7695.47
1601,1601,1601,8,12-05-2024,Completed,14897.39
1602,1602,1602,9,11-03-2025,NA,5343.56
1603,1603,1603,7,01-02-2025,NA,9640.97
1604,1604,1604,2,02-06-2023,Completed,7045.47
1605,1605,1605,-2,19-09-2023,Cancelled,12886.65
1606,1606,1606,5,18-09-2025,NA,694.08
1607,1607,1607,4,29-04-2025,NA,8610.59
1608,1608,1608,4,28-09-2024,Pending,9107.56
1609,1609,1609,6,01-11-2024,Completed,9851.77
1610,1610,1610,2,25-01-2026,Completed,10843.19
1611,1611,1611,9,19-04-2024,NA,6958.8
1612,1612,1612,5,03-07-2023,Completed,3585.74
1613,1613,1613,-2,04-03-2026,NA,9322.77
1614,1614,1614,8,31-05-2025,Pending,5755.62
1615,1615,1615,7,04-06-2024,Completed,12951.07
1616,1616,1616,4,02-10-2025,Pending,13458.52
1617,1617,1617,4,12-10-2024,Pending,2922.57
1618,1618,1618,10,30-12-2025,NA,2842.54
1619,1619,1619,5,22-11-2024,NA,6925.69
1620,1620,1620,4,26-04-2026,NA,0
1621,1621,1621,9,21-01-2025,Pending,14563.92
1622,1622,1622,8,16-06-2025,Completed,2826.73
1623,1623,1623,0,22-07-2025,Completed,5991.21
1624,1624,1624,2,12-06-2025,NA,10183.29
1625,1625,1625,2,09-03-2026,Cancelled,0
1626,1626,1626,1,05-10-2025,Completed,6649.14
1627,1627,1627,5,19-10-2023,Cancelled,7579.7
1628,1628,1628,-2,11-09-2025,Completed,13299.52
1629,1629,1629,1,07-12-2024,NA,7177.84
1630,1630,1630,7,14-02-2026,Cancelled,12966.04
1631,1631,1631,5,01-05-2024,NA,12250.76
1632,1632,1632,3,04-09-2025,Cancelled,4514.59
1633,1633,1633,7,20-05-2023,NA,5768.14
1634,1634,1634,8,30-07-2025,Pending,14152.91
1635,1635,1635,6,22-07-2025,Cancelled,4430.68
1636,1636,1636,9,01-06-2023,Completed,0
1637,1637,1637,4,14-11-2025,Cancelled,3830.01
1638,1638,1638,2,31-10-2025,Completed,13725.54
1639,1639,1639,10,23-10-2023,Completed,12526.22
1640,1640,1640,10,27-05-2023,Completed,5801.11
1641,1641,1641,0,11-02-2024,NA,11948.15
1642,1642,1642,2,10-07-2024,Cancelled,14901.06
1643,1643,1643,8,23-12-2023,Completed,8864.51
1644,1644,1644,4,21-12-2024,NA,5590.91
1645,1645,1645,3,10-09-2023,Completed,13293.67
1646,1646,1646,0,07-05-2024,Completed,8990.19
1647,1647,1647,7,22-03-2026,Completed,7209.42
1648,1648,1648,4,02-09-2025,Completed,9635.47
1649,1649,1649,10,10-02-2025,Cancelled,5026.11
1650,1650,1650,9,27-01-2024,Cancelled,9427.44
1651,1651,1651,8,05-03-2025,Completed,5291
1652,1652,1652,-2,01-05-2026,Pending,13938.59
1653,1653,1653,3,25-12-2023,Cancelled,7325.35
1654,1654,1654,7,26-09-2024,Completed,1331.23
1655,1655,1655,8,30-01-2024,Completed,14199.42
1656,1656,1656,0,03-08-2024,Completed,7999.61
1657,1657,1657,2,28-09-2024,Cancelled,3993.42
1658,1658,1658,3,08-08-2024,Completed,0
1659,1659,1659,10,24-01-2026,Cancelled,6070.64
1660,1660,1660,3,11-03-2026,Completed,1219.19
1661,1661,1661,3,05-07-2025,Cancelled,10201.95
1662,1662,1662,6,15-04-2025,Completed,638.27
1663,1663,1663,8,28-05-2025,Completed,1337.82
1664,1664,1664,5,09-06-2023,Cancelled,10787.22
1665,1665,1665,0,15-03-2025,NA,6818.42
1666,1666,1666,2,15-02-2026,NA,332.46
1667,1667,1667,4,02-12-2025,Cancelled,13622.04
1668,1668,1668,7,26-11-2023,Pending,12240.23
1669,1669,1669,4,03-09-2024,NA,1756.2
1670,1670,1670,8,16-04-2026,NA,9756.69
1671,1671,1671,1,29-01-2026,Cancelled,3275.87
1672,1672,1672,5,16-05-2025,NA,12025.65
1673,1673,1673,1,26-06-2025,NA,11712.17
1674,1674,1674,10,07-11-2024,Completed,6518.1
1675,1675,1675,8,04-12-2025,Pending,6591.19
1676,1676,1676,1,19-10-2025,Completed,14346.73
1677,1677,1677,5,11-09-2023,Completed,12680.55
1678,1678,1678,10,03-05-2026,Pending,14605.35
1679,1679,1679,7,03-10-2024,NA,3480.35
1680,1680,1680,5,30-08-2025,Pending,10144.52
1681,1681,1681,0,28-10-2023,Cancelled,8099.39
1682,1682,1682,4,04-12-2023,Pending,1304.56
1683,1683,1683,1,03-09-2023,Cancelled,1368.61
1684,1684,1684,7,16-06-2023,NA,442.8
1685,1685,1685,-2,18-11-2025,Pending,9844.79
1686,1686,1686,8,29-04-2026,NA,11900.28
1687,1687,1687,4,25-05-2023,Completed,14893.24
1688,1688,1688,9,25-02-2026,Cancelled,14537.61
1689,1689,1689,2,25-05-2023,NA,10024.18
1690,1690,1690,3,25-10-2025,NA,7865.94
1691,1691,1691,0,21-07-2024,Completed,4350.76
1692,1692,1692,0,30-09-2023,Pending,11881.01
1693,1693,1693,4,08-12-2025,Cancelled,9634.65
1694,1694,1694,10,18-09-2023,Cancelled,10469.62
1695,1695,1695,5,06-08-2024,Pending,9363.65
1696,1696,1696,10,15-06-2025,Completed,2751.1
1697,1697,1697,5,04-12-2023,Completed,13404.95
1698,1698,1698,4,20-10-2023,NA,0
1699,1699,1699,1,17-05-2025,Completed,14759.2
1700,1700,1700,5,05-04-2026,Completed,8919.22
1701,1701,1701,2,22-01-2024,Completed,6358.86
1702,1702,1702,9,12-06-2025,Completed,995.27
1703,1703,1703,6,30-04-2026,Cancelled,11132.95
1704,1704,1704,3,01-07-2023,Completed,4617.61
1705,1705,1705,4,27-12-2025,Pending,5107.98
1706,1706,1706,6,17-04-2024,Cancelled,14180.59
1707,1707,1707,4,23-02-2026,NA,7735.43
1708,1708,1708,4,01-08-2025,NA,10114.13
1709,1709,1709,10,11-04-2025,Cancelled,10819.8
1710,1710,1710,8,27-09-2025,Pending,4241.33
1711,1711,1711,2,09-02-2025,Completed,2568.55
1712,1712,1712,0,25-03-2024,Completed,0
1713,1713,1713,4,12-04-2025,Completed,6243.07
1714,1714,1714,4,08-06-2025,Pending,3801.83
1715,1715,1715,8,18-10-2025,Completed,12350.7
1716,1716,1716,9,05-01-2025,Completed,1595.02
1717,1717,1717,5,25-02-2024,Completed,5566.9
1718,1718,1718,0,17-08-2023,Completed,10701.02
1719,1719,1719,-2,17-07-2023,Completed,5331.2
1720,1720,1720,4,18-07-2023,Cancelled,5059.14
1721,1721,1721,5,28-12-2023,Completed,12142.16
1722,1722,1722,10,17-03-2026,Completed,0
1723,1723,1723,10,01-02-2024,Completed,0
1724,1724,1724,1,30-06-2023,Cancelled,11418.35
1725,1725,1725,4,03-07-2023,Completed,4813.37
1726,1726,1726,4,15-04-2026,Cancelled,6274.71
1727,1727,1727,8,13-02-2024,Completed,6372.04
1728,1728,1728,5,04-07-2025,Completed,4758.12
1729,1729,1729,2,09-08-2024,Completed,3399.06
1730,1730,1730,4,11-04-2024,NA,6988.34
1731,1731,1731,1,23-08-2023,Completed,11622.94
1732,1732,1732,2,28-05-2023,NA,12431.04
1733,1733,1733,4,09-02-2025,Cancelled,666.01
1734,1734,1734,0,23-05-2023,Completed,7195.68
1735,1735,1735,4,16-01-2024,NA,950.66
1736,1736,1736,10,25-03-2025,Cancelled,8082.21
1737,1737,1737,7,22-03-2024,Pending,12638.22
1738,1738,1738,0,22-01-2024,Pending,10007.65
1739,1739,1739,5,14-05-2025,NA,14201.45
1740,1740,1740,4,22-12-2024,Completed,11966.64
1741,1741,1741,9,22-07-2025,Cancelled,8198.12
1742,1742,1742,8,27-06-2025,Completed,5932.62
1743,1743,1743,6,14-01-2025,Completed,1247.3
1744,1744,1744,10,16-01-2025,Cancelled,7996.86
1745,1745,1745,1,29-06-2025,Completed,3383.69
1746,1746,1746,1,07-06-2025,Completed,8670.89
1747,1747,1747,4,06-06-2025,Completed,2786.89
1748,1748,1748,4,15-11-2023,Cancelled,0
1749,1749,1749,3,02-03-2026,Cancelled,2928.22
1750,1750,1750,2,30-12-2024,Completed,12293.17
1751,1751,1751,4,15-01-2025,Cancelled,2278.14
1752,1752,1752,9,21-08-2025,Completed,6983.98
1753,1753,1753,7,20-08-2023,NA,5197.3
1754,1754,1754,2,23-02-2026,Completed,704.78
1755,1755,1755,3,15-01-2025,Completed,12193.13
1756,1756,1756,10,17-05-2023,Cancelled,699.3
1757,1757,1757,7,25-11-2023,NA,12499.06
1758,1758,1758,7,04-04-2026,Cancelled,13594.71
1759,1759,1759,1,08-01-2025,Completed,3154.32
1760,1760,1760,1,18-11-2025,Cancelled,843.74
1761,1761,1761,9,18-07-2024,Completed,8176.51
1762,1762,1762,8,21-01-2026,Pending,174.42
1763,1763,1763,4,22-09-2025,Pending,11020.56
1764,1764,1764,7,18-09-2024,NA,260.89
1765,1765,1765,4,26-06-2023,Completed,7121.09
1766,1766,1766,0,13-09-2024,Pending,13937.33
1767,1767,1767,9,17-02-2026,Cancelled,9402.84
1768,1768,1768,1,07-03-2025,Pending,6686.52
1769,1769,1769,10,26-04-2026,Completed,11746.3
1770,1770,1770,2,04-04-2025,Cancelled,10934.28
1771,1771,1771,5,28-07-2024,Cancelled,4185.97
1772,1772,1772,8,25-06-2024,Completed,2530.47
1773,1773,1773,4,25-12-2023,Completed,3258.61
1774,1774,1774,10,19-03-2025,Completed,3709.55
1775,1775,1775,10,04-06-2025,NA,9474.07
1776,1776,1776,7,26-11-2024,Cancelled,10059.97
1777,1777,1777,1,24-09-2024,Completed,11366.94
1778,1778,1778,4,09-05-2023,Cancelled,14350.99
1779,1779,1779,1,16-06-2023,Cancelled,6296.7
1780,1780,1780,5,16-10-2025,Cancelled,7921.85
1781,1781,1781,8,17-08-2024,NA,10417.45
1782,1782,1782,4,01-03-2024,NA,5012.51
1783,1783,1783,8,23-10-2024,NA,11104.84
1784,1784,1784,9,26-03-2024,Pending,6928.04
1785,1785,1785,2,27-11-2023,NA,11825.96
1786,1786,1786,1,28-03-2026,Pending,4957.3
1787,1787,1787,8,18-02-2025,Pending,14575.3
1788,1788,1788,0,11-11-2024,Pending,14121.15
1789,1789,1789,0,30-05-2025,Completed,1525.35
1790,1790,1790,8,13-11-2025,NA,3312.6
1791,1791,1791,9,02-03-2025,Completed,5423.1
1792,1792,1792,3,17-12-2024,Pending,12997.13
1793,1793,1793,-2,02-09-2023,Pending,2942.23
1794,1794,1794,10,19-09-2023,Cancelled,4116.04
1795,1795,1795,-2,17-02-2026,NA,11932.2
1796,1796,1796,0,13-04-2024,Completed,13530.63
1797,1797,1797,6,26-07-2025,Pending,3682
1798,1798,1798,0,30-04-2026,Cancelled,2174.08
1799,1799,1799,10,28-05-2025,NA,6689.13
1800,1800,1800,7,31-08-2023,Cancelled,830.9
1801,1801,1801,1,24-03-2026,Completed,2370.73
1802,1802,1802,10,29-06-2025,NA,5747.8
1803,1803,1803,2,27-06-2025,Cancelled,2795.62
1804,1804,1804,2,08-04-2024,Cancelled,3140.13
1805,1805,1805,4,08-06-2025,Completed,144.09
1806,1806,1806,10,15-06-2024,NA,0
1807,1807,1807,10,06-07-2024,NA,4441.24
1808,1808,1808,1,24-05-2025,Pending,9546.13
1809,1809,1809,-2,19-02-2026,Cancelled,11818.21
1810,1810,1810,9,01-07-2025,Pending,645.45
1811,1811,1811,10,12-05-2024,Completed,985.75
1812,1812,1812,0,18-07-2023,NA,6998.34
1813,1813,1813,4,24-08-2024,Pending,4455.6
1814,1814,1814,6,15-07-2025,NA,7732.28
1815,1815,1815,2,07-09-2023,Completed,11035.46
1816,1816,1816,7,07-01-2024,Cancelled,3589.49
1817,1817,1817,10,05-06-2023,Completed,1213.2
1818,1818,1818,2,12-09-2025,NA,9647.51
1819,1819,1819,3,11-06-2025,NA,13974.15
1820,1820,1820,10,10-10-2023,NA,4295.36
1821,1821,1821,6,20-06-2024,Cancelled,4423.21
1822,1822,1822,1,27-09-2023,Cancelled,10087.4
1823,1823,1823,3,02-02-2024,Completed,13182.48
1824,1824,1824,0,20-02-2024,Cancelled,12594.8
1825,1825,1825,0,20-09-2023,NA,6202.36
1826,1826,1826,7,20-12-2024,NA,234.36
1827,1827,1827,7,01-01-2026,NA,11450.4
1828,1828,1828,4,12-06-2023,Completed,4021.14
1829,1829,1829,9,16-12-2025,NA,251.87
1830,1830,1830,1,26-08-2025,NA,13268.44
1831,1831,1831,2,08-06-2024,NA,7063.37
1832,1832,1832,-2,03-05-2024,Cancelled,14523.1
1833,1833,1833,4,26-06-2025,NA,647.08
1834,1834,1834,2,24-11-2023,NA,14018.5
1835,1835,1835,-2,15-09-2024,Pending,10962.35
1836,1836,1836,5,14-12-2024,Completed,9952.57
1837,1837,1837,6,24-05-2024,Completed,14340.41
1838,1838,1838,-2,10-07-2024,Completed,5472.11
1839,1839,1839,-2,22-12-2023,Completed,11967.03
1840,1840,1840,0,11-01-2024,Pending,6326.8
1841,1841,1841,6,27-11-2024,Pending,8131.1
1842,1842,1842,2,30-01-2026,NA,6949.18
1843,1843,1843,10,19-03-2025,Completed,12940.79
1844,1844,1844,8,22-09-2025,Cancelled,11936.45
1845,1845,1845,1,15-02-2025,Pending,6991.02
1846,1846,1846,9,02-01-2025,NA,7278.29
1847,1847,1847,2,21-12-2024,NA,2783.74
1848,1848,1848,2,07-02-2024,Pending,813.27
1849,1849,1849,9,12-05-2025,Pending,6779.56
1850,1850,1850,3,23-07-2023,Cancelled,5477.4
1851,1851,1851,7,16-03-2024,NA,11494.56
1852,1852,1852,0,25-07-2024,Completed,9454.58
1853,1853,1853,2,06-11-2024,Completed,5829.35
1854,1854,1854,8,22-09-2023,Completed,2680.16
1855,1855,1855,2,05-02-2025,NA,4299.65
1856,1856,1856,7,26-06-2024,Pending,12845.85
1857,1857,1857,10,18-12-2025,Pending,13945.25
1858,1858,1858,10,18-03-2026,Pending,3932.51
1859,1859,1859,6,16-04-2025,NA,6108.92
1860,1860,1860,10,25-01-2026,NA,10559.03
1861,1861,1861,5,14-11-2024,Completed,7330.67
1862,1862,1862,7,29-11-2025,Cancelled,10652.33
1863,1863,1863,-2,05-12-2024,Pending,5330.03
1864,1864,1864,-2,04-12-2023,Pending,10832.86
1865,1865,1865,5,05-11-2024,Completed,12865.03
1866,1866,1866,4,24-01-2024,Completed,4746.74
1867,1867,1867,-2,03-01-2025,Cancelled,2328.77
1868,1868,1868,4,09-03-2024,NA,2608.7
1869,1869,1869,3,23-07-2024,Cancelled,1403.87
1870,1870,1870,7,06-08-2023,Completed,5356.15
1871,1871,1871,4,19-08-2023,Completed,14201.46
1872,1872,1872,5,01-08-2025,Completed,14266.88
1873,1873,1873,6,26-11-2024,Completed,13273.91
1874,1874,1874,0,13-08-2024,Completed,13720.58
1875,1875,1875,10,12-04-2025,Completed,4279.67
1876,1876,1876,9,11-06-2023,Completed,10041.78
1877,1877,1877,4,17-08-2024,Pending,5640.31
1878,1878,1878,1,03-07-2023,Pending,2237.7
1879,1879,1879,8,10-10-2024,NA,3541.92
1880,1880,1880,10,17-10-2025,NA,8546.4
1881,1881,1881,0,16-10-2023,Cancelled,10166.67
1882,1882,1882,9,02-04-2024,Completed,11134.31
1883,1883,1883,-2,02-10-2025,Cancelled,8845.03
1884,1884,1884,4,28-06-2024,Cancelled,2566.73
1885,1885,1885,6,07-10-2024,Pending,10280.29
1886,1886,1886,6,05-01-2026,Completed,6878.44
1887,1887,1887,1,07-05-2025,Pending,10195.63
1888,1888,1888,3,23-06-2024,Cancelled,7207.11
1889,1889,1889,9,21-09-2025,Pending,8073.83
1890,1890,1890,9,07-05-2025,NA,5135.65
1891,1891,1891,10,02-07-2025,Cancelled,13298.33
1892,1892,1892,9,18-01-2024,Completed,0
1893,1893,1893,7,06-09-2025,Completed,11296.1
1894,1894,1894,0,18-05-2023,Completed,1684.05
1895,1895,1895,5,16-08-2024,Pending,7524.3
1896,1896,1896,4,17-02-2024,NA,10419.62
1897,1897,1897,8,15-01-2025,Completed,11714.81
1898,1898,1898,7,27-11-2024,Cancelled,13971.14
1899,1899,1899,8,15-12-2023,Cancelled,0
1900,1900,1900,-2,14-04-2024,Cancelled,14437.95
1901,1901,1901,4,04-05-2024,Cancelled,8167.73
1902,1902,1902,10,22-02-2024,NA,314.84
1903,1903,1903,4,06-06-2023,Cancelled,6072.58
1904,1904,1904,-2,16-12-2023,NA,11778.75
1905,1905,1905,7,12-02-2026,Completed,5380.85
1906,1906,1906,7,17-10-2025,Completed,13718.93
1907,1907,1907,8,17-08-2023,Completed,3372.29
1908,1908,1908,1,05-03-2024,Completed,6071.54
1909,1909,1909,4,16-09-2024,Completed,9460.48
1910,1910,1910,5,04-01-2026,Completed,5697.16
1911,1911,1911,1,27-07-2024,Completed,8766.37
1912,1912,1912,2,18-01-2026,Pending,10151.11
1913,1913,1913,8,18-07-2025,NA,10171.5
1914,1914,1914,8,19-12-2023,Completed,12706.48
1915,1915,1915,3,29-09-2025,Cancelled,13333.17
1916,1916,1916,9,13-06-2024,Completed,10784.29
1917,1917,1917,1,20-08-2024,Completed,6934.77
1918,1918,1918,2,25-05-2025,Pending,11346.03
1919,1919,1919,10,08-09-2024,Completed,6917.24
1920,1920,1920,6,09-10-2024,Cancelled,11395.01
1921,1921,1921,5,30-08-2025,NA,3281.62
1922,1922,1922,3,07-11-2025,Pending,5221.6
1923,1923,1923,7,24-12-2024,NA,8235.77
1924,1924,1924,6,06-03-2024,Cancelled,589.58
1925,1925,1925,1,08-02-2025,Completed,11075.63
1926,1926,1926,8,21-03-2024,NA,5840.59
1927,1927,1927,7,22-07-2023,Completed,9913.17
1928,1928,1928,5,19-10-2023,Completed,11991.41
1929,1929,1929,7,12-02-2026,Completed,9369.57
1930,1930,1930,3,12-07-2024,Pending,4970.96
1931,1931,1931,5,20-06-2024,NA,0
1932,1932,1932,10,30-07-2023,Completed,8521.44
1933,1933,1933,4,01-02-2026,NA,12187.64
1934,1934,1934,6,11-06-2025,Cancelled,8517.65
1935,1935,1935,4,18-06-2025,NA,7079.53
1936,1936,1936,2,17-12-2024,NA,2655.94
1937,1937,1937,8,04-09-2025,Pending,9139.81
1938,1938,1938,9,01-09-2025,Completed,5069.9
1939,1939,1939,2,22-12-2023,Cancelled,5376
1940,1940,1940,6,17-01-2024,Cancelled,4334.96
1941,1941,1941,7,16-07-2024,Cancelled,0
1942,1942,1942,-2,06-02-2025,NA,11832.62
1943,1943,1943,5,03-03-2024,Completed,0
1944,1944,1944,-2,21-02-2024,Pending,4676.92
1945,1945,1945,8,08-03-2024,Pending,11931.3
1946,1946,1946,4,08-03-2026,Cancelled,7241.56
1947,1947,1947,1,22-06-2023,Pending,3148.7
1948,1948,1948,9,27-11-2025,Completed,11519.59
1949,1949,1949,2,11-05-2023,Completed,13786.56
1950,1950,1950,2,23-04-2025,Completed,4220.72
1951,1951,1951,0,07-07-2023,Pending,13500.94
1952,1952,1952,8,13-01-2024,Cancelled,3646.79
1953,1953,1953,8,12-01-2026,NA,1521.37
1954,1954,1954,8,11-08-2025,NA,5996.61
1955,1955,1955,0,26-09-2023,Pending,13700.7
1956,1956,1956,3,22-02-2025,Cancelled,9563.41
1957,1957,1957,8,02-10-2024,NA,13350.05
1958,1958,1958,4,10-02-2026,Completed,3479.8
1959,1959,1959,4,22-11-2024,Completed,13831.99
1960,1960,1960,1,06-01-2026,Cancelled,6017.37
1961,1961,1961,6,22-02-2024,Pending,8630.58
1962,1962,1962,4,16-07-2024,Completed,6330.32
1963,1963,1963,0,17-06-2023,Cancelled,2308.72
1964,1964,1964,10,31-08-2024,Completed,14640.08
1965,1965,1965,4,04-09-2024,Pending,6290.26
1966,1966,1966,6,15-04-2025,NA,11230.7
1967,1967,1967,2,26-06-2025,NA,4765.17
1968,1968,1968,10,23-06-2024,NA,7941.92
1969,1969,1969,0,15-01-2024,Completed,4412.65
1970,1970,1970,10,27-04-2026,Completed,0
1971,1971,1971,7,24-02-2025,Pending,4788.72
1972,1972,1972,0,01-01-2024,Completed,662.29
1973,1973,1973,4,02-10-2023,Completed,7613.76
1974,1974,1974,5,09-08-2023,Completed,7726.43
1975,1975,1975,7,02-02-2024,NA,974.88
1976,1976,1976,1,15-09-2024,NA,7659.01
1977,1977,1977,2,31-10-2023,Completed,8865.59
1978,1978,1978,4,15-08-2025,Completed,0
1979,1979,1979,2,22-08-2024,Completed,217.65
1980,1980,1980,4,02-09-2025,NA,9854.37
1981,1981,1981,10,06-06-2024,Pending,13842.06
1982,1982,1982,6,14-09-2023,Completed,9525.21
1983,1983,1983,4,17-02-2024,Pending,13136.93
1984,1984,1984,4,06-03-2025,Completed,1243.47
1985,1985,1985,6,11-01-2025,Completed,2186.97
1986,1986,1986,5,02-12-2023,Pending,12078.87
1987,1987,1987,4,02-07-2023,NA,6271.63
1988,1988,1988,3,07-03-2025,NA,6417.14
1989,1989,1989,6,07-09-2025,Completed,9421.9
1990,1990,1990,5,16-02-2025,Pending,14521.82
1991,1991,1991,10,21-07-2024,Completed,7141.11
1992,1992,1992,6,08-12-2025,Pending,5216.42
1993,1993,1993,6,12-07-2023,Completed,2498.78
1994,1994,1994,5,06-08-2024,Completed,13608.58
1995,1995,1995,2,27-09-2025,NA,2472.95
1996,1996,1996,-2,07-10-2024,Cancelled,8201.9
1997,1997,1997,4,07-10-2023,NA,13518.53
1998,1998,1998,3,02-12-2023,Cancelled,12277.56
1999,1999,1999,9,05-08-2024,NA,979.23
2000,2000,2000,5,22-05-2023,Completed,69.2
2001,2001,2001,0,07-09-2024,Completed,6301.08
2002,2002,2002,9,06-08-2023,Completed,10838.1
2003,2003,2003,2,09-06-2025,Cancelled,706.14
2004,2004,2004,8,22-05-2024,Cancelled,9888.25
2005,2005,2005,1,30-05-2025,Completed,9215.18
2006,2006,2006,4,17-03-2025,Completed,3970.68
2007,2007,2007,5,31-08-2025,Completed,10362.48
2008,2008,2008,4,28-05-2023,Completed,14831.52
2009,2009,2009,4,06-10-2024,Completed,2128.51
2010,2010,2010,3,15-02-2025,NA,2448.03
2011,2011,2011,9,09-03-2026,Completed,6325.97
2012,2012,2012,4,03-07-2023,Pending,14222.58
2013,2013,2013,1,14-02-2025,Completed,11030.67
2014,2014,2014,7,30-03-2024,Pending,1689.46
2015,2015,2015,2,14-11-2023,Pending,12388.36
2016,2016,2016,-2,27-08-2023,Completed,13286.57
2017,2017,2017,4,13-05-2024,Pending,0
2018,2018,2018,5,17-03-2026,Pending,5536.76
2019,2019,2019,2,02-10-2025,Pending,329.1
2020,2020,2020,8,19-05-2024,Pending,0
2021,2021,2021,5,19-04-2025,Completed,0
2022,2022,2022,7,30-12-2023,NA,11227.23
2023,2023,2023,2,11-07-2024,Cancelled,1360.17
2024,2024,2024,1,07-09-2023,Completed,9653.25
2025,2025,2025,3,12-12-2023,Completed,12109.15
2026,2026,2026,6,19-04-2025,Completed,2116.39
2027,2027,2027,9,20-10-2025,Cancelled,7036.58
2028,2028,2028,2,11-11-2024,Cancelled,848.61
2029,2029,2029,2,10-07-2024,Completed,5327.18
2030,2030,2030,6,29-04-2026,Cancelled,2984.29
2031,2031,2031,4,18-10-2025,Cancelled,11292.67
2032,2032,2032,0,24-04-2026,Completed,12611.2
2033,2033,2033,4,30-06-2025,Cancelled,7815.1
2034,2034,2034,0,15-05-2023,Pending,0
2035,2035,2035,4,20-02-2025,Completed,14208.42
2036,2036,2036,4,22-01-2024,Cancelled,13249
2037,2037,2037,1,24-10-2025,Completed,14714.21
2038,2038,2038,4,12-01-2024,Pending,943.44
2039,2039,2039,8,19-10-2024,Completed,0
2040,2040,2040,6,09-02-2026,Pending,13349.86
2041,2041,2041,8,06-08-2024,NA,14191.95
2042,2042,2042,1,04-07-2023,NA,12497.74
2043,2043,2043,2,09-12-2023,Pending,199.73
2044,2044,2044,7,23-06-2023,Pending,11371.72
2045,2045,2045,8,09-05-2025,Pending,6001.32
2046,2046,2046,-2,27-01-2024,Completed,7178.99
2047,2047,2047,9,28-10-2023,Completed,10061.92
2048,2048,2048,2,24-08-2023,Pending,5902.67
2049,2049,2049,4,01-09-2025,Pending,11865.35
2050,2050,2050,5,25-02-2025,Pending,4096.46
2051,2051,2051,5,23-06-2025,Cancelled,6153.2
2052,2052,2052,3,14-02-2025,NA,0
2053,2053,2053,9,03-03-2024,NA,12931.33
2054,2054,2054,0,19-05-2023,Completed,10187.77
2055,2055,2055,4,01-11-2025,Cancelled,6311.91
2056,2056,2056,7,01-05-2025,Pending,14852.1
2057,2057,2057,1,02-04-2026,Cancelled,2801.87
2058,2058,2058,9,18-07-2024,Cancelled,0
2059,2059,2059,7,20-05-2024,Completed,6331.2
2060,2060,2060,6,03-09-2023,NA,8832.97
2061,2061,2061,8,28-01-2024,Cancelled,9127.36
2062,2062,2062,2,09-02-2024,Pending,0
2063,2063,2063,-2,19-09-2024,Completed,4020.02
2064,2064,2064,1,08-05-2025,Completed,12579.99
2065,2065,2065,2,14-09-2024,Completed,14731.75
2066,2066,2066,3,01-10-2023,Completed,0
2067,2067,2067,9,21-07-2025,Pending,7573.74
2068,2068,2068,2,07-12-2025,NA,14444.5
2069,2069,2069,10,07-05-2025,Completed,3824.26
2070,2070,2070,9,23-08-2023,Cancelled,4313.57
2071,2071,2071,1,03-04-2024,Cancelled,1630.02
2072,2072,2072,4,25-10-2023,Cancelled,8015.05
2073,2073,2073,10,31-10-2024,NA,14628.07
2074,2074,2074,3,22-06-2025,Completed,8913.85
2075,2075,2075,8,16-06-2023,Pending,5169.9
2076,2076,2076,9,02-05-2026,Cancelled,10705.89
2077,2077,2077,4,18-08-2023,Pending,7070.87
2078,2078,2078,1,23-08-2023,Completed,2915.46
2079,2079,2079,8,21-10-2023,Completed,14468.9
2080,2080,2080,9,23-10-2024,Cancelled,7611.29
2081,2081,2081,1,10-12-2024,Pending,11931.94
2082,2082,2082,6,15-07-2023,Cancelled,3304.59
2083,2083,2083,7,29-05-2025,Pending,7930.43
2084,2084,2084,0,27-09-2024,NA,7351.79
2085,2085,2085,7,24-04-2026,Pending,11680.86
2086,2086,2086,10,16-05-2024,Cancelled,3705.81
2087,2087,2087,-2,06-09-2024,Completed,14731.16
2088,2088,2088,3,01-05-2026,Cancelled,1666.35
2089,2089,2089,3,12-01-2026,NA,14782.81
2090,2090,2090,1,01-06-2023,Completed,13606.85
2091,2091,2091,9,06-08-2025,NA,11266.65
2092,2092,2092,1,09-11-2025,Completed,3629.31
2093,2093,2093,7,09-07-2023,NA,4552.8
2094,2094,2094,1,24-03-2025,Cancelled,6474.19
2095,2095,2095,4,06-10-2025,Pending,14507.53
2096,2096,2096,5,17-03-2026,Cancelled,3055.92
2097,2097,2097,3,21-05-2023,NA,376.5
2098,2098,2098,-2,16-08-2025,Completed,12306.84
2099,2099,2099,-2,10-09-2023,Completed,11023.04
2100,2100,2100,3,26-05-2025,Pending,0
2101,2101,2101,-2,02-02-2025,Pending,10343.36
2102,2102,2102,4,24-05-2023,Completed,11998.32
2103,2103,2103,7,29-10-2023,Completed,1886.65
2104,2104,2104,4,11-07-2023,Pending,3739.99
2105,2105,2105,4,11-03-2026,Completed,6695.71
2106,2106,2106,3,27-09-2024,Cancelled,1551.1
2107,2107,2107,2,03-05-2024,NA,4405.8
2108,2108,2108,-2,03-11-2025,Completed,120.4
2109,2109,2109,1,07-03-2026,Pending,1998.26
2110,2110,2110,4,12-08-2024,Cancelled,12233.28
2111,2111,2111,2,16-04-2026,Cancelled,8556.87
2112,2112,2112,10,16-12-2023,Completed,234.75
2113,2113,2113,0,02-12-2025,Cancelled,2393.57
2114,2114,2114,3,09-01-2024,NA,3017.35
2115,2115,2115,3,10-11-2023,Completed,8760.31
2116,2116,2116,6,28-10-2024,Pending,13053.88
2117,2117,2117,2,08-06-2023,NA,1038.38
2118,2118,2118,4,08-08-2024,Completed,1441.34
2119,2119,2119,2,13-05-2024,Pending,12117.73
2120,2120,2120,5,11-03-2025,NA,6884.06
2121,2121,2121,6,26-02-2024,Completed,9690.01
2122,2122,2122,3,27-06-2023,Pending,2478.57
2123,2123,2123,2,19-10-2025,Pending,10576.57
2124,2124,2124,1,15-07-2023,Completed,7130.6
2125,2125,2125,8,20-07-2025,Pending,5366.06
2126,2126,2126,7,06-07-2024,NA,10778.52
2127,2127,2127,4,28-04-2025,Completed,8187.79
2128,2128,2128,1,15-06-2024,Cancelled,10548.36
2129,2129,2129,4,12-08-2023,Completed,4894.97
2130,2130,2130,4,06-05-2024,NA,11857.49
2131,2131,2131,10,25-10-2023,Completed,3294.35
2132,2132,2132,9,23-02-2026,Cancelled,12367.42
2133,2133,2133,4,29-11-2025,Completed,3215.29
2134,2134,2134,8,07-10-2023,Completed,5200.87
2135,2135,2135,5,22-04-2026,Cancelled,13807.99
2136,2136,2136,4,18-01-2026,Completed,4207.72
2137,2137,2137,2,28-07-2024,Completed,14145.57
2138,2138,2138,1,05-10-2025,Pending,13979.95
2139,2139,2139,4,06-12-2024,Pending,4747.45
2140,2140,2140,6,11-01-2024,Completed,4250.41
2141,2141,2141,9,21-01-2025,NA,5926.12
2142,2142,2142,3,03-09-2025,Completed,4216.41
2143,2143,2143,-2,30-03-2026,Pending,9089.19
2144,2144,2144,7,12-07-2024,Pending,13683.58
2145,2145,2145,4,29-03-2026,Cancelled,10859.19
2146,2146,2146,6,23-10-2025,NA,5469.18
2147,2147,2147,6,12-07-2025,Completed,10981.36
2148,2148,2148,1,06-03-2025,Completed,14116.77
2149,2149,2149,4,24-06-2023,Completed,7386.63
2150,2150,2150,-2,24-04-2025,Cancelled,6432.24
2151,2151,2151,7,29-01-2025,Pending,12968.22
2152,2152,2152,10,04-06-2025,Cancelled,7234.71
2153,2153,2153,1,11-11-2024,Pending,9706.08
2154,2154,2154,4,01-02-2025,Completed,14278.5
2155,2155,2155,7,20-03-2026,Cancelled,4620.54
2156,2156,2156,0,19-12-2025,Cancelled,12591.57
2157,2157,2157,-2,27-02-2025,Cancelled,11885.91
2158,2158,2158,1,15-05-2025,Pending,2422.18
2159,2159,2159,8,01-11-2024,NA,7124.77
2160,2160,2160,3,23-06-2025,Cancelled,1173.31
2161,2161,2161,1,25-01-2024,Completed,2404.9
2162,2162,2162,9,05-08-2023,Completed,1365.08
2163,2163,2163,2,11-09-2024,Cancelled,10398.62
2164,2164,2164,-2,18-07-2024,Completed,13616.74
2165,2165,2165,0,22-06-2024,Cancelled,12993.86
2166,2166,2166,9,09-05-2025,Cancelled,11558.63
2167,2167,2167,9,28-06-2024,NA,10165
2168,2168,2168,1,20-08-2023,Pending,4837.03
2169,2169,2169,2,08-02-2026,Completed,9154.51
2170,2170,2170,7,09-02-2025,Completed,6736.06
2171,2171,2171,4,13-08-2024,Pending,5008.19
2172,2172,2172,4,04-06-2024,Completed,7653.42
2173,2173,2173,3,29-12-2023,Cancelled,9552.15
2174,2174,2174,4,11-05-2025,NA,11662.3
2175,2175,2175,3,06-11-2025,Pending,1251.94
2176,2176,2176,10,28-01-2024,Pending,3476.26
2177,2177,2177,10,19-08-2024,Completed,6179.69
2178,2178,2178,0,13-01-2024,Completed,8049.45
2179,2179,2179,5,05-07-2025,Completed,10759.22
2180,2180,2180,8,31-07-2023,Completed,14474.45
2181,2181,2181,4,05-05-2025,NA,14868.18
2182,2182,2182,-2,14-06-2023,Completed,14531.77
2183,2183,2183,2,29-10-2024,Completed,6311.23
2184,2184,2184,1,10-12-2024,Completed,8720.53
2185,2185,2185,1,21-12-2025,NA,2812.31
2186,2186,2186,3,14-05-2023,Completed,7546.83
2187,2187,2187,-2,02-07-2024,Completed,9077.14
2188,2188,2188,-2,08-10-2025,Completed,10051.19
2189,2189,2189,6,06-08-2024,NA,5409.04
2190,2190,2190,1,08-03-2024,NA,11555.41
2191,2191,2191,3,20-05-2023,Cancelled,13035.89
2192,2192,2192,6,01-10-2023,Completed,71.24
2193,2193,2193,6,09-07-2025,NA,10834.53
2194,2194,2194,4,20-03-2024,Cancelled,3558.08
2195,2195,2195,4,26-01-2025,Pending,12644.43
2196,2196,2196,2,16-01-2026,Cancelled,9658.36
2197,2197,2197,10,06-07-2023,NA,10389.03
2198,2198,2198,10,17-07-2024,NA,1308.65
2199,2199,2199,8,02-03-2025,Completed,4138.13
2200,2200,2200,1,28-06-2024,NA,3030.79
2201,2201,2201,10,20-10-2025,Pending,5582.96
2202,2202,2202,1,14-10-2024,Cancelled,6611.85
2203,2203,2203,4,24-12-2023,Pending,13193.22
2204,2204,2204,0,07-06-2023,Completed,8733
2205,2205,2205,5,28-05-2025,Pending,10318.32
2206,2206,2206,8,04-09-2023,NA,2630.92
2207,2207,2207,0,16-04-2026,Cancelled,6346.32
2208,2208,2208,4,11-05-2025,Completed,7538.68
2209,2209,2209,6,06-01-2026,Completed,9489.96
2210,2210,2210,7,01-06-2024,NA,9692.14
2211,2211,2211,-2,08-09-2024,Completed,8744.59
2212,2212,2212,9,21-03-2025,NA,8947.94
2213,2213,2213,9,25-12-2025,Completed,8297.99
2214,2214,2214,4,26-03-2026,NA,13817.21
2215,2215,2215,10,03-09-2024,Pending,8886.72
2216,2216,2216,10,03-03-2025,Completed,1614.59
2217,2217,2217,-2,30-08-2025,Completed,3868.86
2218,2218,2218,5,26-10-2024,Pending,3563.58
2219,2219,2219,10,15-08-2025,NA,3568.87
2220,2220,2220,1,20-09-2023,Completed,10597.03
2221,2221,2221,10,06-02-2026,Cancelled,5349.16
2222,2222,2222,4,29-03-2024,Completed,9868.01
2223,2223,2223,0,28-03-2024,Completed,13169.85
2224,2224,2224,2,10-09-2025,Pending,84.78
2225,2225,2225,5,12-04-2026,NA,421.3
2226,2226,2226,4,01-02-2025,Completed,7409.49
2227,2227,2227,10,10-06-2023,NA,9202.28
2228,2228,2228,9,19-11-2025,NA,5587.92
2229,2229,2229,9,14-10-2024,NA,14369.27
2230,2230,2230,9,06-03-2026,Completed,1894.77
2231,2231,2231,8,25-01-2024,Completed,10859.2
2232,2232,2232,3,30-03-2025,Completed,3653.92
2233,2233,2233,-2,02-01-2024,Completed,4478.17
2234,2234,2234,7,05-07-2023,Cancelled,4783.79
2235,2235,2235,4,27-06-2023,Cancelled,311.01
2236,2236,2236,9,14-05-2025,Completed,918.82
2237,2237,2237,7,07-12-2023,Cancelled,2615.22
2238,2238,2238,2,29-09-2024,Pending,14989.58
2239,2239,2239,-2,08-05-2023,NA,2676.3
2240,2240,2240,-2,19-01-2025,Cancelled,1389.43
2241,2241,2241,3,13-01-2025,Completed,8536.16
2242,2242,2242,-2,24-12-2025,Completed,2125.76
2243,2243,2243,9,02-02-2026,Cancelled,4999.32
2244,2244,2244,6,06-11-2024,Completed,10705.74
2245,2245,2245,-2,01-12-2023,Completed,14840.09
2246,2246,2246,2,30-09-2024,Cancelled,14994.74
2247,2247,2247,-2,05-07-2025,NA,5867.29
2248,2248,2248,7,27-03-2026,Pending,4758.52
2249,2249,2249,7,05-08-2023,Cancelled,9974.64
2250,2250,2250,8,08-05-2024,Completed,5514.93
2251,2251,2251,5,18-10-2023,Pending,4116.92
2252,2252,2252,10,27-04-2026,Cancelled,10877.23
2253,2253,2253,4,11-09-2025,Cancelled,13570.89
2254,2254,2254,6,20-09-2023,Cancelled,2969.36
2255,2255,2255,8,19-12-2025,Completed,8066.31
2256,2256,2256,9,10-12-2024,Pending,13867.29
2257,2257,2257,6,23-05-2025,Completed,8671.91
2258,2258,2258,3,21-03-2024,Cancelled,14802.22
2259,2259,2259,3,05-03-2026,NA,9408.03
2260,2260,2260,7,27-09-2023,Cancelled,9936.94
2261,2261,2261,5,30-07-2025,NA,8108.67
2262,2262,2262,8,16-12-2024,Completed,7022.47
2263,2263,2263,-2,14-07-2025,Completed,5483.51
2264,2264,2264,9,04-07-2025,Cancelled,11826.3
2265,2265,2265,4,22-03-2025,Completed,8395.88
2266,2266,2266,10,15-06-2023,Cancelled,3151.28
2267,2267,2267,5,06-06-2023,Completed,10787.43
2268,2268,2268,9,29-11-2025,Completed,252.7
2269,2269,2269,10,27-05-2023,Cancelled,0
2270,2270,2270,1,25-06-2023,Completed,6773.24
2271,2271,2271,8,22-05-2023,NA,8910.13
2272,2272,2272,4,02-08-2025,NA,7098.56
2273,2273,2273,-2,17-11-2024,Completed,11225.19
2274,2274,2274,-2,12-10-2023,Pending,2485.98
2275,2275,2275,0,03-01-2025,Cancelled,2506.55
2276,2276,2276,2,23-05-2025,Pending,7942.34
2277,2277,2277,-2,07-08-2025,Completed,14539.03
2278,2278,2278,4,04-02-2024,Cancelled,2697.25
2279,2279,2279,0,30-05-2024,NA,4000.95
2280,2280,2280,-2,12-09-2024,Completed,3056.36
2281,2281,2281,0,14-02-2026,Pending,7007.31
2282,2282,2282,6,17-02-2026,Completed,7817.26
2283,2283,2283,4,07-04-2025,Completed,13590.68
2284,2284,2284,5,20-02-2026,Cancelled,14930.2
2285,2285,2285,1,05-11-2023,NA,14884.78
2286,2286,2286,7,08-09-2025,Pending,0
2287,2287,2287,4,05-01-2024,Completed,10132.53
2288,2288,2288,7,03-10-2024,Completed,4204.4
2289,2289,2289,6,02-04-2026,Cancelled,2246.29
2290,2290,2290,7,28-09-2024,Completed,1619.73
2291,2291,2291,8,11-11-2025,NA,7394.63
2292,2292,2292,1,31-01-2024,Pending,11631
2293,2293,2293,4,21-04-2025,Cancelled,0
2294,2294,2294,4,03-02-2026,Cancelled,1048.15
2295,2295,2295,4,20-05-2024,Cancelled,10491.32
2296,2296,2296,5,07-08-2024,NA,3458.79
2297,2297,2297,4,21-06-2024,Pending,9845.99
2298,2298,2298,5,21-02-2026,Completed,13510.8
2299,2299,2299,8,16-10-2023,Cancelled,6709.27
2300,2300,2300,-2,10-04-2025,Pending,11302.78
2301,2301,2301,6,16-11-2025,Completed,5977.84
2302,2302,2302,3,20-03-2024,Completed,11033.25
2303,2303,2303,-2,09-05-2025,Cancelled,12677.34
2304,2304,2304,7,22-03-2025,NA,14740.36
2305,2305,2305,7,03-11-2023,Cancelled,3720.04
2306,2306,2306,10,07-12-2023,Completed,1079.55
2307,2307,2307,4,18-05-2025,Cancelled,461.84
2308,2308,2308,5,27-07-2025,Completed,3084.47
2309,2309,2309,6,12-11-2024,Cancelled,12312.24
2310,2310,2310,9,15-03-2025,Completed,10843.54
2311,2311,2311,5,27-02-2024,Completed,13122.35
2312,2312,2312,1,23-12-2023,Completed,5678.37
2313,2313,2313,4,30-04-2026,NA,10900.1
2314,2314,2314,-2,24-11-2023,NA,6096.73
2315,2315,2315,4,29-01-2025,NA,13460.57
2316,2316,2316,8,12-12-2024,Completed,13535.91
2317,2317,2317,3,03-03-2024,Completed,12906.67
2318,2318,2318,2,19-06-2024,Completed,5835.88
2319,2319,2319,5,18-06-2025,NA,10601.14
2320,2320,2320,-2,12-08-2024,Pending,4326.89
2321,2321,2321,4,05-05-2025,Cancelled,10658.02
2322,2322,2322,-2,07-11-2023,Completed,4870.53
2323,2323,2323,-2,17-03-2024,Cancelled,12800.88
2324,2324,2324,0,19-09-2025,Cancelled,11747.45
2325,2325,2325,0,06-07-2024,Completed,8458.52
2326,2326,2326,5,06-06-2024,Pending,6184.26
2327,2327,2327,5,06-01-2026,Cancelled,4402.31
2328,2328,2328,5,23-12-2024,Cancelled,9593.36
2329,2329,2329,4,14-10-2024,Completed,10841.33
2330,2330,2330,8,26-07-2023,Cancelled,10573.72
2331,2331,2331,8,10-06-2023,Pending,6755.64
2332,2332,2332,6,29-10-2025,Pending,5214.53
2333,2333,2333,4,12-10-2023,NA,13712.8
2334,2334,2334,9,06-05-2023,Completed,5876.56
2335,2335,2335,7,08-03-2024,Completed,4739.31
2336,2336,2336,3,12-06-2025,NA,464.06
2337,2337,2337,4,23-03-2026,Completed,11012.32
2338,2338,2338,8,28-06-2023,Completed,0
2339,2339,2339,7,12-04-2024,Completed,145.82
2340,2340,2340,7,05-11-2024,Completed,3996.96
2341,2341,2341,7,04-02-2025,NA,13320.81
2342,2342,2342,3,06-03-2025,Cancelled,6235.99
2343,2343,2343,4,21-10-2025,Completed,7436.77
2344,2344,2344,9,28-07-2023,Pending,1098.34
2345,2345,2345,4,23-04-2024,NA,14868.64
2346,2346,2346,7,29-04-2026,Pending,11472.06
2347,2347,2347,3,16-03-2025,NA,10314.66
2348,2348,2348,-2,05-12-2025,NA,885.79
2349,2349,2349,4,08-04-2026,NA,7199.91
2350,2350,2350,6,05-03-2025,Cancelled,6992.9
2351,2351,2351,2,26-11-2023,Cancelled,7182.57
2352,2352,2352,0,18-09-2023,Completed,381.67
2353,2353,2353,5,30-09-2025,Cancelled,11093.82
2354,2354,2354,5,27-09-2023,NA,8242.64
2355,2355,2355,4,27-03-2025,Cancelled,10538.85
2356,2356,2356,6,22-04-2024,Pending,14050.08
2357,2357,2357,10,11-10-2023,Completed,7093.92
2358,2358,2358,4,28-10-2025,Pending,9711.97
2359,2359,2359,5,06-03-2024,Completed,8716.17
2360,2360,2360,-2,22-08-2024,NA,2666.56
2361,2361,2361,0,10-09-2025,Completed,11479.27
2362,2362,2362,4,11-10-2024,Pending,10708.54
2363,2363,2363,4,07-07-2023,Cancelled,6797.97
2364,2364,2364,10,23-05-2024,Cancelled,11590
2365,2365,2365,4,01-09-2025,NA,12971.14
2366,2366,2366,1,20-12-2025,Completed,356.89
2367,2367,2367,7,26-12-2025,NA,2164.63
2368,2368,2368,10,18-11-2023,Completed,10489.39
2369,2369,2369,4,04-12-2023,Completed,163.52
2370,2370,2370,4,05-07-2023,Pending,14064.2
2371,2371,2371,1,19-02-2024,Completed,49.42
2372,2372,2372,-2,12-07-2025,Cancelled,8350.56
2373,2373,2373,0,14-06-2024,Completed,10184.13
2374,2374,2374,6,08-07-2023,NA,11220.23
2375,2375,2375,6,30-04-2024,Cancelled,13622.42
2376,2376,2376,3,08-11-2023,Cancelled,4807.67
2377,2377,2377,9,10-01-2026,Pending,1596.79
2378,2378,2378,0,28-07-2025,Cancelled,1480.75
2379,2379,2379,10,02-12-2023,Completed,4166.95
2380,2380,2380,9,19-04-2026,Completed,0
2381,2381,2381,3,20-10-2024,Completed,2967.52
2382,2382,2382,7,01-12-2023,NA,13367.24
2383,2383,2383,2,25-06-2025,Cancelled,2687.16
2384,2384,2384,1,22-01-2026,Pending,8636.82
2385,2385,2385,2,02-07-2025,Completed,12859.99
2386,2386,2386,6,07-08-2023,Pending,11816.33
2387,2387,2387,2,23-11-2023,Completed,7372.77
2388,2388,2388,0,17-05-2023,Completed,2362.6
2389,2389,2389,3,04-02-2026,NA,9560.59
2390,2390,2390,7,04-06-2025,Cancelled,248.11
2391,2391,2391,2,29-08-2025,Completed,6056.86
2392,2392,2392,3,01-12-2025,Completed,613.91
2393,2393,2393,10,14-07-2025,Completed,1031.88
2394,2394,2394,8,04-12-2025,Cancelled,8208.64
2395,2395,2395,5,05-08-2024,Completed,5522.7
2396,2396,2396,5,29-09-2023,Completed,5292.91
2397,2397,2397,7,14-09-2024,Completed,3983.77
2398,2398,2398,4,13-12-2024,Completed,8541.3
2399,2399,2399,0,22-08-2025,Completed,12271.35
2400,2400,2400,0,01-06-2025,NA,12166.43
2401,2401,2401,5,28-08-2023,NA,7702.99
2402,2402,2402,-2,16-11-2025,Completed,12852.86
2403,2403,2403,-2,10-11-2024,Completed,10877.72
2404,2404,2404,0,01-09-2024,Completed,9750.34
2405,2405,2405,4,27-03-2026,NA,11517.14
2406,2406,2406,-2,01-03-2026,Completed,2558.19
2407,2407,2407,5,12-06-2025,Cancelled,1972.94
2408,2408,2408,9,27-11-2025,Pending,1145.55
2409,2409,2409,1,22-07-2025,Cancelled,13337.63
2410,2410,2410,10,02-03-2025,Pending,10533.56
2411,2411,2411,2,31-08-2024,Completed,2818
2412,2412,2412,4,06-03-2025,Cancelled,209.29
2413,2413,2413,9,10-01-2025,Completed,7030.28
2414,2414,2414,8,21-08-2025,NA,10488.46
2415,2415,2415,9,22-02-2025,NA,4087.98
2416,2416,2416,10,23-05-2023,Cancelled,8115.2
2417,2417,2417,7,16-01-2025,Cancelled,12302.66
2418,2418,2418,6,23-07-2025,NA,2370.73
2419,2419,2419,9,20-08-2025,Completed,1691.95
2420,2420,2420,2,15-12-2023,Completed,640.93
2421,2421,2421,3,13-05-2024,Completed,592.98
2422,2422,2422,7,23-10-2024,Completed,5315.23
2423,2423,2423,4,10-11-2024,Pending,11640.14
2424,2424,2424,4,30-12-2025,Completed,14178.07
2425,2425,2425,2,02-02-2026,Pending,1619.76
2426,2426,2426,5,17-02-2026,Completed,10808.58
2427,2427,2427,7,15-10-2024,Completed,6475.38
2428,2428,2428,3,30-11-2023,Cancelled,14336.38
2429,2429,2429,6,16-11-2025,Pending,1056.95
2430,2430,2430,-2,12-10-2025,Cancelled,9063.02
2431,2431,2431,6,08-02-2024,NA,5840.32
2432,2432,2432,-2,26-08-2023,Completed,3707.61
2433,2433,2433,0,16-03-2024,NA,9444.66
2434,2434,2434,4,23-02-2025,Completed,12509.15
2435,2435,2435,-2,27-02-2024,NA,3631.33
2436,2436,2436,4,08-08-2025,NA,6378.74
2437,2437,2437,7,29-05-2024,Pending,13279.97
2438,2438,2438,6,12-06-2024,Pending,11140.84
2439,2439,2439,4,23-09-2025,Pending,870.56
2440,2440,2440,6,19-03-2024,Cancelled,10824.75
2441,2441,2441,4,29-03-2024,NA,12865.3
2442,2442,2442,0,09-05-2025,Cancelled,7425.17
2443,2443,2443,8,15-12-2023,Cancelled,8986.17
2444,2444,2444,4,22-10-2023,Completed,9410.38
2445,2445,2445,-2,01-06-2025,NA,13751.1
2446,2446,2446,7,04-01-2025,Cancelled,1576.8
2447,2447,2447,4,12-06-2023,Completed,10117.57
2448,2448,2448,4,24-08-2023,Completed,12398.11
2449,2449,2449,3,18-10-2025,Completed,10777.95
2450,2450,2450,1,13-06-2023,Completed,0
2451,2451,2451,4,19-12-2024,Completed,1055.83
2452,2452,2452,2,07-01-2026,Pending,14108.95
2453,2453,2453,4,09-01-2026,Completed,8116.59
2454,2454,2454,6,13-11-2025,Cancelled,8657.22
2455,2455,2455,6,28-11-2024,Completed,10607.91
2456,2456,2456,3,03-06-2025,Completed,11079.6
2457,2457,2457,2,10-04-2024,NA,2967.79
2458,2458,2458,2,13-03-2024,Cancelled,11258.99
2459,2459,2459,4,26-05-2025,Pending,6542.07
2460,2460,2460,9,13-07-2025,Completed,7557.1
2461,2461,2461,5,10-01-2024,Cancelled,7155.12
2462,2462,2462,0,06-08-2023,Completed,4353.7
2463,2463,2463,-2,29-06-2025,Cancelled,9337.09
2464,2464,2464,6,27-11-2024,Cancelled,14939.76
2465,2465,2465,0,30-04-2024,Completed,363.64
2466,2466,2466,5,18-04-2026,Pending,4704.96
2467,2467,2467,1,04-06-2023,Pending,4047.04
2468,2468,2468,0,05-11-2025,Completed,139.16
2469,2469,2469,4,03-02-2025,Cancelled,1281.64
2470,2470,2470,0,27-08-2023,Cancelled,3514.11
2471,2471,2471,0,06-05-2023,Cancelled,5547.21
2472,2472,2472,1,06-10-2025,Cancelled,506.5
2473,2473,2473,8,18-11-2023,NA,13979.05
2474,2474,2474,5,07-03-2025,NA,2689.63
2475,2475,2475,4,13-05-2023,NA,13722.19
2476,2476,2476,10,12-01-2024,Completed,474.96
2477,2477,2477,0,12-01-2025,Pending,6945.24
2478,2478,2478,1,22-08-2025,Pending,870.88
2479,2479,2479,8,03-10-2023,Completed,2906.18
2480,2480,2480,10,17-07-2024,Completed,11195.94
2481,2481,2481,2,11-12-2024,Completed,7399.11
2482,2482,2482,8,15-07-2025,Completed,8354.13
2483,2483,2483,2,31-01-2025,Pending,14437.16
2484,2484,2484,8,27-08-2023,Completed,11334.23
2485,2485,2485,8,03-05-2025,Completed,2645.71
2486,2486,2486,9,06-06-2024,Cancelled,14217.82
2487,2487,2487,10,06-11-2024,Completed,6407.7
2488,2488,2488,6,07-09-2025,Pending,231.62
2489,2489,2489,9,14-02-2024,Completed,11833.92
2490,2490,2490,0,02-07-2024,Completed,5398.18
2491,2491,2491,10,15-01-2025,Completed,7667.16
2492,2492,2492,6,15-03-2025,Cancelled,12507.05
2493,2493,2493,2,03-01-2025,Cancelled,2873.02
2494,2494,2494,-2,07-10-2023,Pending,824.9
2495,2495,2495,10,19-10-2023,NA,6611.98
2496,2496,2496,10,27-03-2024,Completed,9813.36
2497,2497,2497,7,16-11-2024,Pending,11529.25
2498,2498,2498,1,21-02-2025,Pending,0
2499,2499,2499,3,09-03-2025,NA,910.37
2500,2500,2500,9,18-03-2024,Completed,9973.99
2501,2501,2501,3,04-08-2024,NA,9675.46
2502,2502,2502,5,23-01-2024,Completed,8322.19
2503,2503,2503,10,30-06-2023,Completed,10344.04
2504,2504,2504,2,05-03-2024,Completed,5901.88
2505,2505,2505,9,19-06-2024,Cancelled,1105.36
2506,2506,2506,2,05-04-2026,Cancelled,9443.84
2507,2507,2507,4,28-08-2023,NA,10937.48
2508,2508,2508,0,11-01-2025,Pending,605.21
2509,2509,2509,3,23-04-2025,Completed,2013.19
2510,2510,2510,2,19-12-2025,Cancelled,530.85
2511,2511,2511,0,26-11-2023,Completed,5546.85
2512,2512,2512,7,17-08-2024,Completed,8966.01
2513,2513,2513,2,18-03-2025,Cancelled,1675.01
2514,2514,2514,9,06-11-2025,Cancelled,12457.9
2515,2515,2515,2,04-02-2025,Pending,3779.6
2516,2516,2516,2,17-12-2025,Pending,1265.11
2517,2517,2517,10,26-06-2024,Pending,8834.16
2518,2518,2518,1,29-11-2025,Completed,4362.77
2519,2519,2519,5,16-03-2025,Cancelled,4369.21
2520,2520,2520,6,20-09-2024,Cancelled,8721.23
2521,2521,2521,-2,10-01-2024,Pending,8837.79
2522,2522,2522,3,23-06-2024,Completed,10607.19
2523,2523,2523,5,02-02-2024,Cancelled,9255.13
2524,2524,2524,8,15-05-2025,Cancelled,10497.83
2525,2525,2525,-2,17-09-2025,NA,2525.7
2526,2526,2526,4,16-06-2024,NA,1542.6
2527,2527,2527,6,24-08-2023,Pending,12103.69
2528,2528,2528,8,17-06-2024,Completed,7727.54
2529,2529,2529,7,12-10-2023,NA,754.01
2530,2530,2530,0,11-09-2023,Pending,4912.21
2531,2531,2531,10,29-04-2025,Pending,6291.33
2532,2532,2532,4,23-11-2023,NA,4983.66
2533,2533,2533,7,24-08-2024,Completed,6335.79
2534,2534,2534,7,18-07-2023,Completed,3799.18
2535,2535,2535,4,16-05-2025,Pending,959.53
2536,2536,2536,3,22-04-2024,Cancelled,4601.4
2537,2537,2537,1,12-11-2025,Pending,9239.41
2538,2538,2538,6,19-03-2024,Cancelled,13894.78
2539,2539,2539,3,27-01-2024,Pending,1234.21
2540,2540,2540,0,03-03-2024,Cancelled,12268.61
2541,2541,2541,-2,15-03-2026,Completed,2496.17
2542,2542,2542,3,17-06-2025,Pending,3035.09
2543,2543,2543,5,12-11-2024,NA,9545.81
2544,2544,2544,1,16-04-2025,NA,6706.97
2545,2545,2545,6,03-10-2025,Pending,14647.9
2546,2546,2546,7,08-05-2025,Cancelled,11552.03
2547,2547,2547,8,24-04-2024,Completed,5550.21
2548,2548,2548,2,12-11-2024,Completed,10567.39
2549,2549,2549,5,12-01-2025,Cancelled,7009.97
2550,2550,2550,5,07-05-2023,Pending,10483.17
2551,2551,2551,1,22-06-2025,Completed,4815.63
2552,2552,2552,-2,18-08-2023,Cancelled,3100.47
2553,2553,2553,9,14-11-2023,Cancelled,12150.18
2554,2554,2554,7,13-10-2025,Completed,11079.42
2555,2555,2555,2,09-07-2023,Pending,5600.37
2556,2556,2556,2,21-07-2025,Cancelled,2416.56
2557,2557,2557,8,25-05-2024,NA,3011.5
2558,2558,2558,1,09-09-2025,Completed,0
2559,2559,2559,0,05-01-2026,Completed,11274.57
2560,2560,2560,1,23-04-2026,Completed,13578.18
2561,2561,2561,9,08-07-2025,Completed,11123.2
2562,2562,2562,-2,09-06-2025,Completed,7774.73
2563,2563,2563,7,12-07-2023,Pending,10769.65
2564,2564,2564,3,18-04-2024,Cancelled,8975.5
2565,2565,2565,4,14-04-2025,Completed,537.01
2566,2566,2566,4,05-02-2026,Cancelled,7211.78
2567,2567,2567,2,27-11-2024,Pending,4252.04
2568,2568,2568,9,11-07-2024,Completed,1327.77
2569,2569,2569,10,04-08-2024,Pending,12303.14
2570,2570,2570,1,15-04-2026,Completed,9485.45
2571,2571,2571,4,14-02-2026,NA,9264.05
2572,2572,2572,6,03-11-2023,Completed,6137.7
2573,2573,2573,9,19-12-2023,Pending,5926.88
2574,2574,2574,3,30-06-2025,Completed,8702.84
2575,2575,2575,6,16-08-2025,NA,1539.24
2576,2576,2576,6,17-05-2024,NA,9668.91
2577,2577,2577,9,17-12-2025,Pending,13878.69
2578,2578,2578,8,27-02-2024,Cancelled,4750.7
2579,2579,2579,5,29-10-2024,Completed,12971.01
2580,2580,2580,1,29-04-2024,NA,1794.53
2581,2581,2581,5,21-03-2025,Completed,4746.01
2582,2582,2582,10,12-10-2023,NA,8980.96
2583,2583,2583,4,13-07-2023,NA,8413.95
2584,2584,2584,4,18-01-2026,Completed,5926.61
2585,2585,2585,8,28-08-2025,Pending,9533.37
2586,2586,2586,-2,08-07-2023,Cancelled,14484.59
2587,2587,2587,4,25-08-2024,NA,11799.7
2588,2588,2588,2,13-12-2023,NA,10472.27
2589,2589,2589,7,19-12-2025,Completed,2660.98
2590,2590,2590,10,19-03-2025,Pending,6340.35
2591,2591,2591,10,16-11-2023,Completed,9726.98
2592,2592,2592,-2,04-04-2024,Completed,1320.2
2593,2593,2593,7,27-06-2025,Pending,8564.69
2594,2594,2594,0,25-08-2024,Completed,9863.61
2595,2595,2595,6,01-03-2025,Completed,10073.5
2596,2596,2596,1,04-07-2023,Completed,0
2597,2597,2597,3,27-01-2025,Completed,14314.99
2598,2598,2598,6,31-01-2026,NA,3844.52
2599,2599,2599,9,26-04-2025,Completed,8492.09
2600,2600,2600,4,24-12-2025,Pending,12849.31
2601,2601,2601,5,26-07-2024,Cancelled,13973.58
2602,2602,2602,10,16-10-2025,Cancelled,4815.82
2603,2603,2603,7,26-06-2025,NA,14541.34
2604,2604,2604,3,12-12-2025,Cancelled,8389.99
2605,2605,2605,7,24-09-2024,Completed,13011.15
2606,2606,2606,10,07-11-2025,Completed,12417.73
2607,2607,2607,0,11-02-2026,Completed,3576.82
2608,2608,2608,3,21-10-2025,Pending,8227.16
2609,2609,2609,7,09-09-2023,Completed,8818.2
2610,2610,2610,2,05-03-2026,Completed,10384.98
2611,2611,2611,8,24-09-2024,Cancelled,5225.51
2612,2612,2612,5,07-07-2025,Pending,5341.24
2613,2613,2613,1,25-12-2025,Completed,10425.5
2614,2614,2614,10,02-05-2026,NA,9870.97
2615,2615,2615,7,03-09-2025,Completed,5109.77
2616,2616,2616,6,17-03-2026,Completed,5580.86
2617,2617,2617,10,17-01-2025,Completed,9539.6
2618,2618,2618,5,20-08-2024,Completed,8721.11
2619,2619,2619,10,28-03-2024,Cancelled,12561.57
2620,2620,2620,2,05-10-2025,Completed,2006.98
2621,2621,2621,4,03-06-2025,Completed,10944
2622,2622,2622,2,15-03-2025,Completed,1717.76
2623,2623,2623,1,14-04-2024,Pending,12122.39
2624,2624,2624,4,23-11-2025,NA,3748.57
2625,2625,2625,10,05-09-2025,NA,11466.92
2626,2626,2626,7,21-05-2023,NA,13876.11
2627,2627,2627,0,05-03-2025,NA,4984.4
2628,2628,2628,4,08-12-2025,Cancelled,3608.82
2629,2629,2629,2,12-10-2025,Cancelled,6472.49
2630,2630,2630,4,26-03-2024,Completed,1603.14
2631,2631,2631,4,26-10-2025,Completed,2354.75
2632,2632,2632,4,26-09-2025,Completed,10684.28
2633,2633,2633,7,07-11-2025,Completed,1795.13
2634,2634,2634,7,19-09-2024,Pending,13361.24
2635,2635,2635,4,03-12-2024,NA,412.3
2636,2636,2636,3,19-09-2024,Cancelled,9224.51
2637,2637,2637,1,09-12-2023,NA,8373.39
2638,2638,2638,4,19-03-2024,Completed,9311.54
2639,2639,2639,-2,02-08-2024,NA,99.6
2640,2640,2640,-2,21-04-2024,Pending,3272.06
2641,2641,2641,-2,03-01-2024,NA,10801.81
2642,2642,2642,8,07-02-2024,Pending,1035.32
2643,2643,2643,5,24-03-2026,Completed,8740.74
2644,2644,2644,7,26-12-2023,Completed,5803.06
2645,2645,2645,4,24-01-2025,Pending,2519.91
2646,2646,2646,10,09-10-2024,Completed,10822.92
2647,2647,2647,2,20-01-2025,Cancelled,6331.52
2648,2648,2648,6,10-06-2025,Completed,2793.38
2649,2649,2649,5,29-10-2025,Completed,5503.99
2650,2650,2650,5,25-03-2024,Completed,230.98
2651,2651,2651,-2,08-08-2023,Completed,0
2652,2652,2652,9,21-09-2025,Pending,12864.84
2653,2653,2653,4,26-10-2025,Completed,8161.94
2654,2654,2654,3,16-10-2023,Completed,9703.39
2655,2655,2655,3,25-07-2025,Completed,1574.01
2656,2656,2656,10,28-07-2023,Completed,0
2657,2657,2657,-2,24-12-2025,NA,793.4
2658,2658,2658,6,30-05-2025,Completed,8483.09
2659,2659,2659,-2,30-04-2026,Pending,4479.98
2660,2660,2660,9,02-12-2025,Completed,3389.3
2661,2661,2661,9,12-05-2024,Completed,12273.54
2662,2662,2662,2,12-01-2024,Pending,830.58
2663,2663,2663,4,25-01-2026,Completed,2056.75
2664,2664,2664,4,09-07-2025,Cancelled,8210.01
2665,2665,2665,0,21-07-2024,Completed,7494.91
2666,2666,2666,5,20-10-2023,Completed,1338.05
2667,2667,2667,-2,08-08-2024,NA,1123
2668,2668,2668,2,08-08-2025,NA,764.15
2669,2669,2669,2,20-10-2024,Cancelled,11628.27
2670,2670,2670,2,10-11-2025,NA,7259.16
2671,2671,2671,10,13-02-2024,Completed,5918.45
2672,2672,2672,2,25-12-2024,NA,13942.14
2673,2673,2673,4,27-10-2024,NA,4134.92
2674,2674,2674,9,06-04-2026,Completed,14579.28
2675,2675,2675,5,05-10-2025,Completed,5419
2676,2676,2676,10,18-11-2023,Pending,10438.76
2677,2677,2677,7,21-01-2024,Cancelled,7543.82
2678,2678,2678,7,16-04-2026,Cancelled,1176.47
2679,2679,2679,8,12-06-2024,NA,14900.55
2680,2680,2680,7,19-06-2023,Completed,9338.2
2681,2681,2681,10,29-01-2024,Cancelled,11475.16
2682,2682,2682,4,18-09-2025,NA,7646.22
2683,2683,2683,7,06-12-2024,Completed,4343.24
2684,2684,2684,8,18-11-2024,Cancelled,4893.47
2685,2685,2685,4,14-11-2023,Cancelled,0
2686,2686,2686,4,20-09-2024,Completed,8296.89
2687,2687,2687,7,19-07-2025,Completed,7415.64
2688,2688,2688,0,14-07-2025,Completed,13230.41
2689,2689,2689,0,24-04-2024,NA,2717.44
2690,2690,2690,4,24-11-2023,Pending,2280.91
2691,2691,2691,4,22-05-2024,NA,2473.69
2692,2692,2692,3,19-05-2023,NA,5919.64
2693,2693,2693,0,07-09-2023,NA,2174.73
2694,2694,2694,5,14-05-2025,Completed,5441.22
2695,2695,2695,3,22-02-2025,Completed,78.26
2696,2696,2696,10,03-11-2025,Cancelled,4332.26
2697,2697,2697,8,02-03-2024,Pending,10312.69
2698,2698,2698,1,26-11-2024,Cancelled,14878.29
2699,2699,2699,3,07-01-2025,Cancelled,7149.02
2700,2700,2700,1,18-07-2023,Completed,13130.52
2701,2701,2701,7,07-06-2024,Cancelled,9694.51
2702,2702,2702,4,17-03-2025,Cancelled,3033.6
2703,2703,2703,3,07-08-2024,Completed,0
2704,2704,2704,8,27-09-2025,NA,37.69
2705,2705,2705,0,25-01-2024,Completed,1347.15
2706,2706,2706,-2,30-04-2026,Completed,1783.95
2707,2707,2707,0,06-08-2023,Pending,0
2708,2708,2708,4,04-10-2023,Completed,10655.76
2709,2709,2709,3,30-01-2024,Cancelled,10204.83
2710,2710,2710,4,04-09-2025,Pending,9380.24
2711,2711,2711,3,07-06-2023,Completed,5754.01
2712,2712,2712,4,09-10-2023,Cancelled,14503.96
2713,2713,2713,6,22-10-2025,Cancelled,1301.62
2714,2714,2714,9,25-01-2024,NA,5015.17
2715,2715,2715,7,01-04-2025,NA,5966.82
2716,2716,2716,0,19-05-2024,Pending,13358.13
2717,2717,2717,3,16-06-2025,Completed,14708.28
2718,2718,2718,6,30-03-2025,Cancelled,1555.26
2719,2719,2719,4,13-10-2024,Completed,2806.44
2720,2720,2720,9,24-03-2026,NA,9425.96
2721,2721,2721,1,30-09-2024,NA,14588.38
2722,2722,2722,10,27-02-2026,Cancelled,2119.01
2723,2723,2723,7,20-07-2025,Completed,10715.41
2724,2724,2724,10,04-09-2023,Pending,1117.4
2725,2725,2725,4,12-09-2025,Pending,3251.21
2726,2726,2726,1,28-01-2025,Pending,9046.36
2727,2727,2727,8,23-02-2026,Pending,11807.6
2728,2728,2728,-2,23-12-2023,Pending,9440.9
2729,2729,2729,0,20-10-2024,Completed,3611.38
2730,2730,2730,5,30-04-2024,Completed,5249.08
2731,2731,2731,0,22-10-2024,Completed,4259.31
2732,2732,2732,10,13-09-2024,Completed,1072.97
2733,2733,2733,0,10-08-2025,Pending,5805.23
2734,2734,2734,5,05-10-2025,Completed,2896.18
2735,2735,2735,4,01-02-2026,Cancelled,10446.39
2736,2736,2736,2,12-12-2023,NA,6557.39
2737,2737,2737,7,28-02-2025,Completed,4688.04
2738,2738,2738,7,10-06-2025,Cancelled,10501.57
2739,2739,2739,0,26-06-2023,Completed,3326.72
2740,2740,2740,10,19-09-2025,Completed,3318.65
2741,2741,2741,8,14-03-2025,Completed,11996.91
2742,2742,2742,9,14-03-2026,Pending,7751.33
2743,2743,2743,6,26-01-2026,NA,2829.46
2744,2744,2744,6,20-04-2025,Cancelled,11469.93
2745,2745,2745,8,19-05-2023,NA,12166.75
2746,2746,2746,8,16-11-2023,Pending,0
2747,2747,2747,6,15-09-2025,Completed,3091.52
2748,2748,2748,2,04-09-2024,NA,13816.32
2749,2749,2749,1,03-08-2025,Pending,11581.72
2750,2750,2750,4,07-09-2023,NA,13275.15
2751,2751,2751,10,05-11-2023,Completed,8209.83
2752,2752,2752,5,04-05-2025,Completed,2683.96
2753,2753,2753,2,22-06-2024,Cancelled,4663.34
2754,2754,2754,9,24-03-2026,NA,7944.27
2755,2755,2755,2,25-10-2023,Cancelled,4320.04
2756,2756,2756,2,26-12-2025,Completed,4263.01
2757,2757,2757,1,21-05-2024,NA,9773.96
2758,2758,2758,7,06-01-2024,NA,9677.1
2759,2759,2759,4,08-02-2026,Pending,2267.57
2760,2760,2760,-2,18-08-2025,Completed,9441.22
2761,2761,2761,1,18-11-2025,NA,11865.28
2762,2762,2762,2,08-05-2023,Completed,1171.74
2763,2763,2763,7,09-04-2026,NA,10023.37
2764,2764,2764,10,24-02-2026,Completed,9593.61
2765,2765,2765,7,21-10-2023,Cancelled,8870.22
2766,2766,2766,1,12-03-2024,Completed,9457.89
2767,2767,2767,6,11-10-2025,Cancelled,14935.23
2768,2768,2768,5,23-03-2026,NA,0
2769,2769,2769,-2,12-03-2024,Completed,11860.55
2770,2770,2770,1,24-12-2023,Cancelled,6418.77
2771,2771,2771,4,21-01-2026,Completed,3094
2772,2772,2772,4,07-11-2025,Completed,13546.12
2773,2773,2773,6,30-11-2023,Completed,13588.97
2774,2774,2774,2,24-03-2025,Pending,1690.96
2775,2775,2775,8,31-10-2023,Pending,14452.63
2776,2776,2776,2,29-10-2024,Completed,7399.3
2777,2777,2777,4,11-12-2025,NA,13313.01
2778,2778,2778,9,19-07-2023,NA,4657.5
2779,2779,2779,0,30-10-2025,NA,8828.62
2780,2780,2780,7,02-11-2023,Pending,5488.85
2781,2781,2781,9,19-08-2024,Completed,1458.55
2782,2782,2782,4,15-06-2025,Cancelled,10139.99
2783,2783,2783,6,24-11-2023,Pending,8750.38
2784,2784,2784,4,21-11-2024,NA,4816.41
2785,2785,2785,0,19-01-2026,Pending,7801.49
2786,2786,2786,0,12-01-2025,Completed,6011.88
2787,2787,2787,4,24-01-2024,Pending,4932.81
2788,2788,2788,10,27-11-2025,Completed,13173.99
2789,2789,2789,8,23-01-2024,Cancelled,8242.48
2790,2790,2790,7,21-08-2025,Pending,7373.39
2791,2791,2791,2,22-03-2024,Completed,10488.07
2792,2792,2792,3,04-03-2024,Pending,6647.2
2793,2793,2793,1,27-01-2024,Cancelled,2539.15
2794,2794,2794,-2,07-08-2025,Cancelled,0
2795,2795,2795,0,13-09-2025,NA,8159.55
2796,2796,2796,4,11-11-2023,NA,8973.42
2797,2797,2797,8,07-04-2025,Completed,12466.98
2798,2798,2798,0,03-12-2024,NA,10942.67
2799,2799,2799,0,14-02-2026,Pending,11964.87
2800,2800,2800,5,11-10-2023,Completed,0
2801,2801,2801,0,26-12-2024,Pending,2463.63
2802,2802,2802,4,13-07-2025,Completed,4598.71
2803,2803,2803,10,30-08-2024,Cancelled,477.83
2804,2804,2804,1,19-06-2023,Cancelled,14372.93
2805,2805,2805,4,21-02-2025,Pending,9799.13
2806,2806,2806,10,22-02-2024,Pending,12628
2807,2807,2807,3,31-03-2025,Completed,14330.22
2808,2808,2808,1,20-11-2024,Cancelled,8336.49
2809,2809,2809,0,28-06-2025,Completed,11027.05
2810,2810,2810,7,26-06-2024,Pending,4148.61
2811,2811,2811,10,30-05-2023,Cancelled,12807.97
2812,2812,2812,10,25-10-2025,Pending,13476.56
2813,2813,2813,1,05-03-2024,Pending,9036.8
2814,2814,2814,-2,26-04-2026,Pending,10190.72
2815,2815,2815,5,12-01-2024,NA,3232.9
2816,2816,2816,4,30-06-2023,Completed,10527.56
2817,2817,2817,-2,01-07-2025,Completed,10659.6
2818,2818,2818,5,03-05-2025,Completed,7005.09
2819,2819,2819,2,05-09-2024,NA,13076.37
2820,2820,2820,10,08-10-2024,Completed,4856.32
2821,2821,2821,6,09-07-2025,Pending,13388.53
2822,2822,2822,1,21-10-2023,NA,7559.45
2823,2823,2823,4,17-09-2023,Completed,11297.77
2824,2824,2824,10,07-09-2023,Pending,6871.34
2825,2825,2825,5,24-01-2026,Cancelled,8740.46
2826,2826,2826,2,28-12-2025,Pending,8552.46
2827,2827,2827,4,15-05-2023,NA,5989.71
2828,2828,2828,5,16-08-2025,NA,1526.64
2829,2829,2829,2,14-05-2023,Pending,11329.87
2830,2830,2830,8,27-05-2025,NA,4910.2
2831,2831,2831,10,25-03-2025,Cancelled,2369.12
2832,2832,2832,10,24-02-2024,NA,12479.39
2833,2833,2833,-2,29-09-2025,Completed,13241.72
2834,2834,2834,3,15-04-2024,Completed,8946.1
2835,2835,2835,7,27-11-2023,Pending,5091.83
2836,2836,2836,8,18-10-2024,Cancelled,13435.12
2837,2837,2837,5,27-03-2025,Completed,6217.31
2838,2838,2838,2,06-11-2025,Completed,12680.09
2839,2839,2839,7,08-07-2023,NA,9065.9
2840,2840,2840,4,11-11-2023,Completed,2364.74
2841,2841,2841,0,17-01-2025,Completed,13052.77
2842,2842,2842,7,16-06-2025,Pending,0
2843,2843,2843,0,28-07-2025,Pending,0
2844,2844,2844,4,05-02-2026,Cancelled,5103.72
2845,2845,2845,4,18-04-2024,Cancelled,13401.23
2846,2846,2846,7,18-04-2025,Pending,13928.17
2847,2847,2847,7,27-09-2024,Cancelled,963.05
2848,2848,2848,3,26-08-2023,Completed,5224.84
2849,2849,2849,-2,24-03-2024,Pending,1725
2850,2850,2850,3,09-02-2025,Completed,10567.56
2851,2851,2851,9,23-04-2025,Completed,9211.43
2852,2852,2852,8,12-12-2023,Pending,4404.2
2853,2853,2853,4,31-10-2023,Pending,1344.26
2854,2854,2854,8,22-12-2025,Cancelled,6371.34
2855,2855,2855,2,20-10-2023,Completed,11316.35
2856,2856,2856,-2,24-12-2025,Completed,12755.28
2857,2857,2857,1,10-12-2025,Cancelled,12486.21
2858,2858,2858,5,05-10-2023,NA,2275.28
2859,2859,2859,9,14-11-2023,Completed,9914.32
2860,2860,2860,9,22-09-2023,Cancelled,14769.86
2861,2861,2861,4,13-04-2024,Cancelled,179.3
2862,2862,2862,1,27-12-2024,Completed,8009.91
2863,2863,2863,1,24-01-2025,Completed,14605.36
2864,2864,2864,7,09-12-2023,Cancelled,11555.01
2865,2865,2865,4,14-11-2025,Pending,1126.26
2866,2866,2866,1,27-05-2023,NA,12326.29
2867,2867,2867,9,27-01-2025,Pending,5747.21
2868,2868,2868,1,15-05-2025,Completed,5847.03
2869,2869,2869,0,06-05-2025,NA,10827.35
2870,2870,2870,7,18-09-2025,Completed,11843.99
2871,2871,2871,10,08-05-2024,Cancelled,13689.54
2872,2872,2872,1,12-05-2023,Pending,10426.01
2873,2873,2873,7,07-12-2023,NA,2613.67
2874,2874,2874,-2,13-12-2023,NA,14635.72
2875,2875,2875,4,29-09-2024,Completed,2225.14
2876,2876,2876,4,17-12-2024,NA,3509
2877,2877,2877,4,04-07-2025,NA,11045.17
2878,2878,2878,2,28-05-2025,Cancelled,677.59
2879,2879,2879,8,04-11-2024,Cancelled,12085.39
2880,2880,2880,3,11-01-2025,Completed,3176.6
2881,2881,2881,4,31-07-2023,Completed,5266.56
2882,2882,2882,4,30-08-2024,NA,14919.47
2883,2883,2883,8,18-11-2024,Completed,11506.4
2884,2884,2884,0,12-05-2023,Cancelled,4808.92
2885,2885,2885,1,30-06-2025,Completed,0
2886,2886,2886,6,14-02-2024,Cancelled,5833.16
2887,2887,2887,0,10-01-2026,Cancelled,2870.93
2888,2888,2888,10,09-04-2025,Completed,6810.64
2889,2889,2889,6,25-08-2024,Completed,7336.65
2890,2890,2890,7,21-07-2023,Completed,235
2891,2891,2891,-2,15-04-2026,Cancelled,2362.59
2892,2892,2892,3,17-05-2024,Pending,13540
2893,2893,2893,10,19-12-2025,Cancelled,4258.82
2894,2894,2894,6,18-07-2024,NA,1051.4
2895,2895,2895,7,27-01-2025,Pending,1096.38
2896,2896,2896,4,21-07-2024,Completed,5979.08
2897,2897,2897,9,08-05-2023,Pending,12749.37
2898,2898,2898,3,09-01-2025,Cancelled,13210.51
2899,2899,2899,8,19-07-2024,Completed,10137.48
2900,2900,2900,-2,31-10-2023,Pending,4168.41
2901,2901,2901,4,04-06-2025,Completed,4332.93
2902,2902,2902,4,22-01-2024,Pending,3095.99
2903,2903,2903,5,23-09-2023,NA,5593.13
2904,2904,2904,5,26-11-2025,Completed,3056.68
2905,2905,2905,2,09-10-2024,Cancelled,43.23
2906,2906,2906,4,26-05-2025,Pending,12335.39
2907,2907,2907,6,26-10-2025,Pending,10826.32
2908,2908,2908,6,31-03-2024,Cancelled,1716.63
2909,2909,2909,5,29-12-2023,Cancelled,7941.59
2910,2910,2910,8,29-09-2024,NA,12237.63
2911,2911,2911,7,22-05-2025,Pending,6084.48
2912,2912,2912,10,04-02-2024,Pending,6647.48
2913,2913,2913,6,04-01-2026,Pending,10254.56
2914,2914,2914,10,29-11-2025,Completed,5214.99
2915,2915,2915,8,01-09-2025,NA,12321.09
2916,2916,2916,7,19-07-2024,NA,5359.29
2917,2917,2917,5,13-04-2025,Completed,7603.21
2918,2918,2918,-2,16-07-2024,NA,19.07
2919,2919,2919,2,19-06-2025,Completed,6136.94
2920,2920,2920,0,18-10-2025,NA,1611.34
2921,2921,2921,10,25-06-2023,Completed,862.76
2922,2922,2922,6,20-06-2024,Cancelled,7610.37
2923,2923,2923,6,02-11-2025,Cancelled,13497.96
2924,2924,2924,-2,13-07-2024,NA,2405.37
2925,2925,2925,2,03-10-2023,Pending,5526.48
2926,2926,2926,10,31-07-2023,Completed,7012.06
2927,2927,2927,-2,31-03-2026,Pending,1311.02
2928,2928,2928,8,08-11-2024,Completed,1624.85
2929,2929,2929,-2,15-01-2024,Pending,3836.94
2930,2930,2930,9,08-12-2024,Completed,4236.16
2931,2931,2931,10,31-10-2025,Completed,518.61
2932,2932,2932,5,03-10-2023,Completed,2128.93
2933,2933,2933,2,19-02-2025,Completed,1998.63
2934,2934,2934,7,07-12-2023,Pending,14229.65
2935,2935,2935,9,25-03-2025,Completed,11302.6
2936,2936,2936,10,18-02-2026,Cancelled,3454.28
2937,2937,2937,9,29-04-2025,Cancelled,4168.57
2938,2938,2938,-2,03-11-2023,Completed,13459.77
2939,2939,2939,3,10-12-2024,NA,9774.75
2940,2940,2940,0,05-08-2023,Completed,6258.11
2941,2941,2941,4,23-06-2024,NA,8992.75
2942,2942,2942,1,11-08-2023,NA,4416.04
2943,2943,2943,3,13-10-2023,Completed,14266.07
2944,2944,2944,9,11-07-2025,Pending,14969.1
2945,2945,2945,4,15-11-2025,Pending,5161.08
2946,2946,2946,-2,01-09-2023,Completed,949.67
2947,2947,2947,2,30-08-2023,Completed,9563.41
2948,2948,2948,0,20-03-2024,NA,2826.08
2949,2949,2949,4,19-08-2023,Completed,10298.14
2950,2950,2950,8,24-06-2024,Completed,588.57
2951,2951,2951,10,04-01-2025,NA,3338.98
2952,2952,2952,1,23-07-2024,NA,11577.11
2953,2953,2953,4,09-09-2024,Completed,7212.13
2954,2954,2954,7,17-07-2023,Cancelled,14733.4
2955,2955,2955,8,06-09-2023,Completed,6438.15
2956,2956,2956,6,06-01-2024,Completed,8184.7
2957,2957,2957,4,09-06-2024,Pending,12166.08
2958,2958,2958,10,08-04-2024,Completed,12601.31
2959,2959,2959,0,17-07-2025,NA,6668.98
2960,2960,2960,4,23-05-2023,Completed,11152.58
2961,2961,2961,0,01-05-2025,NA,13409.62
2962,2962,2962,3,30-05-2024,Cancelled,5391.11
2963,2963,2963,6,31-08-2025,Pending,5233.3
2964,2964,2964,2,24-05-2023,Pending,9060.96
2965,2965,2965,4,16-11-2024,Pending,6560.05
2966,2966,2966,0,25-01-2024,Pending,0
2967,2967,2967,6,07-02-2024,Completed,11709.94
2968,2968,2968,2,01-09-2025,Completed,7341.52
2969,2969,2969,4,05-07-2024,Completed,13683.07
2970,2970,2970,7,19-04-2025,NA,13448.37
2971,2971,2971,5,06-07-2024,Completed,13990.29
2972,2972,2972,7,19-10-2025,Pending,8208.95
2973,2973,2973,3,27-11-2023,Pending,8999.06
2974,2974,2974,6,23-05-2024,NA,12623.61
2975,2975,2975,4,09-02-2025,NA,7161.51
2976,2976,2976,0,28-06-2025,NA,12040.59
2977,2977,2977,10,16-05-2024,Completed,4693.86
2978,2978,2978,6,14-08-2025,Cancelled,11251.15
2979,2979,2979,6,29-05-2025,Completed,3146.5
2980,2980,2980,7,08-03-2024,Completed,3836.61
2981,2981,2981,7,13-03-2024,Completed,5787.1
2982,2982,2982,9,25-11-2023,Pending,13469.27
2983,2983,2983,-2,09-02-2026,Completed,11043.89
2984,2984,2984,10,01-01-2026,NA,0
2985,2985,2985,4,11-02-2025,Cancelled,4222.22
2986,2986,2986,8,24-05-2024,Completed,12037.53
2987,2987,2987,10,26-04-2026,Cancelled,11234.98
2988,2988,2988,2,11-03-2026,Cancelled,10200.37
2989,2989,2989,6,12-04-2026,NA,3209.87
2990,2990,2990,3,20-07-2024,Completed,2723.8
2991,2991,2991,4,20-02-2024,Completed,8124.67
2992,2992,2992,1,09-02-2026,Cancelled,7303.95
2993,2993,2993,5,17-04-2025,Cancelled,3001.59
2994,2994,2994,8,09-09-2023,Cancelled,2763.41
2995,2995,2995,1,08-09-2024,Pending,2851.45
2996,2996,2996,2,19-10-2023,Cancelled,217.24
2997,2997,2997,5,28-01-2024,NA,953.64
2998,2998,2998,4,30-05-2023,Completed,2085.58
2999,2999,2999,7,04-03-2024,Completed,10367.83
3000,3000,3000,4,14-06-2023,NA,1269.52
3001,3001,3001,5,26-05-2023,NA,5228.4
3002,3002,3002,3,02-08-2024,Completed,4275
3003,3003,3003,4,16-01-2024,Completed,9143.93
3004,3004,3004,6,26-05-2024,Completed,4706.82
3005,3005,3005,7,26-11-2025,Cancelled,703.48
3006,3006,3006,8,03-03-2024,Pending,7608.65
3007,3007,3007,4,02-10-2024,Completed,13160.32
3008,3008,3008,10,19-11-2023,Completed,6924.84
3009,3009,3009,2,15-01-2026,Completed,1454.92
3010,3010,3010,8,10-02-2026,Pending,5157.47
3011,3011,3011,4,21-06-2024,Completed,8513.17
3012,3012,3012,9,15-02-2024,Cancelled,12760.9
3013,3013,3013,9,02-10-2024,NA,8837.43
3014,3014,3014,3,11-08-2023,Cancelled,9320.66
3015,3015,3015,7,08-12-2024,Pending,14982.67
3016,3016,3016,1,11-12-2024,Completed,4195.02
3017,3017,3017,7,26-09-2024,Pending,12627.03
3018,3018,3018,0,06-04-2024,Completed,12501.62
3019,3019,3019,0,26-05-2023,NA,877.74
3020,3020,3020,7,26-05-2023,NA,8610.75
3021,3021,3021,0,09-12-2025,Completed,8844.19
3022,3022,3022,5,20-08-2025,Completed,7137.44
3023,3023,3023,3,21-07-2024,NA,5957.22
3024,3024,3024,10,31-07-2023,Pending,200
3025,3025,3025,2,05-11-2024,Completed,9638.05
3026,3026,3026,5,19-02-2025,NA,7722.78
3027,3027,3027,4,04-05-2024,Pending,7782.28
3028,3028,3028,8,23-11-2023,NA,1727.82
3029,3029,3029,9,10-06-2023,Cancelled,2737.67
3030,3030,3030,9,29-06-2025,Completed,1104.69
3031,3031,3031,-2,20-07-2025,NA,5261.29
3032,3032,3032,4,20-08-2025,Cancelled,4577.02
3033,3033,3033,9,02-03-2026,Completed,9417.1
3034,3034,3034,5,14-02-2026,Cancelled,2385.92
3035,3035,3035,2,26-07-2025,NA,2918.84
3036,3036,3036,10,13-10-2023,NA,9579.91
3037,3037,3037,0,05-01-2025,Completed,7983.02
3038,3038,3038,2,25-08-2023,NA,6083.17
3039,3039,3039,0,14-01-2024,Completed,6859.27
3040,3040,3040,4,28-03-2025,Cancelled,5242.3
3041,3041,3041,10,01-06-2023,Pending,7944.72
3042,3042,3042,5,30-11-2025,Completed,14015.1
3043,3043,3043,10,04-11-2025,Completed,9069.07
3044,3044,3044,8,08-08-2023,NA,12543.42
3045,3045,3045,2,20-03-2024,Completed,11288.94
3046,3046,3046,2,12-08-2025,NA,5666.69
3047,3047,3047,3,14-08-2024,Pending,14638.87
3048,3048,3048,1,18-01-2025,NA,12957.72
3049,3049,3049,9,02-09-2024,NA,8790.7
3050,3050,3050,4,04-05-2024,Completed,0
3051,3051,3051,4,29-11-2024,Completed,14078.96
3052,3052,3052,8,03-11-2025,NA,13960.03
3053,3053,3053,0,19-05-2025,Completed,12207.3
3054,3054,3054,8,23-05-2024,Cancelled,9669.29
3055,3055,3055,6,25-07-2023,Pending,2603.79
3056,3056,3056,4,24-08-2024,Completed,11575.87
3057,3057,3057,8,10-12-2023,Cancelled,9772.3
3058,3058,3058,3,15-09-2025,NA,12486
3059,3059,3059,-2,15-06-2024,Pending,5683.41
3060,3060,3060,-2,05-01-2026,Cancelled,2179.81
3061,3061,3061,-2,25-06-2025,Cancelled,10787.45
3062,3062,3062,10,25-09-2025,Completed,10623.05
3063,3063,3063,7,01-02-2025,NA,13438.17
3064,3064,3064,6,17-01-2025,NA,7180.25
3065,3065,3065,10,09-08-2023,Cancelled,0
3066,3066,3066,4,27-12-2025,Completed,5382.55
3067,3067,3067,-2,13-03-2026,Pending,7196.12
3068,3068,3068,6,08-05-2023,Completed,14410.13
3069,3069,3069,3,15-05-2023,Completed,15.36
3070,3070,3070,5,17-01-2026,Completed,8140.07
3071,3071,3071,5,03-08-2024,Completed,7706.5
3072,3072,3072,0,22-09-2023,Completed,9735.19
3073,3073,3073,-2,09-09-2025,Completed,8261.95
3074,3074,3074,10,25-12-2023,NA,3667.2
3075,3075,3075,9,17-03-2024,NA,10997.62
3076,3076,3076,4,14-11-2023,Completed,2689.01
3077,3077,3077,8,11-05-2025,Completed,260.73
3078,3078,3078,-2,08-08-2024,Completed,0
3079,3079,3079,-2,03-12-2025,NA,3940.19
3080,3080,3080,1,13-02-2024,Cancelled,2625.32
3081,3081,3081,4,11-02-2024,Pending,10859.86
3082,3082,3082,-2,11-05-2024,Pending,12315.17
3083,3083,3083,2,07-08-2025,Pending,5687.48
3084,3084,3084,2,05-03-2025,Pending,5073.14
3085,3085,3085,2,30-10-2023,Cancelled,8515.38
3086,3086,3086,1,13-10-2024,Cancelled,11539.69
3087,3087,3087,0,01-10-2024,Completed,3049.8
3088,3088,3088,4,08-11-2025,Pending,3727.37
3089,3089,3089,6,21-01-2026,Cancelled,2760.69
3090,3090,3090,10,16-02-2024,Pending,773.75
3091,3091,3091,6,03-05-2024,Cancelled,5784.27
3092,3092,3092,9,16-10-2024,Completed,5622.1
3093,3093,3093,4,11-07-2025,Completed,4125.11
3094,3094,3094,3,03-08-2025,Pending,12905.16
3095,3095,3095,2,11-03-2026,Pending,12985.73
3096,3096,3096,10,20-10-2023,Completed,3871.6
3097,3097,3097,9,20-12-2025,NA,4916.24
3098,3098,3098,2,22-02-2025,NA,5456.86
3099,3099,3099,10,22-02-2025,Completed,13536.74
3100,3100,3100,6,07-04-2024,Completed,7400.13
3101,3101,3101,0,27-05-2023,Pending,994
3102,3102,3102,0,05-06-2025,Cancelled,12119.76
3103,3103,3103,8,23-02-2026,Pending,5585.87
3104,3104,3104,4,25-05-2023,Pending,13807.07
3105,3105,3105,4,18-06-2025,NA,336.29
3106,3106,3106,4,12-10-2024,Cancelled,7365.9
3107,3107,3107,4,21-09-2025,NA,8915.51
3108,3108,3108,2,08-02-2025,Pending,0
3109,3109,3109,4,29-06-2023,NA,4185.2
3110,3110,3110,4,02-10-2025,Cancelled,11513.22
3111,3111,3111,7,25-08-2024,Completed,6846.06
3112,3112,3112,5,07-02-2024,NA,4587.98
3113,3113,3113,8,10-07-2023,Completed,8919.91
3114,3114,3114,-2,07-07-2025,Pending,13457.81
3115,3115,3115,3,25-01-2026,Pending,14451.04
3116,3116,3116,-2,23-08-2024,Completed,3240.05
3117,3117,3117,7,19-08-2023,Completed,10258.28
3118,3118,3118,10,23-10-2025,Completed,9684.44
3119,3119,3119,-2,14-05-2025,Completed,14689.36
3120,3120,3120,10,23-02-2025,NA,5359.18
3121,3121,3121,0,14-09-2025,Completed,3245.8
3122,3122,3122,7,17-09-2025,Completed,3029.82
3123,3123,3123,5,10-12-2023,Cancelled,12443.59
3124,3124,3124,7,15-01-2024,Completed,2910.41
3125,3125,3125,4,22-08-2023,Cancelled,3355.12
3126,3126,3126,2,13-08-2023,NA,9891.11
3127,3127,3127,6,18-12-2025,Completed,7742.17
3128,3128,3128,9,22-08-2024,Completed,73.24
3129,3129,3129,0,05-12-2023,Completed,4204.07
3130,3130,3130,6,15-09-2024,NA,12975.74
3131,3131,3131,4,01-06-2025,Cancelled,8858.35
3132,3132,3132,8,09-12-2025,Completed,13530.25
3133,3133,3133,10,06-05-2023,Completed,1444.73
3134,3134,3134,4,12-02-2024,Completed,310.85
3135,3135,3135,4,23-06-2023,Cancelled,12172.11
3136,3136,3136,1,01-01-2024,NA,7341.19
3137,3137,3137,4,08-07-2023,Pending,12878.54
3138,3138,3138,2,08-08-2025,NA,12750.45
3139,3139,3139,1,19-06-2025,Pending,0
3140,3140,3140,7,17-03-2025,Cancelled,2022.94
3141,3141,3141,4,31-08-2023,Pending,4415.31
3142,3142,3142,3,22-10-2024,Cancelled,13712.93
3143,3143,3143,9,16-08-2023,Completed,6074.24
3144,3144,3144,6,15-09-2024,Completed,643.49
3145,3145,3145,10,26-11-2023,Completed,13322.02
3146,3146,3146,0,18-04-2026,NA,12373.81
3147,3147,3147,5,31-07-2025,Pending,14929.46
3148,3148,3148,10,24-03-2025,Cancelled,778.02
3149,3149,3149,6,19-12-2023,NA,4190.06
3150,3150,3150,7,27-01-2024,NA,0
3151,3151,3151,10,09-12-2024,Completed,9540.75
3152,3152,3152,5,31-05-2025,NA,5156.81
3153,3153,3153,-2,08-03-2025,Cancelled,8228.04
3154,3154,3154,10,21-01-2026,Pending,5526.34
3155,3155,3155,9,21-11-2023,Completed,4398.45
3156,3156,3156,0,23-12-2025,Pending,1173.38
3157,3157,3157,3,13-09-2025,Completed,5253.94
3158,3158,3158,10,14-04-2025,NA,7386.48
3159,3159,3159,4,27-01-2025,Cancelled,13985.16
3160,3160,3160,4,13-09-2025,Completed,14538.7
3161,3161,3161,4,22-09-2024,NA,14333.53
3162,3162,3162,-2,09-09-2025,NA,1172.12
3163,3163,3163,3,20-08-2024,Pending,2596.85
3164,3164,3164,-2,02-04-2025,NA,0
3165,3165,3165,5,17-06-2025,NA,0
3166,3166,3166,5,02-05-2024,Pending,14989.26
3167,3167,3167,3,18-12-2025,Completed,4536.57
3168,3168,3168,7,24-04-2025,Completed,9749.07
3169,3169,3169,9,25-12-2024,Completed,3953.28
3170,3170,3170,7,29-08-2023,NA,6362.11
3171,3171,3171,6,05-01-2024,NA,987.15
3172,3172,3172,4,08-09-2023,Completed,11829.02
3173,3173,3173,4,02-09-2024,Cancelled,13311.53
3174,3174,3174,0,09-01-2026,NA,3837.18
3175,3175,3175,1,12-04-2025,Cancelled,12592.72
3176,3176,3176,10,29-04-2024,Pending,5621.05
3177,3177,3177,5,06-04-2026,Cancelled,4618.46
3178,3178,3178,5,10-02-2025,NA,4114.48
3179,3179,3179,4,03-02-2024,Cancelled,11148.03
3180,3180,3180,9,08-02-2025,Completed,11252.78
3181,3181,3181,2,04-05-2025,Pending,9883.98
3182,3182,3182,0,06-10-2023,Cancelled,1820.65
3183,3183,3183,7,07-09-2023,Completed,7006.91
3184,3184,3184,8,16-06-2023,NA,14988.79
3185,3185,3185,3,07-08-2025,Completed,12541.43
3186,3186,3186,9,03-10-2025,Completed,11544.13
3187,3187,3187,5,12-04-2025,Cancelled,4713.39
3188,3188,3188,5,18-02-2024,Completed,11554.37
3189,3189,3189,9,11-10-2024,Completed,1185.12
3190,3190,3190,-2,04-07-2023,Pending,10770.6
3191,3191,3191,6,21-08-2024,Completed,11188.92
3192,3192,3192,4,31-07-2024,Completed,13323.95
3193,3193,3193,1,04-06-2023,NA,4322.73
3194,3194,3194,3,14-07-2025,NA,378.91
3195,3195,3195,7,15-02-2026,Completed,3538.16
3196,3196,3196,5,29-06-2023,NA,9364.73
3197,3197,3197,7,11-03-2025,Completed,14283.65
3198,3198,3198,10,28-06-2023,Pending,6828.57
3199,3199,3199,5,01-01-2024,Completed,14086.55
3200,3200,3200,4,09-05-2025,Completed,551.71
3201,3201,3201,8,02-08-2023,Completed,14920.1
3202,3202,3202,4,01-05-2026,Pending,13116.33
3203,3203,3203,10,02-02-2025,NA,6454.71
3204,3204,3204,6,04-10-2025,NA,7690.89
3205,3205,3205,10,04-09-2023,Completed,8197.01
3206,3206,3206,1,28-12-2024,Completed,7248.34
3207,3207,3207,8,01-11-2025,Cancelled,8184.37
3208,3208,3208,10,23-08-2023,Completed,12964.31
3209,3209,3209,4,22-10-2025,Pending,8873.57
3210,3210,3210,7,19-05-2025,Completed,372.49
3211,3211,3211,10,10-05-2025,Completed,6940.95
3212,3212,3212,-2,20-08-2023,Cancelled,1169.77
3213,3213,3213,10,04-05-2025,NA,3548.91
3214,3214,3214,5,28-03-2025,Cancelled,14596.45
3215,3215,3215,-2,15-03-2025,Completed,3529.52
3216,3216,3216,2,19-06-2025,Completed,12063.34
3217,3217,3217,10,02-01-2026,Completed,11925.82
3218,3218,3218,4,27-09-2023,Completed,8978.35
3219,3219,3219,6,26-06-2025,Cancelled,4365.49
3220,3220,3220,2,31-05-2024,NA,2492.63
3221,3221,3221,10,05-05-2025,NA,5378
3222,3222,3222,7,04-12-2023,Cancelled,963.34
3223,3223,3223,6,17-10-2024,Pending,10291.11
3224,3224,3224,4,23-02-2024,Pending,14736.3
3225,3225,3225,6,10-06-2024,Cancelled,11579.64
3226,3226,3226,4,12-04-2025,Pending,0
3227,3227,3227,2,06-12-2025,NA,12329.06
3228,3228,3228,10,04-12-2023,Cancelled,4398.91
3229,3229,3229,-2,03-01-2026,NA,12079.71
3230,3230,3230,8,06-11-2025,Completed,8081.57
3231,3231,3231,10,03-01-2026,NA,12773.06
3232,3232,3232,10,13-10-2024,Completed,9354.37
3233,3233,3233,7,16-06-2025,NA,3410.17
3234,3234,3234,0,31-01-2025,Completed,764.56
3235,3235,3235,4,22-12-2024,Completed,1513.83
3236,3236,3236,8,07-10-2024,Completed,5147.46
3237,3237,3237,5,12-03-2024,Completed,10910.97
3238,3238,3238,5,08-09-2024,Cancelled,2990.52
3239,3239,3239,0,31-07-2024,Completed,10532.55
3240,3240,3240,6,14-11-2024,Completed,10282.83
3241,3241,3241,5,15-07-2024,Cancelled,850.52
3242,3242,3242,-2,08-08-2024,NA,1605.6
3243,3243,3243,2,06-11-2025,Pending,9896.84
3244,3244,3244,5,07-06-2025,Completed,943.02
3245,3245,3245,10,12-02-2024,NA,13649.43
3246,3246,3246,8,01-12-2025,NA,6801.23
3247,3247,3247,7,24-11-2025,Completed,11195.72
3248,3248,3248,5,19-07-2023,NA,5856.72
3249,3249,3249,0,23-04-2024,NA,12854.72
3250,3250,3250,4,22-10-2023,Completed,0
3251,3251,3251,3,16-12-2024,NA,3797.45
3252,3252,3252,4,09-12-2023,Completed,12537.76
3253,3253,3253,4,19-09-2023,Pending,80.88
3254,3254,3254,3,12-12-2024,NA,8656.04
3255,3255,3255,8,28-02-2024,NA,6855.9
3256,3256,3256,0,14-01-2025,Pending,3741.22
3257,3257,3257,6,02-11-2024,Completed,9915.49
3258,3258,3258,8,22-08-2024,Pending,0
3259,3259,3259,3,03-07-2023,Cancelled,7408.37
3260,3260,3260,3,22-02-2026,NA,6112.37
3261,3261,3261,10,15-08-2023,Cancelled,9481.29
3262,3262,3262,2,15-01-2025,Completed,5090.46
3263,3263,3263,6,21-01-2024,Cancelled,1646.2
3264,3264,3264,5,01-09-2024,Completed,7401.91
3265,3265,3265,4,14-12-2025,NA,2881.85
3266,3266,3266,8,04-03-2026,Pending,3143.93
3267,3267,3267,10,13-07-2024,Completed,804.75
3268,3268,3268,8,11-01-2025,Completed,8197.36
3269,3269,3269,8,16-12-2023,Completed,13942.62
3270,3270,3270,10,10-10-2024,NA,3866.46
3271,3271,3271,2,17-07-2025,Completed,3997.27
3272,3272,3272,-2,17-10-2024,NA,0
3273,3273,3273,7,22-06-2025,Pending,11155.07
3274,3274,3274,7,26-09-2024,NA,10927.85
3275,3275,3275,10,05-09-2025,Cancelled,90.53
3276,3276,3276,-2,19-06-2023,Completed,9436.74
3277,3277,3277,8,09-02-2025,Completed,13566.32
3278,3278,3278,10,26-05-2025,Completed,359.47
3279,3279,3279,3,18-09-2024,NA,6305.74
3280,3280,3280,-2,03-08-2024,Completed,10139.14
3281,3281,3281,4,17-10-2023,NA,7690.35
3282,3282,3282,8,04-04-2026,NA,0
3283,3283,3283,0,03-08-2025,Cancelled,1328.16
3284,3284,3284,0,04-08-2023,Cancelled,4672.79
3285,3285,3285,2,30-09-2025,NA,0
3286,3286,3286,5,27-12-2025,Cancelled,12839.1
3287,3287,3287,-2,25-11-2025,Completed,13487.67
3288,3288,3288,9,22-02-2025,NA,0
3289,3289,3289,5,02-08-2023,Completed,5776.74
3290,3290,3290,1,04-08-2025,Cancelled,746.11
3291,3291,3291,6,10-06-2025,Pending,7974.65
3292,3292,3292,8,01-05-2024,NA,0
3293,3293,3293,7,04-10-2023,Cancelled,8112.05
3294,3294,3294,10,30-08-2023,Completed,11421.67
3295,3295,3295,7,15-01-2026,Pending,7425.39
3296,3296,3296,1,08-06-2023,Cancelled,0
3297,3297,3297,4,26-10-2023,Completed,9739.44
3298,3298,3298,8,24-06-2025,Completed,2405.91
3299,3299,3299,9,23-07-2025,Cancelled,8381.23
3300,3300,3300,2,11-08-2024,Cancelled,3604.2
3301,3301,3301,6,04-02-2026,Cancelled,626.89
3302,3302,3302,3,11-05-2023,Cancelled,1845.71
3303,3303,3303,-2,12-05-2025,Pending,6347.34
3304,3304,3304,0,29-04-2024,NA,14663.38
3305,3305,3305,0,09-10-2025,Pending,11407.01
3306,3306,3306,2,23-06-2023,Pending,4826.7
3307,3307,3307,5,02-05-2024,Completed,11757.05
3308,3308,3308,8,08-07-2025,Pending,11677.86
3309,3309,3309,1,01-06-2025,Cancelled,7239
3310,3310,3310,8,09-02-2026,NA,9351.55
3311,3311,3311,9,12-08-2023,NA,1602.77
3312,3312,3312,5,13-07-2025,Cancelled,14051.01
3313,3313,3313,2,12-11-2023,Completed,342.09
3314,3314,3314,3,22-04-2026,Completed,9529.64
3315,3315,3315,3,13-01-2024,Cancelled,3743.42
3316,3316,3316,2,15-11-2023,Completed,4384.44
3317,3317,3317,9,29-05-2023,Completed,9322.78
3318,3318,3318,7,21-01-2025,NA,3890.95
3319,3319,3319,-2,21-04-2024,Completed,9074.68
3320,3320,3320,1,08-06-2023,Completed,6848.04
3321,3321,3321,8,22-12-2023,Pending,9033.62
3322,3322,3322,2,26-11-2025,Completed,283.7
3323,3323,3323,3,25-11-2023,Cancelled,3003.57
3324,3324,3324,4,20-03-2026,Pending,6308.08
3325,3325,3325,6,23-03-2025,Completed,7598.5
3326,3326,3326,6,12-12-2025,Pending,9199.14
3327,3327,3327,10,31-01-2024,NA,2768.42
3328,3328,3328,2,21-08-2025,Pending,2315.31
3329,3329,3329,1,03-11-2024,NA,8053.97
3330,3330,3330,4,07-12-2023,Cancelled,0
3331,3331,3331,1,24-10-2024,Cancelled,5566.91
3332,3332,3332,1,19-09-2023,NA,8145.15
3333,3333,3333,0,18-10-2023,NA,3014.45
3334,3334,3334,6,22-04-2024,Completed,6940.54
3335,3335,3335,1,16-11-2023,Completed,9082.47
3336,3336,3336,8,11-10-2025,Pending,11173.88
3337,3337,3337,1,30-09-2024,Pending,0
3338,3338,3338,1,25-01-2024,Completed,9349.57
3339,3339,3339,5,22-02-2025,Completed,3604.21
3340,3340,3340,3,20-09-2025,Completed,8980.35
3341,3341,3341,-2,18-08-2025,Cancelled,1123.56
3342,3342,3342,5,31-07-2023,Pending,8607.56
3343,3343,3343,9,06-06-2023,Completed,9330.13
3344,3344,3344,-2,28-01-2025,Cancelled,6001.24
3345,3345,3345,6,06-03-2024,Completed,14479.22
3346,3346,3346,4,13-05-2023,Completed,10100.29
3347,3347,3347,-2,22-04-2025,Cancelled,0
3348,3348,3348,1,09-01-2025,Completed,13655.4
3349,3349,3349,9,05-12-2023,NA,3786.34
3350,3350,3350,2,23-07-2023,Pending,7205.92
3351,3351,3351,9,25-07-2023,Pending,7090.4
3352,3352,3352,1,03-06-2025,Completed,2771.8
3353,3353,3353,7,12-10-2023,Cancelled,8888.92
3354,3354,3354,9,08-07-2024,NA,5438.48
3355,3355,3355,-2,01-03-2026,Pending,6388.84
3356,3356,3356,3,12-01-2026,Pending,11456.78
3357,3357,3357,5,15-11-2024,Cancelled,1621.21
3358,3358,3358,2,19-12-2025,NA,10625.81
3359,3359,3359,10,16-12-2025,Cancelled,12425.77
3360,3360,3360,-2,08-10-2023,Completed,8544.1
3361,3361,3361,5,22-10-2023,Cancelled,8919.88
3362,3362,3362,4,14-09-2025,Completed,13502.77
3363,3363,3363,8,06-01-2025,Completed,2677.23
3364,3364,3364,10,04-08-2024,Cancelled,11604.34
3365,3365,3365,4,13-02-2024,Pending,12160.06
3366,3366,3366,4,18-07-2023,Pending,2810.47
3367,3367,3367,-2,28-01-2024,Cancelled,14453.13
3368,3368,3368,4,01-03-2025,NA,9617.94
3369,3369,3369,5,27-02-2025,Completed,13581.97
3370,3370,3370,8,11-06-2023,Completed,10307.97
3371,3371,3371,6,27-03-2026,Completed,4397.96
3372,3372,3372,1,30-07-2025,NA,1870.34
3373,3373,3373,10,22-11-2024,Completed,12146.66
3374,3374,3374,7,09-04-2026,Pending,11235.97
3375,3375,3375,4,22-01-2026,NA,6914.24
3376,3376,3376,9,25-04-2024,NA,14671.79
3377,3377,3377,3,17-03-2025,Completed,7420.06
3378,3378,3378,0,28-09-2024,NA,0
3379,3379,3379,4,24-09-2023,Cancelled,1816.57
3380,3380,3380,4,20-12-2024,Completed,11084.09
3381,3381,3381,2,21-05-2025,NA,7382.35
3382,3382,3382,7,31-03-2024,Cancelled,14520.4
3383,3383,3383,10,11-11-2025,NA,2987.28
3384,3384,3384,6,30-07-2023,Completed,9092.88
3385,3385,3385,-2,19-06-2024,Cancelled,5375.6
3386,3386,3386,4,12-01-2025,Completed,12389.03
3387,3387,3387,6,13-05-2024,Pending,14370.42
3388,3388,3388,7,05-08-2023,NA,8588.85
3389,3389,3389,7,18-03-2024,Completed,13384.85
3390,3390,3390,10,26-01-2026,Completed,8826.29
3391,3391,3391,-2,28-03-2024,Completed,10560.5
3392,3392,3392,4,09-03-2024,NA,12944.87
3393,3393,3393,6,22-07-2024,Completed,13172.72
3394,3394,3394,-2,21-06-2024,NA,2337.63
3395,3395,3395,7,17-08-2025,Cancelled,3260.54
3396,3396,3396,2,22-12-2025,NA,14617.32
3397,3397,3397,4,28-01-2026,Completed,11138.35
3398,3398,3398,1,13-12-2024,Completed,5547.79
3399,3399,3399,1,07-11-2023,Cancelled,4217.87
3400,3400,3400,3,29-05-2025,NA,7082.17
3401,3401,3401,9,28-06-2023,Completed,3142.62
3402,3402,3402,8,11-08-2024,Pending,11960.08
3403,3403,3403,-2,10-11-2025,Pending,9669.17
3404,3404,3404,4,01-05-2026,Completed,6063.21
3405,3405,3405,8,24-01-2025,Cancelled,5728.56
3406,3406,3406,8,05-09-2023,Completed,5124.41
3407,3407,3407,1,14-04-2025,Completed,172.6
3408,3408,3408,10,19-04-2026,Pending,13724.91
3409,3409,3409,7,21-01-2025,Completed,7338.84
3410,3410,3410,2,23-01-2025,Completed,4725.1
3411,3411,3411,0,08-03-2026,Pending,13254.55
3412,3412,3412,3,01-08-2025,Completed,14880.65
3413,3413,3413,9,27-04-2024,Cancelled,454.52
3414,3414,3414,0,08-11-2025,Pending,12383.79
3415,3415,3415,4,30-06-2023,NA,4702.93
3416,3416,3416,9,28-07-2023,Pending,2746.49
3417,3417,3417,0,20-11-2023,Pending,12566.22
3418,3418,3418,5,25-01-2024,Completed,905.19
3419,3419,3419,1,30-04-2024,Pending,6796.1
3420,3420,3420,7,27-12-2024,Cancelled,12951.94
3421,3421,3421,0,07-07-2023,Completed,8673.8
3422,3422,3422,4,25-07-2025,Completed,315.04
3423,3423,3423,0,15-03-2025,Pending,11484.45
3424,3424,3424,6,27-07-2025,Completed,5881.36
3425,3425,3425,0,03-02-2024,NA,6176.68
3426,3426,3426,3,17-11-2024,Cancelled,9039
3427,3427,3427,4,07-10-2023,Cancelled,2357.16
3428,3428,3428,0,12-03-2025,NA,11346.83
3429,3429,3429,7,30-04-2024,Completed,5710.63
3430,3430,3430,8,01-01-2025,Completed,10604.52
3431,3431,3431,2,01-04-2025,Cancelled,0
3432,3432,3432,3,06-06-2023,Cancelled,8325.85
3433,3433,3433,9,28-07-2024,Completed,6437.49
3434,3434,3434,9,28-06-2023,Completed,9088.46
3435,3435,3435,2,08-02-2026,NA,9516.17
3436,3436,3436,6,13-10-2025,Pending,5495.24
3437,3437,3437,4,12-12-2025,Completed,10562.82
3438,3438,3438,3,04-04-2026,Completed,11680.06
3439,3439,3439,10,08-05-2024,NA,8208.19
3440,3440,3440,4,20-10-2023,Completed,13022.7
3441,3441,3441,8,14-12-2025,Completed,8485.01
3442,3442,3442,6,26-05-2025,Completed,12799.3
3443,3443,3443,4,20-07-2024,Completed,0.69
3444,3444,3444,4,03-04-2024,Completed,0
3445,3445,3445,4,18-01-2024,Cancelled,728.29
3446,3446,3446,1,02-03-2024,NA,9024.42
3447,3447,3447,4,26-12-2023,Cancelled,1357.41
3448,3448,3448,5,13-12-2023,Completed,3873.78
3449,3449,3449,7,11-01-2026,Completed,2604.39
3450,3450,3450,5,19-03-2025,Pending,632.94
3451,3451,3451,3,25-12-2023,NA,10594.78
3452,3452,3452,-2,11-01-2025,Completed,1295.57
3453,3453,3453,4,01-05-2024,Completed,10946.88
3454,3454,3454,2,28-05-2024,Completed,12058.6
3455,3455,3455,8,21-07-2023,Cancelled,3778.91
3456,3456,3456,1,30-01-2026,Pending,4406.85
3457,3457,3457,10,27-08-2023,NA,4955.99
3458,3458,3458,8,21-02-2026,Completed,1265.76
3459,3459,3459,2,02-06-2023,Pending,0
3460,3460,3460,-2,13-02-2025,Cancelled,0
3461,3461,3461,9,09-04-2026,Completed,5540.36
3462,3462,3462,5,18-02-2024,Completed,97.67
3463,3463,3463,3,18-09-2024,Pending,10367.09
3464,3464,3464,4,30-06-2025,Pending,8026.49
3465,3465,3465,9,20-02-2024,NA,11099.18
3466,3466,3466,3,18-11-2025,Completed,0
3467,3467,3467,10,03-06-2024,Pending,12562.62
3468,3468,3468,9,25-02-2026,Completed,3890.38
3469,3469,3469,6,24-11-2023,NA,9400.13
3470,3470,3470,0,15-01-2025,NA,8340.1
3471,3471,3471,0,08-03-2025,Completed,14117.96
3472,3472,3472,8,06-08-2023,Completed,12675.97
3473,3473,3473,8,28-12-2025,Pending,13418.27
3474,3474,3474,1,31-07-2023,Completed,10637.46
3475,3475,3475,9,15-03-2026,Pending,8030.78
3476,3476,3476,4,17-07-2023,Completed,5473.39
3477,3477,3477,4,28-11-2025,Completed,10109.51
3478,3478,3478,5,22-03-2026,Completed,12059.64
3479,3479,3479,5,17-01-2024,Completed,4129.97
3480,3480,3480,-2,29-02-2024,Cancelled,1135.03
3481,3481,3481,-2,12-09-2023,Completed,5243.71
3482,3482,3482,10,01-05-2026,Pending,12533.76
3483,3483,3483,10,14-11-2023,NA,3846.14
3484,3484,3484,9,30-05-2024,Completed,4321.16
3485,3485,3485,1,30-09-2023,NA,6967.43
3486,3486,3486,1,24-09-2024,Pending,11143.72
3487,3487,3487,1,19-01-2026,Completed,1617
3488,3488,3488,3,06-08-2025,Cancelled,8434.38
3489,3489,3489,10,19-03-2024,Completed,3405.57
3490,3490,3490,-2,17-11-2023,Pending,9568.63
3491,3491,3491,4,20-07-2025,Completed,12935.43
3492,3492,3492,7,30-11-2024,Pending,12115.15
3493,3493,3493,-2,13-02-2024,Cancelled,14627.29
3494,3494,3494,5,21-09-2025,Pending,4137
3495,3495,3495,9,03-12-2023,Completed,5891.22
3496,3496,3496,-2,08-07-2025,Pending,13144.14
3497,3497,3497,2,17-06-2025,NA,756.37
3498,3498,3498,9,24-02-2024,Cancelled,14982.2
3499,3499,3499,6,23-11-2024,Completed,10742.23
3500,3500,3500,3,15-06-2023,Pending,2638.65
3501,3501,3501,0,08-10-2025,NA,4217.11
3502,3502,3502,7,11-01-2025,Completed,85.27
3503,3503,3503,8,13-08-2025,Completed,2365
3504,3504,3504,4,14-04-2025,Completed,6150.73
3505,3505,3505,8,30-10-2025,Completed,6631.99
3506,3506,3506,3,01-03-2024,Cancelled,593.52
3507,3507,3507,5,06-09-2023,NA,331.4
3508,3508,3508,1,05-02-2026,Completed,10305.25
3509,3509,3509,0,31-10-2023,Pending,12795.62
3510,3510,3510,10,09-09-2024,Completed,12727.92
3511,3511,3511,-2,16-07-2024,Completed,11788.64
3512,3512,3512,-2,09-03-2024,NA,3173.79
3513,3513,3513,6,02-05-2025,Pending,11050.58
3514,3514,3514,4,31-08-2024,Completed,2534.93
3515,3515,3515,8,07-03-2025,Pending,6773.09
3516,3516,3516,3,16-03-2026,Pending,4277.42
3517,3517,3517,10,24-09-2025,Cancelled,10143.02
3518,3518,3518,8,18-09-2023,Cancelled,14555.94
3519,3519,3519,5,03-07-2024,Completed,7643.88
3520,3520,3520,3,15-01-2025,NA,10119.06
3521,3521,3521,-2,15-07-2023,Completed,2608.26
3522,3522,3522,8,17-06-2023,Cancelled,8099.75
3523,3523,3523,4,23-11-2023,Cancelled,7322.92
3524,3524,3524,0,24-01-2024,NA,11242.72
3525,3525,3525,0,06-12-2025,Completed,2785.53
3526,3526,3526,1,28-03-2025,Pending,6407.39
3527,3527,3527,4,08-09-2023,Cancelled,14220.9
3528,3528,3528,-2,08-04-2026,Cancelled,6943.36
3529,3529,3529,9,29-09-2024,Pending,13448.79
3530,3530,3530,4,20-06-2024,Pending,11906.28
3531,3531,3531,2,18-06-2025,Cancelled,14508.51
3532,3532,3532,4,05-02-2026,Cancelled,3767.51
3533,3533,3533,6,08-07-2025,Cancelled,5423.52
3534,3534,3534,7,13-02-2026,NA,12037.51
3535,3535,3535,-2,27-04-2025,Cancelled,6332.25
3536,3536,3536,8,13-09-2025,Completed,13391.92
3537,3537,3537,0,02-11-2024,Pending,8770.34
3538,3538,3538,0,11-02-2024,Completed,5508.35
3539,3539,3539,-2,30-08-2023,NA,431.89
3540,3540,3540,6,17-06-2024,Cancelled,1772.25
3541,3541,3541,4,07-04-2026,Pending,11682.27
3542,3542,3542,-2,16-12-2024,Completed,11479.27
3543,3543,3543,10,14-06-2023,Cancelled,2531.11
3544,3544,3544,4,25-07-2023,NA,984.99
3545,3545,3545,4,02-08-2024,Cancelled,9465.32
3546,3546,3546,10,09-10-2024,Cancelled,11881.2
3547,3547,3547,5,10-12-2025,Pending,5249.44
3548,3548,3548,4,02-11-2023,Completed,7781.26
3549,3549,3549,-2,20-05-2025,Completed,8093.66
3550,3550,3550,10,06-01-2025,Cancelled,5205.64
3551,3551,3551,10,03-12-2024,Pending,14240.12
3552,3552,3552,2,04-04-2026,Completed,10258.32
3553,3553,3553,7,22-11-2024,Completed,1345.45
3554,3554,3554,9,17-05-2024,Pending,13345.75
3555,3555,3555,-2,31-10-2023,Pending,5992.92
3556,3556,3556,0,14-09-2023,NA,9547.73
3557,3557,3557,8,20-01-2024,Completed,10716.99
3558,3558,3558,7,05-04-2025,Completed,6574.76
3559,3559,3559,1,13-11-2024,Cancelled,2668.24
3560,3560,3560,-2,01-06-2024,Cancelled,3501.81
3561,3561,3561,4,26-07-2025,Cancelled,6993.21
3562,3562,3562,8,15-05-2024,Completed,3963.76
3563,3563,3563,2,13-03-2026,Completed,3003.71
3564,3564,3564,6,12-10-2023,NA,11752.96
3565,3565,3565,10,14-07-2023,Pending,3257.2
3566,3566,3566,3,12-09-2025,Completed,495.28
3567,3567,3567,6,25-01-2025,Cancelled,3595.13
3568,3568,3568,1,10-05-2025,NA,11776.65
3569,3569,3569,0,13-11-2023,Completed,6426.54
3570,3570,3570,10,15-11-2023,Completed,14765.67
3571,3571,3571,8,24-05-2024,Completed,7604.44
3572,3572,3572,8,23-01-2026,NA,8013.28
3573,3573,3573,5,15-02-2026,NA,2552.02
3574,3574,3574,1,13-10-2025,Completed,2276.41
3575,3575,3575,7,04-04-2024,Completed,0
3576,3576,3576,9,27-08-2025,Cancelled,2694.8
3577,3577,3577,7,04-10-2024,Completed,412.15
3578,3578,3578,8,29-12-2023,NA,5936.58
3579,3579,3579,-2,23-08-2024,Pending,1398.87
3580,3580,3580,2,02-05-2025,NA,4163.56
3581,3581,3581,4,20-05-2025,Completed,11298.81
3582,3582,3582,4,27-06-2025,Cancelled,12262.96
3583,3583,3583,5,14-04-2026,Pending,4125.4
3584,3584,3584,7,30-12-2023,Completed,8224.22
3585,3585,3585,9,13-10-2024,NA,363.6
3586,3586,3586,4,22-09-2025,Pending,5439.07
3587,3587,3587,4,04-05-2025,NA,0
3588,3588,3588,4,08-11-2025,Cancelled,4605.75
3589,3589,3589,3,15-04-2025,Completed,7333.57
3590,3590,3590,5,23-07-2024,Pending,6726.19
3591,3591,3591,10,14-12-2025,Completed,8964.39
3592,3592,3592,4,25-04-2024,Pending,3601.21
3593,3593,3593,4,17-06-2025,Completed,11014.56
3594,3594,3594,5,22-01-2025,NA,668.95
3595,3595,3595,0,05-07-2024,NA,7471.34
3596,3596,3596,9,17-12-2023,Completed,2772.92
3597,3597,3597,7,18-05-2025,Completed,14027.54
3598,3598,3598,7,06-05-2024,NA,7088.89
3599,3599,3599,8,26-02-2026,Pending,10541.5
3600,3600,3600,5,02-05-2025,NA,10323.23
3601,3601,3601,-2,08-01-2026,Cancelled,6905.35
3602,3602,3602,6,28-08-2023,Completed,58.4
3603,3603,3603,10,27-11-2024,NA,310.06
3604,3604,3604,1,16-10-2024,NA,1274.69
3605,3605,3605,3,30-07-2023,Completed,10929.69
3606,3606,3606,8,25-06-2023,Completed,11949.57
3607,3607,3607,-2,08-05-2024,Completed,8.49
3608,3608,3608,4,11-04-2024,NA,11843.18
3609,3609,3609,0,16-11-2023,Completed,10197.54
3610,3610,3610,4,29-07-2023,NA,8209.36
3611,3611,3611,8,02-12-2025,Cancelled,1268.48
3612,3612,3612,5,29-05-2024,Completed,0
3613,3613,3613,3,31-05-2025,Cancelled,10468.03
3614,3614,3614,1,30-11-2025,Completed,9327.65
3615,3615,3615,9,11-09-2024,NA,4101.3
3616,3616,3616,9,06-07-2024,Cancelled,6983.04
3617,3617,3617,4,02-10-2025,Completed,7581.84
3618,3618,3618,10,23-07-2024,Pending,10995.79
3619,3619,3619,3,22-04-2024,Pending,6123.24
3620,3620,3620,1,04-03-2025,Cancelled,8597.98
3621,3621,3621,8,25-12-2024,NA,1519.96
3622,3622,3622,3,04-01-2025,Cancelled,13554.62
3623,3623,3623,8,17-02-2024,Completed,192.76
3624,3624,3624,7,06-09-2025,Pending,4430.58
3625,3625,3625,9,28-04-2026,NA,13280.69
3626,3626,3626,5,03-07-2024,Completed,5933.02
3627,3627,3627,4,19-06-2025,NA,1881.06
3628,3628,3628,0,04-02-2025,NA,8060.86
3629,3629,3629,9,05-01-2026,Completed,13291.15
3630,3630,3630,0,03-02-2025,Cancelled,1297.03
3631,3631,3631,10,29-04-2026,Completed,9707.87
3632,3632,3632,1,11-02-2026,Completed,10032.13
3633,3633,3633,6,12-03-2024,NA,4650.24
3634,3634,3634,6,09-03-2024,Completed,3398.16
3635,3635,3635,-2,16-05-2025,Completed,7985.54
3636,3636,3636,10,04-03-2025,NA,2064.07
3637,3637,3637,10,21-10-2023,Completed,12303.92
3638,3638,3638,8,23-12-2024,Completed,2416.59
3639,3639,3639,10,27-04-2025,NA,11788.27
3640,3640,3640,1,28-02-2026,Completed,3517.6
3641,3641,3641,-2,25-12-2024,Completed,1737.39
3642,3642,3642,-2,07-08-2024,Pending,594.6
3643,3643,3643,5,22-11-2024,Completed,10268.79
3644,3644,3644,10,07-02-2025,NA,4281.55
3645,3645,3645,5,16-07-2023,Completed,11920.28
3646,3646,3646,1,20-07-2024,Pending,14431.79
3647,3647,3647,4,19-03-2026,Cancelled,389.86
3648,3648,3648,2,08-03-2026,Cancelled,2321.9
3649,3649,3649,-2,30-01-2025,Pending,10371.08
3650,3650,3650,-2,07-02-2026,Cancelled,11057.95
3651,3651,3651,6,17-12-2025,NA,10900.74
3652,3652,3652,5,11-06-2023,Cancelled,190.22
3653,3653,3653,5,01-03-2024,Completed,7754
3654,3654,3654,4,14-11-2024,Completed,9295.93
3655,3655,3655,6,01-11-2025,Completed,14882.87
3656,3656,3656,3,01-11-2025,NA,8109.5
3657,3657,3657,7,08-12-2023,Cancelled,10532.08
3658,3658,3658,7,10-03-2026,Completed,6288.6
3659,3659,3659,5,26-07-2025,Pending,3259.83
3660,3660,3660,0,06-05-2025,Completed,9464.22
3661,3661,3661,2,26-10-2024,Pending,5983
3662,3662,3662,-2,26-05-2024,Completed,4552.34
3663,3663,3663,1,21-06-2024,Pending,1397.27
3664,3664,3664,10,17-09-2023,Pending,2433.71
3665,3665,3665,6,17-06-2023,Completed,6214
3666,3666,3666,6,13-06-2024,NA,2961.41
3667,3667,3667,10,31-08-2023,Completed,3245.45
3668,3668,3668,6,01-05-2024,NA,7150.96
3669,3669,3669,-2,31-07-2024,Cancelled,1074.02
3670,3670,3670,-2,08-09-2025,Pending,12886.63
3671,3671,3671,0,03-05-2025,Completed,0
3672,3672,3672,0,29-06-2024,Completed,3146.18
3673,3673,3673,7,13-09-2025,Pending,4999.8
3674,3674,3674,-2,06-07-2024,Completed,11142.57
3675,3675,3675,10,01-04-2024,Cancelled,7571.22
3676,3676,3676,3,13-07-2024,NA,140.81
3677,3677,3677,5,21-11-2024,Completed,4887.01
3678,3678,3678,-2,27-02-2024,NA,3366.86
3679,3679,3679,7,16-05-2025,Completed,14355.97
3680,3680,3680,8,11-10-2024,Completed,12392.44
3681,3681,3681,-2,02-10-2024,Pending,12756.4
3682,3682,3682,7,01-05-2025,Pending,0
3683,3683,3683,10,05-04-2026,Completed,0
3684,3684,3684,5,25-01-2025,Completed,13719.98
3685,3685,3685,5,06-09-2024,Pending,11955.11
3686,3686,3686,4,27-06-2025,Completed,11429.87
3687,3687,3687,0,28-12-2025,Completed,0
3688,3688,3688,-2,19-10-2023,Pending,1537.78
3689,3689,3689,6,03-01-2026,Completed,5463.56
3690,3690,3690,7,01-08-2024,Completed,7280.92
3691,3691,3691,3,14-02-2026,Cancelled,10492.9
3692,3692,3692,5,18-12-2025,Cancelled,9547.15
3693,3693,3693,8,19-08-2023,Completed,2228.28
3694,3694,3694,0,07-11-2025,Cancelled,3331.43
3695,3695,3695,1,20-03-2026,Completed,5534.96
3696,3696,3696,7,18-09-2024,NA,14299.24
3697,3697,3697,4,05-03-2025,Completed,13817.14
3698,3698,3698,7,24-07-2024,Pending,279.89
3699,3699,3699,4,10-12-2024,Completed,1946.7
3700,3700,3700,10,22-03-2026,Cancelled,3484.39
3701,3701,3701,9,10-08-2023,Completed,14993.72
3702,3702,3702,4,21-08-2025,Pending,4262.64
3703,3703,3703,2,24-03-2024,Cancelled,5382.58
3704,3704,3704,2,30-09-2025,Completed,7022.09
3705,3705,3705,8,13-09-2025,Completed,9808.36
3706,3706,3706,5,09-10-2023,Completed,12326.05
3707,3707,3707,7,21-11-2025,NA,10203.07
3708,3708,3708,3,05-09-2024,NA,11994.3
3709,3709,3709,1,12-11-2023,Pending,0
3710,3710,3710,5,03-06-2024,Completed,5374.3
3711,3711,3711,4,02-03-2026,Cancelled,54.76
3712,3712,3712,1,20-04-2024,NA,11016.67
3713,3713,3713,8,09-03-2024,Pending,7965.13
3714,3714,3714,6,24-03-2026,Cancelled,5841.58
3715,3715,3715,-2,30-04-2025,NA,13934.45
3716,3716,3716,6,08-01-2024,NA,7980.79
3717,3717,3717,4,13-09-2024,NA,3900.64
3718,3718,3718,1,10-12-2025,Pending,14195.89
3719,3719,3719,4,07-05-2024,Pending,5541.18
3720,3720,3720,1,20-09-2025,Completed,7595.64
3721,3721,3721,4,15-06-2023,Cancelled,12318.84
3722,3722,3722,4,09-02-2026,Completed,6696.24
3723,3723,3723,9,25-07-2023,Pending,11192.48
3724,3724,3724,7,05-05-2025,NA,5854.4
3725,3725,3725,8,08-11-2024,Pending,468.79
3726,3726,3726,9,15-01-2026,Pending,3990.04
3727,3727,3727,3,01-08-2024,NA,14223.45
3728,3728,3728,9,01-12-2023,NA,13607.24
3729,3729,3729,10,02-09-2023,NA,7052.18
3730,3730,3730,9,18-07-2023,Completed,3347.11
3731,3731,3731,2,23-07-2025,Completed,5710.44
3732,3732,3732,6,20-11-2025,Completed,339.79
3733,3733,3733,-2,09-05-2023,NA,12909.47
3734,3734,3734,4,13-01-2025,Pending,12910.38
3735,3735,3735,5,05-12-2025,Completed,14791.61
3736,3736,3736,9,16-03-2026,Pending,10454.37
3737,3737,3737,3,03-10-2023,Cancelled,4430.89
3738,3738,3738,6,23-12-2024,Completed,5123.2
3739,3739,3739,5,03-04-2025,Completed,4439.65
3740,3740,3740,3,08-06-2025,NA,10006.66
3741,3741,3741,4,21-06-2025,Completed,4898.95
3742,3742,3742,2,17-06-2023,Completed,13454.31
3743,3743,3743,2,08-04-2025,NA,12567.65
3744,3744,3744,5,13-02-2026,Completed,4548.65
3745,3745,3745,4,02-10-2025,Completed,766.01
3746,3746,3746,2,17-02-2024,NA,10617.2
3747,3747,3747,7,24-02-2024,Cancelled,10015.75
3748,3748,3748,10,22-05-2025,NA,1939.47
3749,3749,3749,-2,10-08-2025,Cancelled,96.59
3750,3750,3750,6,25-03-2024,Completed,10219.75
3751,3751,3751,6,03-12-2025,Completed,0
3752,3752,3752,9,13-10-2023,Pending,9080.96
3753,3753,3753,4,02-10-2025,Cancelled,6359.3
3754,3754,3754,6,01-11-2025,NA,12520.09
3755,3755,3755,3,07-03-2025,Completed,6743.59
3756,3756,3756,5,27-02-2025,NA,961.9
3757,3757,3757,8,15-12-2025,Completed,3014.02
3758,3758,3758,7,06-03-2026,Completed,0
3759,3759,3759,4,21-05-2024,Cancelled,9237.03
3760,3760,3760,9,08-12-2023,Cancelled,1158.65
3761,3761,3761,2,27-08-2023,Pending,8045.28
3762,3762,3762,4,29-06-2025,Cancelled,13044.72
3763,3763,3763,10,30-06-2024,Cancelled,1512.87
3764,3764,3764,8,16-02-2024,Pending,8179.66
3765,3765,3765,10,18-08-2024,Completed,4834.27
3766,3766,3766,7,30-12-2023,Completed,10068.89
3767,3767,3767,3,11-05-2023,Pending,7705.88
3768,3768,3768,6,16-05-2023,NA,13847.1
3769,3769,3769,5,05-09-2023,Completed,0
3770,3770,3770,0,02-08-2023,NA,2665.99
3771,3771,3771,4,28-07-2025,NA,4562.77
3772,3772,3772,3,11-09-2023,Cancelled,2833.84
3773,3773,3773,1,27-05-2025,Completed,7462.99
3774,3774,3774,8,08-07-2023,Pending,11386.1
3775,3775,3775,3,25-03-2026,NA,1341.63
3776,3776,3776,-2,19-04-2026,Cancelled,8297.76
3777,3777,3777,10,15-08-2025,Completed,8574.69
3778,3778,3778,6,16-02-2026,Cancelled,13682.66
3779,3779,3779,-2,11-11-2023,Completed,4237.42
3780,3780,3780,6,27-06-2024,Pending,5272.05
3781,3781,3781,4,12-09-2023,Pending,9103.14
3782,3782,3782,2,16-01-2026,Completed,14762.28
3783,3783,3783,0,05-06-2023,Completed,9110.71
3784,3784,3784,0,02-05-2024,Completed,1507.21
3785,3785,3785,7,19-08-2024,NA,10326.09
3786,3786,3786,4,18-01-2025,NA,13486.3
3787,3787,3787,8,24-09-2024,NA,11702.61
3788,3788,3788,3,16-01-2024,Cancelled,10491.6
3789,3789,3789,4,27-04-2025,Completed,13320
3790,3790,3790,3,09-03-2025,Completed,4981.5
3791,3791,3791,0,03-07-2024,NA,10746.41
3792,3792,3792,6,02-05-2025,Completed,9404.47
3793,3793,3793,0,21-09-2023,NA,2357.87
3794,3794,3794,8,10-09-2025,Pending,11863.2
3795,3795,3795,4,24-06-2024,Pending,8393.49
3796,3796,3796,7,01-05-2026,Pending,14499.81
3797,3797,3797,4,10-12-2025,Cancelled,11103.19
3798,3798,3798,7,11-10-2024,Pending,9871.77
3799,3799,3799,4,12-03-2026,Completed,3212.2
3800,3800,3800,10,24-02-2024,NA,11775.47
3801,3801,3801,0,04-07-2023,Cancelled,9144.9
3802,3802,3802,4,31-05-2025,NA,8405.31
3803,3803,3803,6,28-11-2024,NA,11358.99
3804,3804,3804,5,02-05-2025,Completed,7703.26
3805,3805,3805,1,01-01-2025,NA,8781.71
3806,3806,3806,3,28-09-2025,Pending,3679.69
3807,3807,3807,4,17-12-2025,NA,7386.98
3808,3808,3808,5,21-01-2024,Pending,3627.03
3809,3809,3809,10,24-07-2023,Completed,13658.44
3810,3810,3810,0,10-06-2023,Completed,13665.21
3811,3811,3811,10,21-03-2025,Completed,6193.9
3812,3812,3812,1,24-05-2025,Completed,11151.15
3813,3813,3813,4,02-04-2026,Cancelled,11702.79
3814,3814,3814,3,17-06-2023,Completed,13186.33
3815,3815,3815,4,24-10-2025,Pending,6126.96
3816,3816,3816,7,06-09-2024,Pending,7177.06
3817,3817,3817,4,16-04-2026,Pending,3213.48
3818,3818,3818,-2,21-02-2026,Completed,8213.68
3819,3819,3819,5,02-02-2025,NA,12107.31
3820,3820,3820,9,09-03-2025,Completed,190.86
3821,3821,3821,0,27-11-2024,Completed,14042.5
3822,3822,3822,10,21-08-2024,NA,3825.94
3823,3823,3823,8,15-04-2025,Completed,12297.33
3824,3824,3824,8,04-12-2025,NA,11990.44
3825,3825,3825,4,16-12-2024,Completed,13859.41
3826,3826,3826,4,28-03-2025,Pending,11443.22
3827,3827,3827,10,11-06-2025,NA,12796.44
3828,3828,3828,3,07-04-2025,NA,3860.43
3829,3829,3829,1,22-05-2024,Completed,7874.79
3830,3830,3830,4,24-03-2025,NA,4767.06
3831,3831,3831,0,27-04-2025,NA,13161.53
3832,3832,3832,9,25-02-2025,Pending,11513.68
3833,3833,3833,2,21-02-2024,Pending,11549.3
3834,3834,3834,-2,02-10-2023,Pending,6308.49
3835,3835,3835,5,03-03-2026,Cancelled,8991.09
3836,3836,3836,4,07-05-2023,Pending,0
3837,3837,3837,4,13-09-2024,Pending,14096.17
3838,3838,3838,-2,19-09-2024,Cancelled,10366.93
3839,3839,3839,4,14-04-2026,Cancelled,7281.39
3840,3840,3840,1,21-03-2026,NA,4729.05
3841,3841,3841,2,15-09-2023,Pending,2217.39
3842,3842,3842,10,12-02-2024,Completed,9003.64
3843,3843,3843,3,10-10-2025,Completed,7711.8
3844,3844,3844,6,09-07-2023,Completed,12520.38
3845,3845,3845,0,06-03-2025,Completed,10727.1
3846,3846,3846,1,08-10-2024,Cancelled,1430.85
3847,3847,3847,4,18-03-2026,Cancelled,9331.79
3848,3848,3848,2,25-09-2023,NA,4318.09
3849,3849,3849,-2,21-05-2023,Completed,12945.45
3850,3850,3850,-2,08-08-2025,Completed,10518.12
3851,3851,3851,2,10-08-2024,Completed,0
3852,3852,3852,3,16-06-2023,Completed,10442.84
3853,3853,3853,2,24-06-2025,Completed,7185.44
3854,3854,3854,8,26-10-2024,Pending,2850.96
3855,3855,3855,7,21-03-2026,Completed,2952.46
3856,3856,3856,6,05-04-2024,Cancelled,10806.34
3857,3857,3857,10,03-07-2023,NA,9712.3
3858,3858,3858,3,24-06-2023,Pending,5769.06
3859,3859,3859,-2,29-09-2023,Completed,6925.41
3860,3860,3860,1,04-07-2024,Completed,3845.98
3861,3861,3861,-2,06-06-2025,Pending,4742.71
3862,3862,3862,0,28-12-2024,Completed,5859.75
3863,3863,3863,3,04-09-2025,NA,3129.1
3864,3864,3864,8,30-04-2024,Completed,12818.55
3865,3865,3865,6,12-05-2025,Completed,446.17
3866,3866,3866,0,24-08-2024,Cancelled,8180.53
3867,3867,3867,10,07-08-2023,NA,13084.06
3868,3868,3868,0,20-02-2024,NA,11692.51
3869,3869,3869,7,16-10-2024,Pending,6658.83
3870,3870,3870,-2,14-02-2025,Cancelled,2001.29
3871,3871,3871,6,02-04-2026,Pending,12969.94
3872,3872,3872,1,08-03-2026,Completed,2368.64
3873,3873,3873,7,28-09-2025,Pending,11014.66
3874,3874,3874,0,04-05-2024,NA,3838.06
3875,3875,3875,3,09-05-2023,NA,1435.09
3876,3876,3876,7,01-12-2023,NA,9828.51
3877,3877,3877,5,09-01-2026,NA,11709.8
3878,3878,3878,9,20-10-2025,NA,5041.63
3879,3879,3879,-2,12-01-2026,Pending,613
3880,3880,3880,-2,15-11-2025,Cancelled,9307.45
3881,3881,3881,4,15-11-2025,Cancelled,4806.4
3882,3882,3882,1,11-01-2026,Completed,2979.65
3883,3883,3883,5,22-12-2025,NA,4257.8
3884,3884,3884,1,04-11-2025,NA,1079.99
3885,3885,3885,2,27-04-2025,Completed,12624.13
3886,3886,3886,7,22-11-2024,NA,2544.72
3887,3887,3887,0,17-01-2026,Completed,13860.93
3888,3888,3888,4,28-01-2024,Completed,12174.87
3889,3889,3889,1,07-01-2026,Completed,5191.17
3890,3890,3890,6,21-07-2025,Pending,7254.74
3891,3891,3891,7,18-09-2025,Cancelled,14158.77
3892,3892,3892,0,04-02-2026,Completed,8663.19
3893,3893,3893,4,08-06-2023,Completed,12215.18
3894,3894,3894,6,27-07-2025,NA,2833.37
3895,3895,3895,10,22-01-2025,Cancelled,0
3896,3896,3896,3,28-08-2023,Completed,0
3897,3897,3897,10,29-07-2023,NA,273.39
3898,3898,3898,4,14-01-2026,NA,8761.99
3899,3899,3899,7,08-01-2025,Cancelled,14209.54
3900,3900,3900,9,24-09-2025,Completed,4637.5
3901,3901,3901,-2,19-08-2025,NA,3237.07
3902,3902,3902,3,27-09-2025,NA,9555.67
3903,3903,3903,10,29-04-2025,Completed,5311.7
3904,3904,3904,9,19-02-2025,Completed,13492.74
3905,3905,3905,1,10-03-2025,Pending,8476.66
3906,3906,3906,5,21-07-2023,Completed,4064.29
3907,3907,3907,4,14-07-2023,Cancelled,1364.38
3908,3908,3908,6,25-01-2024,Completed,11743.16
3909,3909,3909,2,28-10-2025,Completed,328.21
3910,3910,3910,7,25-04-2025,NA,7422.09
3911,3911,3911,6,08-01-2026,Pending,845.98
3912,3912,3912,9,31-12-2025,NA,7100.13
3913,3913,3913,8,26-10-2024,Cancelled,11797.93
3914,3914,3914,4,02-10-2025,Pending,10746.99
3915,3915,3915,10,15-09-2025,Completed,8652.54
3916,3916,3916,10,08-07-2023,Completed,9663.91
3917,3917,3917,10,23-12-2025,Pending,9023.52
3918,3918,3918,8,10-05-2023,Completed,11571.56
3919,3919,3919,10,03-01-2024,NA,3157.09
3920,3920,3920,0,24-01-2026,NA,13828.12
3921,3921,3921,9,14-10-2024,NA,9381.5
3922,3922,3922,4,19-05-2024,Pending,14874.77
3923,3923,3923,10,27-01-2025,Completed,11120.77
3924,3924,3924,8,03-10-2024,Pending,13239.48
3925,3925,3925,7,19-05-2024,Cancelled,14791.25
3926,3926,3926,10,22-02-2026,Completed,6457.02
3927,3927,3927,8,14-07-2025,Cancelled,14889.94
3928,3928,3928,3,31-08-2025,NA,6113.43
3929,3929,3929,5,16-07-2023,NA,7822.27
3930,3930,3930,6,16-10-2023,Pending,4261.67
3931,3931,3931,1,05-08-2024,Cancelled,11080.55
3932,3932,3932,6,11-08-2025,Cancelled,11957.87
3933,3933,3933,4,09-11-2025,Pending,205.6
3934,3934,3934,5,28-10-2025,Completed,3250.43
3935,3935,3935,5,07-12-2023,Completed,10501.17
3936,3936,3936,1,27-11-2023,Pending,9727.58
3937,3937,3937,4,13-03-2026,Pending,13198.34
3938,3938,3938,9,02-09-2025,NA,7453.58
3939,3939,3939,5,21-04-2024,Completed,6980.97
3940,3940,3940,-2,07-10-2025,Completed,4437.24
3941,3941,3941,10,07-12-2024,Cancelled,6780.38
3942,3942,3942,4,10-10-2025,Cancelled,11954.92
3943,3943,3943,5,23-12-2025,NA,9059.56
3944,3944,3944,8,29-08-2025,Cancelled,1052.47
3945,3945,3945,5,07-06-2025,Cancelled,11763.74
3946,3946,3946,4,22-02-2024,Completed,13256.88
3947,3947,3947,2,13-07-2023,NA,4994.61
3948,3948,3948,10,19-02-2026,Completed,8827.39
3949,3949,3949,7,21-09-2023,Completed,13503.61
3950,3950,3950,1,29-03-2025,Completed,8160.51
3951,3951,3951,5,09-05-2025,Completed,9297.43
3952,3952,3952,5,15-06-2025,Cancelled,8002.72
3953,3953,3953,10,31-10-2024,Cancelled,11799.83
3954,3954,3954,-2,24-12-2025,Completed,12188.45
3955,3955,3955,1,01-07-2024,Cancelled,2886.92
3956,3956,3956,6,13-01-2026,NA,12772.58
3957,3957,3957,9,01-12-2025,NA,0
3958,3958,3958,5,19-05-2024,Cancelled,6216.12
3959,3959,3959,6,28-12-2023,NA,3404.9
3960,3960,3960,4,14-11-2023,NA,3786.63
3961,3961,3961,10,26-09-2025,Pending,9674.86
3962,3962,3962,7,13-12-2024,Completed,8527.48
3963,3963,3963,1,20-01-2026,Completed,11690.03
3964,3964,3964,1,19-05-2023,Completed,10163.18
3965,3965,3965,7,22-06-2023,Completed,11138.53
3966,3966,3966,4,15-01-2024,NA,13415.52
3967,3967,3967,-2,22-05-2023,Completed,3649.45
3968,3968,3968,4,04-11-2024,Completed,9706.64
3969,3969,3969,1,02-04-2025,NA,9055.31
3970,3970,3970,0,06-01-2024,Completed,0
3971,3971,3971,4,27-08-2025,Pending,4137.69
3972,3972,3972,8,01-11-2025,Completed,269.19
3973,3973,3973,7,14-05-2023,Pending,11550.53
3974,3974,3974,6,16-12-2025,Cancelled,14142.96
3975,3975,3975,4,12-06-2023,Completed,19.98
3976,3976,3976,1,28-05-2024,Completed,1963.18
3977,3977,3977,4,03-01-2025,NA,11066.61
3978,3978,3978,4,14-08-2023,Cancelled,3044.66
3979,3979,3979,1,11-03-2026,Completed,11130.42
3980,3980,3980,10,04-07-2024,Completed,8845.03
3981,3981,3981,8,24-06-2025,Cancelled,17.28
3982,3982,3982,2,06-05-2025,NA,5199.73
3983,3983,3983,0,20-09-2025,Pending,8570.12
3984,3984,3984,3,06-10-2024,Completed,14261.86
3985,3985,3985,9,26-12-2023,Completed,10002.17
3986,3986,3986,0,16-09-2023,Completed,6883.95
3987,3987,3987,9,28-03-2025,Pending,14356.37
3988,3988,3988,7,31-10-2025,Completed,13758.3
3989,3989,3989,1,23-10-2025,Completed,6267.16
3990,3990,3990,4,23-05-2024,Completed,11657.42
3991,3991,3991,9,16-03-2025,NA,12174.54
3992,3992,3992,8,17-08-2024,NA,2024
3993,3993,3993,7,20-03-2026,Cancelled,1060.3
3994,3994,3994,7,23-08-2023,NA,4253.65
3995,3995,3995,-2,27-10-2024,Pending,3380.46
3996,3996,3996,2,18-10-2023,Cancelled,7275.69
3997,3997,3997,10,22-04-2024,Completed,12380.19
3998,3998,3998,8,31-05-2024,Pending,14766.53
3999,3999,3999,0,22-05-2024,Pending,12471.97
4000,4000,4000,4,11-10-2024,Completed,10065.05
4001,4001,4001,4,27-10-2024,Cancelled,5657.91
4002,4002,4002,-2,09-08-2025,Completed,11643.96
4003,4003,4003,5,03-08-2025,NA,568.45
4004,4004,4004,5,19-03-2024,Completed,1537.86
4005,4005,4005,4,10-08-2025,Completed,381.61
4006,4006,4006,10,25-02-2025,NA,13404.24
4007,4007,4007,10,05-02-2025,Completed,2338.67
4008,4008,4008,3,17-12-2025,Cancelled,8585.49
4009,4009,4009,2,26-01-2026,Cancelled,4424.42
4010,4010,4010,6,02-03-2026,Pending,13700.15
4011,4011,4011,-2,09-05-2024,Pending,9378.42
4012,4012,4012,7,02-02-2025,Completed,14136.85
4013,4013,4013,9,16-11-2025,Completed,1040.87
4014,4014,4014,1,04-09-2025,Completed,14116.47
4015,4015,4015,5,20-05-2025,Cancelled,10043.9
4016,4016,4016,10,14-10-2025,Completed,494.94
4017,4017,4017,1,15-04-2024,Cancelled,14344.44
4018,4018,4018,2,23-12-2025,Cancelled,3654.65
4019,4019,4019,1,12-09-2023,Cancelled,12087.1
4020,4020,4020,7,04-06-2024,NA,7410.89
4021,4021,4021,4,08-05-2024,Pending,6908.51
4022,4022,4022,9,12-09-2025,Completed,8544.67
4023,4023,4023,6,05-04-2025,Cancelled,4061.04
4024,4024,4024,8,26-02-2024,Cancelled,8958.37
4025,4025,4025,2,04-11-2024,Pending,1851.92
4026,4026,4026,5,22-04-2026,Completed,10518.18
4027,4027,4027,1,19-12-2025,Completed,10244.43
4028,4028,4028,2,21-02-2024,Completed,1384.15
4029,4029,4029,9,28-12-2024,Completed,12810.35
4030,4030,4030,4,15-11-2025,Completed,10999.72
4031,4031,4031,6,12-07-2024,Cancelled,13265.23
4032,4032,4032,9,23-03-2025,Pending,12957.97
4033,4033,4033,3,19-08-2023,Completed,2771.24
4034,4034,4034,2,12-10-2023,Pending,111.22
4035,4035,4035,0,01-09-2024,Pending,2895.73
4036,4036,4036,1,07-05-2023,Completed,1573.44
4037,4037,4037,3,19-01-2025,NA,0
4038,4038,4038,4,12-11-2024,Cancelled,13610.7
4039,4039,4039,7,21-12-2023,Completed,8233.28
4040,4040,4040,2,17-05-2024,NA,5195.46
4041,4041,4041,9,01-04-2024,NA,7065.14
4042,4042,4042,8,01-05-2025,NA,8419.75
4043,4043,4043,3,31-01-2026,Completed,12879.08
4044,4044,4044,5,01-03-2025,Pending,1653.32
4045,4045,4045,10,30-12-2025,NA,2629.06
4046,4046,4046,0,14-07-2024,NA,650.71
4047,4047,4047,6,11-08-2025,Completed,12517.76
4048,4048,4048,7,07-08-2023,Pending,6799.87
4049,4049,4049,5,08-03-2025,NA,4154.49
4050,4050,4050,7,06-11-2023,NA,8549.51
4051,4051,4051,7,21-12-2025,NA,9663.48
4052,4052,4052,-2,17-04-2025,Completed,4726.96
4053,4053,4053,4,28-09-2025,Completed,0
4054,4054,4054,-2,17-01-2026,Pending,9030.71
4055,4055,4055,8,10-06-2024,Completed,7733.84
4056,4056,4056,10,02-11-2024,Completed,12271.07
4057,4057,4057,6,24-09-2025,Cancelled,6075.6
4058,4058,4058,0,18-05-2023,Completed,5136.18
4059,4059,4059,-2,24-03-2024,Pending,14367.13
4060,4060,4060,8,13-03-2026,Completed,7920.96
4061,4061,4061,6,24-01-2026,Completed,13612.89
4062,4062,4062,5,28-06-2024,Completed,10687.95
4063,4063,4063,3,10-09-2024,Pending,3785.98
4064,4064,4064,2,25-04-2024,Pending,12908.89
4065,4065,4065,9,07-08-2024,Completed,1707.73
4066,4066,4066,0,15-03-2024,NA,9022.66
4067,4067,4067,1,14-03-2024,NA,14636.01
4068,4068,4068,6,27-06-2024,Completed,5531.62
4069,4069,4069,10,13-02-2024,Completed,4762.73
4070,4070,4070,4,06-07-2024,Completed,5954.38
4071,4071,4071,9,29-10-2024,NA,7650.96
4072,4072,4072,7,31-03-2026,Completed,5808.05
4073,4073,4073,2,26-08-2024,Pending,5895.92
4074,4074,4074,8,08-09-2023,Completed,11534.14
4075,4075,4075,8,06-05-2025,Completed,12878.76
4076,4076,4076,5,10-12-2025,Cancelled,6333.68
4077,4077,4077,10,03-08-2024,Cancelled,969.49
4078,4078,4078,5,15-11-2023,NA,13676.38
4079,4079,4079,4,23-03-2024,Pending,1382.28
4080,4080,4080,-2,30-09-2024,NA,0
4081,4081,4081,8,27-05-2025,Completed,14944.7
4082,4082,4082,4,14-08-2023,Cancelled,2633.44
4083,4083,4083,4,01-08-2024,Completed,14206.18
4084,4084,4084,4,02-04-2026,Pending,13003.68
4085,4085,4085,0,11-07-2024,Completed,11149.04
4086,4086,4086,1,21-04-2025,Completed,3087.07
4087,4087,4087,3,10-02-2024,NA,6627.38
4088,4088,4088,3,02-11-2024,NA,9891.44
4089,4089,4089,8,05-09-2025,Pending,8633.43
4090,4090,4090,5,22-10-2023,Pending,3989.23
4091,4091,4091,0,04-06-2023,Completed,11572.36
4092,4092,4092,5,08-01-2025,NA,11669.37
4093,4093,4093,2,22-03-2024,Completed,14934.32
4094,4094,4094,1,18-07-2023,Pending,2866.82
4095,4095,4095,8,09-06-2023,Completed,9522.83
4096,4096,4096,6,22-04-2026,Completed,11831.21
4097,4097,4097,0,03-02-2025,Cancelled,12465.71
4098,4098,4098,9,27-11-2023,NA,4823.48
4099,4099,4099,5,13-01-2026,Cancelled,1117.17
4100,4100,4100,2,14-05-2025,Completed,1235.21
4101,4101,4101,9,16-06-2023,Cancelled,8341.7
4102,4102,4102,0,28-06-2024,Cancelled,5807.86
4103,4103,4103,1,27-08-2025,Pending,1401.78
4104,4104,4104,2,30-11-2025,Cancelled,38.88
4105,4105,4105,4,16-09-2024,Completed,13882.22
4106,4106,4106,6,16-10-2025,Pending,6332.87
4107,4107,4107,10,09-09-2023,Pending,5049.12
4108,4108,4108,4,23-01-2025,Completed,14144.16
4109,4109,4109,2,10-12-2024,NA,0
4110,4110,4110,4,16-03-2024,Completed,10721.66
4111,4111,4111,1,05-01-2026,NA,9012.74
4112,4112,4112,7,07-09-2024,Pending,12878.32
4113,4113,4113,10,28-09-2023,NA,2884.41
4114,4114,4114,7,15-04-2024,Completed,12502.6
4115,4115,4115,2,02-06-2023,Cancelled,3209.95
4116,4116,4116,4,18-01-2026,Cancelled,11722.37
4117,4117,4117,9,30-12-2025,Completed,9670.3
4118,4118,4118,-2,03-08-2023,NA,13379.77
4119,4119,4119,5,23-01-2024,Pending,0
4120,4120,4120,-2,15-03-2024,Completed,11115
4121,4121,4121,3,08-10-2025,Pending,9005.05
4122,4122,4122,0,15-11-2024,Cancelled,3534.66
4123,4123,4123,2,15-11-2025,Completed,4547.07
4124,4124,4124,4,19-12-2025,Completed,13197.2
4125,4125,4125,7,17-08-2025,Pending,9047.18
4126,4126,4126,4,27-06-2025,Cancelled,7519.19
4127,4127,4127,3,01-07-2024,Cancelled,341.32
4128,4128,4128,0,29-05-2023,Cancelled,1945.45
4129,4129,4129,1,11-03-2026,Cancelled,12476.86
4130,4130,4130,2,29-11-2023,Pending,5879.14
4131,4131,4131,4,01-01-2024,Pending,12103
4132,4132,4132,7,08-10-2023,Completed,12863.43
4133,4133,4133,4,14-08-2024,Completed,11113.64
4134,4134,4134,9,14-02-2026,Cancelled,3579.13
4135,4135,4135,4,18-01-2025,NA,0
4136,4136,4136,0,22-03-2024,Cancelled,14488.85
4137,4137,4137,2,16-01-2026,Completed,11702.04
4138,4138,4138,6,20-09-2024,Completed,13758.25
4139,4139,4139,1,08-04-2026,NA,9795.13
4140,4140,4140,8,11-10-2023,NA,4495.01
4141,4141,4141,7,19-12-2023,Cancelled,2341.3
4142,4142,4142,8,23-11-2024,Completed,10219.46
4143,4143,4143,9,01-11-2023,Completed,10613.6
4144,4144,4144,8,25-04-2026,NA,13553.85
4145,4145,4145,9,16-02-2026,Completed,14687.56
4146,4146,4146,7,08-03-2025,Completed,8631.67
4147,4147,4147,1,16-04-2025,Cancelled,4552.45
4148,4148,4148,9,18-11-2023,Completed,14670.64
4149,4149,4149,0,31-08-2023,Completed,9477.58
4150,4150,4150,9,20-02-2025,Pending,857.91
4151,4151,4151,2,15-07-2024,Completed,11561.25
4152,4152,4152,1,02-03-2026,NA,8477.63
4153,4153,4153,6,21-09-2023,Completed,2881.33
4154,4154,4154,5,13-01-2026,Pending,14196.23
4155,4155,4155,3,27-12-2024,Completed,3375.68
4156,4156,4156,6,20-07-2023,Completed,4183.16
4157,4157,4157,5,11-01-2025,NA,3629.23
4158,4158,4158,8,02-01-2024,Pending,8256.52
4159,4159,4159,6,20-09-2023,Completed,11742.66
4160,4160,4160,9,02-02-2025,Completed,7046.62
4161,4161,4161,4,21-07-2025,Pending,4716.49
4162,4162,4162,10,11-06-2023,Pending,7944.39
4163,4163,4163,4,15-10-2023,Completed,4838.84
4164,4164,4164,8,30-05-2024,Completed,9075.73
4165,4165,4165,9,01-11-2023,Completed,8348.21
4166,4166,4166,2,01-04-2026,Completed,11941.24
4167,4167,4167,10,13-02-2026,NA,209.2
4168,4168,4168,8,28-08-2023,Completed,9692.05
4169,4169,4169,3,22-12-2025,Pending,13379.69
4170,4170,4170,0,09-04-2024,Completed,11264.55
4171,4171,4171,2,13-07-2023,Cancelled,13274.04
4172,4172,4172,4,30-10-2024,Pending,3164.1
4173,4173,4173,8,07-01-2026,Cancelled,5895.78
4174,4174,4174,7,10-02-2026,Completed,1498.39
4175,4175,4175,0,23-07-2024,Completed,4602.13
4176,4176,4176,4,14-10-2024,Completed,6915.83
4177,4177,4177,10,22-06-2024,Completed,7399.62
4178,4178,4178,-2,21-06-2024,Completed,7497.92
4179,4179,4179,-2,01-06-2024,Completed,2475.97
4180,4180,4180,4,01-10-2025,NA,4391.22
4181,4181,4181,4,17-02-2024,Pending,13358.37
4182,4182,4182,3,15-04-2024,NA,0
4183,4183,4183,2,15-05-2025,NA,12678.62
4184,4184,4184,7,30-06-2024,NA,9194.71
4185,4185,4185,2,30-04-2024,Cancelled,12120.52
4186,4186,4186,6,19-11-2025,Pending,6796.34
4187,4187,4187,4,05-03-2024,Completed,555.76
4188,4188,4188,7,22-05-2024,NA,10248.45
4189,4189,4189,8,02-07-2024,Completed,14119.55
4190,4190,4190,5,04-07-2025,NA,1002.6
4191,4191,4191,3,30-10-2023,Pending,3667.47
4192,4192,4192,7,28-03-2024,Cancelled,1675.81
4193,4193,4193,7,08-03-2025,Completed,6321.5
4194,4194,4194,4,10-05-2025,Completed,478.04
4195,4195,4195,10,12-06-2024,Completed,5758.65
4196,4196,4196,6,25-02-2026,Cancelled,11670.63
4197,4197,4197,3,23-01-2024,Completed,6704.9
4198,4198,4198,7,14-10-2023,Pending,10119.27
4199,4199,4199,4,10-08-2023,Pending,2316.37
4200,4200,4200,4,07-10-2024,Completed,4241.62
4201,4201,4201,6,22-05-2024,NA,63.04
4202,4202,4202,4,10-12-2025,NA,2879.78
4203,4203,4203,8,13-07-2025,Cancelled,5488.11
4204,4204,4204,7,29-04-2025,Cancelled,3789.83
4205,4205,4205,6,20-09-2024,Completed,7993.97
4206,4206,4206,5,10-07-2025,NA,847.47
4207,4207,4207,8,13-09-2025,Pending,6058.11
4208,4208,4208,0,04-04-2026,Pending,8199.88
4209,4209,4209,2,31-08-2025,Completed,1931.05
4210,4210,4210,4,27-10-2023,Completed,1788.23
4211,4211,4211,8,17-08-2025,NA,7070.74
4212,4212,4212,3,08-05-2024,Completed,11688.14
4213,4213,4213,4,21-08-2025,Completed,1696.26
4214,4214,4214,7,09-01-2026,Cancelled,7524.38
4215,4215,4215,1,23-04-2024,Completed,9774.39
4216,4216,4216,1,30-03-2024,NA,2379.75
4217,4217,4217,1,13-04-2024,Completed,3659.75
4218,4218,4218,9,19-05-2023,Cancelled,6412.59
4219,4219,4219,8,08-10-2024,Cancelled,1086.98
4220,4220,4220,4,01-04-2026,Completed,9636.28
4221,4221,4221,9,04-09-2025,Completed,6977.76
4222,4222,4222,5,23-01-2025,Completed,5164.61
4223,4223,4223,6,10-03-2025,Completed,7715.26
4224,4224,4224,4,05-01-2025,Cancelled,485.8
4225,4225,4225,0,22-04-2026,Completed,4807.77
4226,4226,4226,5,18-08-2023,NA,2206.91
4227,4227,4227,1,11-08-2025,Cancelled,2979.07
4228,4228,4228,5,07-02-2025,Completed,0
4229,4229,4229,-2,25-06-2025,Pending,0
4230,4230,4230,9,06-12-2024,NA,4951.91
4231,4231,4231,-2,21-08-2024,NA,4646.64
4232,4232,4232,8,26-03-2024,Completed,8091.6
4233,4233,4233,1,18-03-2025,Pending,8485.93
4234,4234,4234,2,23-06-2023,Pending,7912
4235,4235,4235,7,06-09-2024,Completed,12209.8
4236,4236,4236,3,13-03-2024,Completed,7838.47
4237,4237,4237,8,12-07-2023,NA,11322.77
4238,4238,4238,6,05-02-2026,NA,380.65
4239,4239,4239,10,16-02-2024,Cancelled,0
4240,4240,4240,2,25-02-2025,Pending,2709.6
4241,4241,4241,7,29-07-2023,NA,5350.4
4242,4242,4242,7,22-12-2024,Completed,12559.91
4243,4243,4243,1,23-03-2025,Cancelled,8376.36
4244,4244,4244,3,03-07-2025,Completed,6495.68
4245,4245,4245,0,09-03-2026,Cancelled,2135.61
4246,4246,4246,8,23-01-2026,Completed,7410.69
4247,4247,4247,2,16-01-2026,Completed,7895.93
4248,4248,4248,5,07-02-2024,NA,8226.35
4249,4249,4249,-2,15-05-2025,Cancelled,12099.89
4250,4250,4250,0,14-12-2024,Pending,11203.93
4251,4251,4251,1,06-05-2024,NA,14701.04
4252,4252,4252,6,02-01-2026,Cancelled,3858.04
4253,4253,4253,2,25-01-2026,Completed,17.83
4254,4254,4254,4,17-01-2025,Completed,6131.99
4255,4255,4255,4,03-05-2026,Cancelled,12404.77
4256,4256,4256,4,07-11-2023,Pending,1229.12
4257,4257,4257,8,22-07-2024,Pending,14162.04
4258,4258,4258,8,08-06-2024,Completed,10919.07
4259,4259,4259,4,19-12-2024,Completed,12334.08
4260,4260,4260,4,15-05-2025,Cancelled,6252.75
4261,4261,4261,6,16-06-2025,Completed,14616.15
4262,4262,4262,9,18-02-2024,Pending,5904.53
4263,4263,4263,1,24-01-2024,Pending,4878.96
4264,4264,4264,4,22-08-2024,NA,3010.04
4265,4265,4265,5,27-09-2024,NA,3221.08
4266,4266,4266,3,29-10-2025,Completed,4642.66
4267,4267,4267,2,14-02-2024,Cancelled,8052.76
4268,4268,4268,5,07-02-2024,NA,12762.44
4269,4269,4269,1,21-02-2025,Completed,11261.91
4270,4270,4270,6,23-04-2024,Completed,3926.13
4271,4271,4271,1,18-12-2024,Completed,13184.4
4272,4272,4272,0,10-03-2024,Completed,2116.72
4273,4273,4273,10,05-11-2025,NA,13516.47
4274,4274,4274,10,23-06-2023,NA,13660.92
4275,4275,4275,2,13-02-2026,Pending,4757.57
4276,4276,4276,8,10-12-2024,Completed,14997.47
4277,4277,4277,4,08-10-2025,Completed,4146.84
4278,4278,4278,5,27-04-2025,NA,6336.62
4279,4279,4279,5,20-03-2024,Completed,1723.68
4280,4280,4280,4,14-02-2026,Pending,6736.83
4281,4281,4281,10,01-01-2025,NA,3627.44
4282,4282,4282,8,06-11-2023,Pending,3879.99
4283,4283,4283,8,25-10-2023,Completed,3900.43
4284,4284,4284,5,25-07-2025,Pending,6347.77
4285,4285,4285,0,20-07-2024,NA,205.64
4286,4286,4286,8,15-11-2024,Cancelled,13699.01
4287,4287,4287,1,25-06-2023,Completed,8265.52
4288,4288,4288,10,23-04-2026,NA,12493.88
4289,4289,4289,7,02-01-2026,Completed,3809.58
4290,4290,4290,5,26-06-2025,Pending,1758.56
4291,4291,4291,4,17-10-2025,Pending,10013.66
4292,4292,4292,4,24-01-2025,NA,9161.66
4293,4293,4293,0,07-05-2025,Completed,6188.61
4294,4294,4294,10,10-08-2024,Cancelled,14571.59
4295,4295,4295,-2,05-10-2025,Completed,0
4296,4296,4296,3,11-04-2025,Pending,9945.27
4297,4297,4297,1,29-09-2024,Pending,8277.55
4298,4298,4298,1,08-02-2025,Cancelled,12075.94
4299,4299,4299,3,01-10-2025,NA,7742.93
4300,4300,4300,4,09-07-2025,Completed,9447.92
4301,4301,4301,1,22-05-2024,Cancelled,8218.33
4302,4302,4302,-2,17-06-2024,Completed,12901.47
4303,4303,4303,9,10-09-2025,Pending,1566.74
4304,4304,4304,10,19-06-2025,Cancelled,12378.3
4305,4305,4305,9,19-10-2025,Completed,12294.37
4306,4306,4306,10,24-07-2025,Cancelled,10531.14
4307,4307,4307,8,20-02-2025,Completed,3340.89
4308,4308,4308,7,28-02-2024,Completed,5749.05
4309,4309,4309,10,22-08-2023,Completed,5868.42
4310,4310,4310,7,25-02-2024,Completed,0
4311,4311,4311,9,27-01-2024,Completed,3908.59
4312,4312,4312,10,10-09-2023,Completed,6091.21
4313,4313,4313,5,01-02-2025,Pending,12173.28
4314,4314,4314,10,01-06-2024,NA,3832.81
4315,4315,4315,2,28-10-2024,Pending,8061.18
4316,4316,4316,10,04-09-2023,Completed,12253.74
4317,4317,4317,9,21-10-2024,Completed,1355.36
4318,4318,4318,8,23-12-2024,Completed,11481.42
4319,4319,4319,7,26-03-2024,NA,13325.83
4320,4320,4320,4,25-12-2023,Cancelled,7289.64
4321,4321,4321,4,14-06-2025,Pending,2863.71
4322,4322,4322,-2,18-06-2024,Completed,1709.04
4323,4323,4323,4,04-07-2024,Completed,7.39
4324,4324,4324,7,16-08-2023,NA,3911.83
4325,4325,4325,4,06-06-2023,NA,14477.38
4326,4326,4326,-2,05-08-2025,NA,4313.4
4327,4327,4327,4,29-03-2025,Completed,0
4328,4328,4328,0,06-05-2023,NA,13341.08
4329,4329,4329,0,01-11-2025,Pending,4943.99
4330,4330,4330,-2,25-12-2024,Completed,8084.8
4331,4331,4331,10,09-10-2023,Pending,6763.44
4332,4332,4332,0,06-08-2024,Completed,6924.99
4333,4333,4333,5,29-08-2024,Completed,14513.37
4334,4334,4334,9,08-06-2025,Pending,4461.54
4335,4335,4335,10,26-06-2023,Cancelled,6163.77
4336,4336,4336,0,06-08-2024,Completed,382.66
4337,4337,4337,6,16-10-2023,Cancelled,7822.38
4338,4338,4338,6,27-01-2026,NA,11041.16
4339,4339,4339,-2,18-02-2024,NA,8646.3
4340,4340,4340,3,02-12-2025,Cancelled,12451.03
4341,4341,4341,3,27-04-2026,Completed,14241.7
4342,4342,4342,4,05-04-2026,NA,14006.97
4343,4343,4343,4,11-04-2024,Pending,7765.09
4344,4344,4344,2,28-01-2025,Pending,8558.65
4345,4345,4345,3,25-11-2024,Completed,11477.65
4346,4346,4346,5,18-05-2024,Cancelled,9690.36
4347,4347,4347,4,25-02-2024,Completed,4135.85
4348,4348,4348,10,02-10-2024,NA,1824.66
4349,4349,4349,8,25-08-2023,NA,0
4350,4350,4350,4,16-08-2025,Completed,12791.59
4351,4351,4351,3,31-12-2025,Completed,714.87
4352,4352,4352,4,11-05-2024,Cancelled,13882.7
4353,4353,4353,0,06-07-2023,Completed,2888.05
4354,4354,4354,3,14-06-2023,Completed,5255.13
4355,4355,4355,1,10-01-2025,Completed,14585.84
4356,4356,4356,10,03-09-2025,Cancelled,14625.03
4357,4357,4357,4,03-08-2024,Pending,7107.39
4358,4358,4358,4,12-07-2024,Completed,11853.28
4359,4359,4359,2,05-08-2023,Cancelled,7611.57
4360,4360,4360,5,22-05-2024,Cancelled,591.19
4361,4361,4361,-2,28-08-2025,Completed,4444.38
4362,4362,4362,0,14-10-2025,NA,5645.07
4363,4363,4363,0,13-08-2024,Pending,6717.25
4364,4364,4364,3,19-09-2025,Completed,9650.63
4365,4365,4365,0,04-11-2023,Cancelled,4959.68
4366,4366,4366,7,06-02-2025,Completed,3134.43
4367,4367,4367,5,03-04-2025,Pending,13525.73
4368,4368,4368,5,04-01-2024,Completed,1001.69
4369,4369,4369,1,27-05-2025,Completed,6625.09
4370,4370,4370,-2,09-06-2024,Completed,4278.57
4371,4371,4371,3,06-11-2024,Cancelled,7907.33
4372,4372,4372,9,05-04-2024,NA,13146.29
4373,4373,4373,6,24-06-2025,Completed,12106.47
4374,4374,4374,4,23-07-2024,Pending,6931.45
4375,4375,4375,2,28-12-2024,Cancelled,14888.11
4376,4376,4376,6,22-07-2025,Cancelled,0
4377,4377,4377,0,23-01-2025,Completed,1882.09
4378,4378,4378,8,16-09-2023,Cancelled,11657.32
4379,4379,4379,2,16-07-2023,NA,9831.5
4380,4380,4380,7,17-06-2025,Cancelled,7422.31
4381,4381,4381,0,08-10-2023,Pending,4380.65
4382,4382,4382,6,08-06-2023,Completed,12044.27
4383,4383,4383,-2,10-09-2023,Pending,6795.88
4384,4384,4384,10,23-05-2023,Completed,1916.91
4385,4385,4385,-2,03-02-2026,Cancelled,14306.23
4386,4386,4386,4,06-09-2024,Cancelled,11451.82
4387,4387,4387,5,20-07-2023,Completed,2011.12
4388,4388,4388,7,19-02-2024,Pending,1473.76
4389,4389,4389,5,02-10-2023,Completed,181.43
4390,4390,4390,4,02-10-2024,Pending,12075.43
4391,4391,4391,0,12-04-2026,NA,9154.54
4392,4392,4392,2,03-12-2024,Completed,155.28
4393,4393,4393,4,21-10-2023,Cancelled,7074.28
4394,4394,4394,0,19-07-2024,Cancelled,5874.09
4395,4395,4395,4,07-10-2025,NA,5340.57
4396,4396,4396,5,22-03-2025,Completed,12545.54
4397,4397,4397,3,23-07-2024,Pending,9412.48
4398,4398,4398,9,13-04-2026,Cancelled,9109.71
4399,4399,4399,5,26-04-2026,Completed,12977.95
4400,4400,4400,5,02-07-2024,Completed,1581.55
4401,4401,4401,2,11-10-2024,Pending,11697.14
4402,4402,4402,2,17-11-2024,Pending,10450.68
4403,4403,4403,0,24-06-2024,NA,7513.38
4404,4404,4404,3,30-09-2025,Completed,8702.71
4405,4405,4405,6,29-09-2025,Completed,0
4406,4406,4406,5,05-09-2024,Pending,7983.73
4407,4407,4407,1,11-02-2024,NA,4323.88
4408,4408,4408,1,20-03-2026,Completed,2639.21
4409,4409,4409,9,09-02-2024,Completed,13038.28
4410,4410,4410,6,11-08-2023,Cancelled,13524.01
4411,4411,4411,3,01-09-2023,Completed,9362.37
4412,4412,4412,9,13-08-2025,NA,2463.2
4413,4413,4413,4,27-02-2026,Completed,5270.22
4414,4414,4414,5,07-09-2025,Completed,6947.85
4415,4415,4415,4,24-10-2025,Pending,10525.46
4416,4416,4416,0,28-12-2024,Pending,8249.76
4417,4417,4417,5,30-10-2025,Cancelled,11441.16
4418,4418,4418,0,20-12-2023,NA,0
4419,4419,4419,1,14-02-2026,NA,14189.26
4420,4420,4420,7,05-06-2023,Completed,13446.75
4421,4421,4421,9,16-01-2025,Cancelled,3641.64
4422,4422,4422,-2,20-07-2023,Cancelled,4745.9
4423,4423,4423,7,11-11-2023,Completed,10184.87
4424,4424,4424,4,11-11-2023,NA,6325.58
4425,4425,4425,0,03-11-2025,Pending,12350.87
4426,4426,4426,4,13-01-2025,Pending,11101.77
4427,4427,4427,8,31-07-2023,Pending,3234.6
4428,4428,4428,1,19-04-2024,NA,5708.75
4429,4429,4429,3,26-07-2025,Completed,4501.97
4430,4430,4430,8,23-04-2026,Completed,3967.5
4431,4431,4431,7,22-11-2024,Pending,0
4432,4432,4432,5,04-05-2024,Completed,13504.61
4433,4433,4433,2,02-06-2024,NA,5171.54
4434,4434,4434,3,08-09-2025,Cancelled,1773.63
4435,4435,4435,5,01-05-2025,Cancelled,2228.28
4436,4436,4436,2,13-04-2026,Pending,6544.06
4437,4437,4437,4,19-08-2023,NA,12278.98
4438,4438,4438,1,26-05-2023,Cancelled,14245.95
4439,4439,4439,2,05-02-2026,Completed,5162.22
4440,4440,4440,8,09-11-2023,Completed,10981.86
4441,4441,4441,4,08-11-2024,Completed,1424.14
4442,4442,4442,9,28-08-2025,NA,8240.06
4443,4443,4443,-2,18-01-2024,NA,8656.27
4444,4444,4444,10,02-04-2026,NA,10708.62
4445,4445,4445,10,10-12-2024,Cancelled,4671.4
4446,4446,4446,2,07-10-2024,Pending,5190.48
4447,4447,4447,4,01-08-2025,Pending,6566.08
4448,4448,4448,1,02-12-2025,Completed,672.72
4449,4449,4449,4,10-06-2024,Pending,5598.2
4450,4450,4450,0,21-07-2023,NA,10539.43
4451,4451,4451,3,23-05-2023,NA,4322.9
4452,4452,4452,4,25-11-2023,NA,13026.47
4453,4453,4453,5,31-10-2025,Pending,4469.46
4454,4454,4454,4,24-09-2023,NA,7453.5
4455,4455,4455,6,14-12-2024,Completed,5177.4
4456,4456,4456,4,13-08-2023,Cancelled,5757.05
4457,4457,4457,10,17-05-2024,Completed,12271.72
4458,4458,4458,1,02-08-2025,Cancelled,14855.6
4459,4459,4459,2,09-04-2025,Cancelled,5896.27
4460,4460,4460,6,14-11-2024,Pending,4427.2
4461,4461,4461,6,23-12-2024,Pending,1071.94
4462,4462,4462,1,29-09-2024,Pending,7451.53
4463,4463,4463,2,28-07-2024,NA,9192.17
4464,4464,4464,5,15-09-2023,Pending,6140.23
4465,4465,4465,9,25-12-2023,NA,7633.51
4466,4466,4466,2,03-11-2025,Completed,2371.5
4467,4467,4467,3,12-07-2023,NA,13019.66
4468,4468,4468,8,14-01-2024,NA,6359.61
4469,4469,4469,6,22-02-2026,Completed,14025.62
4470,4470,4470,1,01-02-2025,NA,11974.71
4471,4471,4471,4,25-03-2026,Completed,6701.22
4472,4472,4472,0,20-10-2023,Cancelled,9560.49
4473,4473,4473,10,22-03-2025,Cancelled,2795.58
4474,4474,4474,4,19-08-2025,Completed,12520.12
4475,4475,4475,8,24-02-2026,Pending,1478.7
4476,4476,4476,10,21-12-2023,NA,3348.75
4477,4477,4477,9,16-05-2025,Cancelled,5098.27
4478,4478,4478,4,25-06-2024,NA,2525.16
4479,4479,4479,6,17-05-2024,NA,5541.8
4480,4480,4480,5,05-10-2023,Cancelled,11907.99
4481,4481,4481,10,24-04-2025,Pending,11061.03
4482,4482,4482,4,25-11-2023,Completed,12994.59
4483,4483,4483,-2,15-11-2023,Completed,1981.33
4484,4484,4484,8,08-10-2024,Pending,4705.09
4485,4485,4485,5,23-10-2023,Completed,12373.23
4486,4486,4486,1,12-06-2025,Completed,1441.01
4487,4487,4487,10,21-11-2024,Cancelled,10329.15
4488,4488,4488,8,11-08-2025,Completed,9237.61
4489,4489,4489,3,01-11-2025,Completed,13904.09
4490,4490,4490,-2,19-11-2024,Completed,6737.92
4491,4491,4491,-2,10-01-2026,Cancelled,5599.29
4492,4492,4492,0,23-01-2025,Completed,2848.84
4493,4493,4493,2,24-05-2024,NA,8325.53
4494,4494,4494,2,21-10-2024,Pending,6804.96
4495,4495,4495,4,03-10-2025,Cancelled,11160.86
4496,4496,4496,2,02-02-2026,NA,3422.22
4497,4497,4497,2,09-10-2024,Cancelled,4607.21
4498,4498,4498,10,10-11-2024,Cancelled,1641.93
4499,4499,4499,8,22-12-2024,Completed,5365.81
4500,4500,4500,6,29-09-2025,Completed,0
4501,4501,4501,0,04-09-2024,Completed,3727.33
4502,4502,4502,0,13-05-2024,Pending,5121.96
4503,4503,4503,9,21-01-2025,Cancelled,955.73
4504,4504,4504,1,18-08-2025,Completed,6398
4505,4505,4505,9,01-03-2025,NA,6458.67
4506,4506,4506,3,14-02-2025,Completed,13234.5
4507,4507,4507,4,05-10-2024,NA,8558.94
4508,4508,4508,0,10-08-2023,Cancelled,408.92
4509,4509,4509,3,28-10-2024,Pending,6857.31
4510,4510,4510,3,22-08-2025,Completed,2638.2
4511,4511,4511,5,12-10-2025,Completed,1411.93
4512,4512,4512,4,22-06-2023,Completed,0
4513,4513,4513,5,22-04-2024,Completed,7575.8
4514,4514,4514,4,29-10-2024,Completed,1727.64
4515,4515,4515,9,13-12-2025,Cancelled,11471.48
4516,4516,4516,2,28-02-2026,NA,7628.53
4517,4517,4517,4,05-02-2024,Cancelled,7271.53
4518,4518,4518,9,21-01-2025,Completed,13168.5
4519,4519,4519,7,12-02-2026,Completed,76.71
4520,4520,4520,10,06-08-2025,NA,9650.32
4521,4521,4521,1,26-01-2025,Completed,7695.6
4522,4522,4522,5,17-05-2025,Pending,8129.99
4523,4523,4523,4,07-04-2024,Completed,13943.53
4524,4524,4524,6,09-07-2023,NA,3850.73
4525,4525,4525,3,29-12-2023,Completed,2474.67
4526,4526,4526,4,29-11-2023,NA,1404.36
4527,4527,4527,10,12-08-2024,Pending,713.09
4528,4528,4528,10,17-09-2025,Completed,11942.91
4529,4529,4529,4,18-01-2025,Completed,3748.05
4530,4530,4530,0,15-09-2023,Completed,2104
4531,4531,4531,3,01-10-2025,Completed,12783.6
4532,4532,4532,6,13-10-2025,Cancelled,7198.64
4533,4533,4533,7,29-06-2023,Pending,5968.29
4534,4534,4534,5,24-06-2023,NA,12690.18
4535,4535,4535,8,22-08-2024,Completed,14101.29
4536,4536,4536,5,17-12-2025,Completed,5047.8
4537,4537,4537,4,14-08-2023,Completed,11348.37
4538,4538,4538,2,28-04-2025,NA,7330.93
4539,4539,4539,1,22-02-2025,Completed,10639.09
4540,4540,4540,4,09-01-2024,NA,5629.06
4541,4541,4541,8,27-11-2023,Completed,1255.69
4542,4542,4542,-2,27-05-2024,NA,9845.79
4543,4543,4543,4,02-05-2025,Cancelled,3694.7
4544,4544,4544,7,16-11-2024,Cancelled,12984.94
4545,4545,4545,4,05-08-2023,Cancelled,1288.06
4546,4546,4546,4,27-04-2026,Pending,2124.84
4547,4547,4547,-2,31-08-2023,Pending,12189.43
4548,4548,4548,0,12-10-2023,Completed,12003.57
4549,4549,4549,1,11-01-2025,Completed,12733.67
4550,4550,4550,8,02-12-2023,Completed,1620.69
4551,4551,4551,-2,04-12-2023,Completed,13060.49
4552,4552,4552,4,08-11-2024,Completed,78.93
4553,4553,4553,-2,31-03-2024,Cancelled,4172.81
4554,4554,4554,6,25-01-2024,Completed,2963.37
4555,4555,4555,4,09-01-2024,Pending,14983.68
4556,4556,4556,6,31-05-2023,Completed,10732.97
4557,4557,4557,1,12-05-2024,Pending,6035.14
4558,4558,4558,2,15-01-2025,NA,12444.42
4559,4559,4559,3,01-04-2025,NA,7590.74
4560,4560,4560,8,08-11-2024,Completed,284.2
4561,4561,4561,4,04-10-2025,Completed,6833.1
4562,4562,4562,7,22-11-2024,Pending,6403.6
4563,4563,4563,10,07-09-2024,Completed,1922.04
4564,4564,4564,0,26-06-2025,Cancelled,9926.9
4565,4565,4565,10,17-02-2025,NA,6946.25
4566,4566,4566,10,18-08-2025,Completed,267.63
4567,4567,4567,8,19-10-2024,Completed,8736.52
4568,4568,4568,1,13-01-2025,Completed,4804.28
4569,4569,4569,1,21-06-2025,Completed,998.66
4570,4570,4570,5,14-08-2025,Completed,10536.11
4571,4571,4571,9,30-10-2024,NA,2894.71
4572,4572,4572,8,19-02-2026,NA,6367.09
4573,4573,4573,6,26-01-2025,Cancelled,9026.37
4574,4574,4574,3,21-10-2024,Completed,6856.15
4575,4575,4575,4,17-04-2024,Completed,12315.47
4576,4576,4576,0,19-04-2024,Pending,4308.45
4577,4577,4577,9,27-01-2026,NA,8553.92
4578,4578,4578,2,13-09-2024,Pending,13142.4
4579,4579,4579,7,16-06-2023,Cancelled,823.58
4580,4580,4580,8,11-07-2024,Completed,13923.17
4581,4581,4581,3,13-03-2024,Completed,7951.95
4582,4582,4582,3,15-04-2025,Cancelled,5472.74
4583,4583,4583,4,02-05-2024,Pending,7129.34
4584,4584,4584,8,06-11-2025,Pending,143.18
4585,4585,4585,8,16-03-2026,Cancelled,2747.27
4586,4586,4586,6,07-08-2024,Completed,14894.53
4587,4587,4587,1,10-12-2024,Cancelled,503.6
4588,4588,4588,1,13-09-2023,Cancelled,5512.13
4589,4589,4589,8,04-10-2023,NA,6669.87
4590,4590,4590,1,14-05-2025,Pending,4055.43
4591,4591,4591,0,19-11-2024,Completed,10567.03
4592,4592,4592,9,02-09-2025,Completed,12080.57
4593,4593,4593,0,27-09-2024,Completed,13746.92
4594,4594,4594,4,27-11-2024,Completed,14327.88
4595,4595,4595,4,15-04-2026,NA,7954.89
4596,4596,4596,0,03-11-2024,Completed,4654.22
4597,4597,4597,7,14-10-2025,Cancelled,9586.89
4598,4598,4598,1,06-09-2024,Cancelled,1257.09
4599,4599,4599,7,19-02-2024,Cancelled,692.46
4600,4600,4600,4,29-08-2023,Completed,5746.6
4601,4601,4601,4,26-06-2025,Completed,12394.8
4602,4602,4602,9,20-05-2024,Pending,12756.38
4603,4603,4603,10,18-06-2024,Completed,14105.75
4604,4604,4604,3,05-06-2023,Pending,552.25
4605,4605,4605,4,12-02-2024,Pending,7605.6
4606,4606,4606,2,12-09-2025,Cancelled,3283.31
4607,4607,4607,0,24-04-2025,Completed,14079.25
4608,4608,4608,9,06-04-2025,Completed,12146.73
4609,4609,4609,0,21-12-2024,Completed,333.01
4610,4610,4610,9,16-09-2023,Cancelled,11121.03
4611,4611,4611,7,11-08-2024,Cancelled,9826.94
4612,4612,4612,8,05-09-2023,Completed,11109.81
4613,4613,4613,4,18-05-2024,Cancelled,11951.8
4614,4614,4614,8,18-02-2025,Cancelled,12317.55
4615,4615,4615,2,14-01-2024,NA,1109.73
4616,4616,4616,4,10-01-2025,NA,1793.35
4617,4617,4617,2,22-06-2023,Pending,8084.5
4618,4618,4618,10,20-08-2025,Completed,11140.58
4619,4619,4619,6,28-05-2025,Completed,4531.62
4620,4620,4620,10,19-10-2025,Completed,0
4621,4621,4621,1,30-04-2026,NA,8200.3
4622,4622,4622,0,04-10-2025,Pending,12001.78
4623,4623,4623,3,04-02-2025,Cancelled,7877.46
4624,4624,4624,5,09-09-2023,Pending,6029.06
4625,4625,4625,2,23-02-2025,Completed,2496.32
4626,4626,4626,-2,30-12-2023,Pending,6612.03
4627,4627,4627,5,20-02-2026,Cancelled,5685.11
4628,4628,4628,8,25-06-2025,NA,10641.82
4629,4629,4629,2,13-03-2024,NA,2587.29
4630,4630,4630,10,05-04-2026,NA,10784.95
4631,4631,4631,8,30-07-2025,Completed,8841.33
4632,4632,4632,1,09-04-2026,Completed,2076.42
4633,4633,4633,10,09-01-2024,Completed,13046.34
4634,4634,4634,8,03-04-2024,Pending,13435.54
4635,4635,4635,7,19-04-2025,Cancelled,9976.91
4636,4636,4636,5,04-08-2024,Completed,4875.94
4637,4637,4637,5,02-02-2025,Completed,12745.62
4638,4638,4638,6,26-09-2023,Pending,6501.6
4639,4639,4639,9,23-01-2026,Cancelled,797.48
4640,4640,4640,-2,14-11-2024,Completed,7886.5
4641,4641,4641,5,05-01-2025,Completed,8720
4642,4642,4642,10,25-07-2024,Completed,13482.28
4643,4643,4643,9,16-05-2023,NA,6834.23
4644,4644,4644,8,21-11-2025,Completed,3319.25
4645,4645,4645,4,05-04-2025,NA,4488.22
4646,4646,4646,10,18-03-2026,Completed,11858.23
4647,4647,4647,-2,25-11-2024,Completed,4563.7
4648,4648,4648,6,21-06-2024,NA,816.96
4649,4649,4649,1,22-05-2024,NA,8857
4650,4650,4650,5,31-03-2024,Pending,2776.1
4651,4651,4651,5,26-11-2025,Pending,9780.25
4652,4652,4652,-2,23-04-2026,Pending,6165.89
4653,4653,4653,0,15-01-2025,Cancelled,9641.58
4654,4654,4654,-2,07-08-2025,Completed,5322.49
4655,4655,4655,10,07-08-2025,Pending,10933.98
4656,4656,4656,4,12-05-2023,NA,10404.56
4657,4657,4657,4,12-09-2023,Cancelled,7840.98
4658,4658,4658,-2,02-02-2026,Completed,1025.37
4659,4659,4659,-2,11-02-2026,Pending,7000.15
4660,4660,4660,10,03-01-2026,Completed,0
4661,4661,4661,1,03-04-2024,Cancelled,0
4662,4662,4662,6,28-02-2024,Completed,9092.33
4663,4663,4663,8,26-07-2023,Completed,2404.44
4664,4664,4664,6,07-06-2023,Completed,6873.73
4665,4665,4665,8,14-10-2025,Completed,14597.97
4666,4666,4666,4,17-09-2025,Completed,9117.51
4667,4667,4667,7,23-04-2025,Completed,12563.27
4668,4668,4668,4,23-12-2025,Completed,12295.96
4669,4669,4669,0,24-07-2023,Pending,9984.64
4670,4670,4670,5,09-05-2025,Cancelled,9179.53
4671,4671,4671,5,29-06-2025,Completed,7381.38
4672,4672,4672,8,10-10-2025,Completed,12659.16
4673,4673,4673,-2,26-09-2024,NA,0
4674,4674,4674,-2,21-12-2023,Completed,13476.34
4675,4675,4675,5,03-05-2025,NA,89.92
4676,4676,4676,9,15-06-2024,Completed,1745.38
4677,4677,4677,0,23-04-2025,Completed,4669.57
4678,4678,4678,5,18-10-2023,NA,5177.51
4679,4679,4679,6,13-09-2024,Completed,6848.52
4680,4680,4680,9,17-11-2024,Completed,10598.39
4681,4681,4681,6,26-10-2025,Completed,8438.62
4682,4682,4682,7,08-08-2023,Completed,3507.21
4683,4683,4683,3,14-03-2025,Cancelled,13735.79
4684,4684,4684,9,23-04-2024,Completed,6731.28
4685,4685,4685,-2,21-10-2024,Completed,7907.73
4686,4686,4686,6,14-09-2023,Cancelled,14699.64
4687,4687,4687,9,23-01-2024,Completed,1762.95
4688,4688,4688,8,04-04-2025,Completed,1017.44
4689,4689,4689,6,24-10-2023,Completed,1731.6
4690,4690,4690,6,13-04-2026,Completed,7328.59
4691,4691,4691,4,25-02-2024,NA,13968.09
4692,4692,4692,4,18-09-2025,NA,5786.36
4693,4693,4693,6,28-07-2025,Cancelled,9707.92
4694,4694,4694,3,10-11-2025,NA,12135.93
4695,4695,4695,4,02-02-2024,Completed,1914.57
4696,4696,4696,8,28-03-2025,Cancelled,2669.07
4697,4697,4697,5,09-10-2024,Pending,331.99
4698,4698,4698,4,30-03-2024,Completed,14225.03
4699,4699,4699,-2,27-03-2024,Completed,1981.7
4700,4700,4700,3,29-01-2026,NA,10294.63
4701,4701,4701,2,03-10-2024,NA,10200.93
4702,4702,4702,5,26-06-2024,NA,5641.07
4703,4703,4703,0,10-08-2023,Pending,14073.92
4704,4704,4704,10,15-06-2023,Pending,384.71
4705,4705,4705,9,18-08-2025,NA,10165.5
4706,4706,4706,4,28-06-2025,Completed,11996.85
4707,4707,4707,8,22-05-2024,Pending,2451.05
4708,4708,4708,1,12-11-2023,Pending,11601.57
4709,4709,4709,4,10-11-2025,Cancelled,13678.2
4710,4710,4710,3,12-10-2025,Completed,4653.76
4711,4711,4711,5,09-12-2023,Completed,12334.58
4712,4712,4712,4,29-10-2024,Completed,8919.84
4713,4713,4713,6,05-01-2024,Cancelled,10177.76
4714,4714,4714,1,17-04-2026,Completed,1454.46
4715,4715,4715,-2,18-03-2024,Completed,9612.93
4716,4716,4716,-2,07-08-2023,Completed,10688.25
4717,4717,4717,7,02-08-2025,Pending,6888.49
4718,4718,4718,7,25-02-2024,Cancelled,3013.75
4719,4719,4719,8,29-07-2023,Completed,5944.44
4720,4720,4720,2,12-05-2025,NA,10281.04
4721,4721,4721,4,30-03-2025,Cancelled,14815.28
4722,4722,4722,7,01-11-2023,Cancelled,10002.19
4723,4723,4723,9,16-12-2025,Cancelled,13170.93
4724,4724,4724,5,24-02-2025,Cancelled,10891.48
4725,4725,4725,2,27-07-2025,NA,13279.56
4726,4726,4726,4,12-10-2023,Cancelled,1269.53
4727,4727,4727,-2,14-09-2025,Pending,3016.37
4728,4728,4728,6,23-05-2023,NA,11119.47
4729,4729,4729,5,22-11-2025,NA,7609.69
4730,4730,4730,6,24-01-2025,Completed,10820.1
4731,4731,4731,7,14-08-2023,Pending,11826.53
4732,4732,4732,0,21-10-2023,Cancelled,14053.91
4733,4733,4733,10,02-10-2025,Completed,4353.54
4734,4734,4734,10,19-03-2025,Pending,11065.35
4735,4735,4735,5,24-02-2024,Cancelled,13477.65
4736,4736,4736,3,04-12-2023,Completed,14434.6
4737,4737,4737,5,03-07-2024,Cancelled,12712.94
4738,4738,4738,0,26-12-2025,Pending,13456.02
4739,4739,4739,3,06-05-2024,Pending,3653
4740,4740,4740,-2,08-08-2024,Pending,13509.55
4741,4741,4741,3,31-01-2025,NA,12089.15
4742,4742,4742,5,20-09-2024,Completed,7250.68
4743,4743,4743,-2,23-05-2023,Pending,1618.15
4744,4744,4744,0,26-07-2025,Completed,13603.52
4745,4745,4745,3,22-02-2024,Completed,7838.32
4746,4746,4746,6,17-06-2023,NA,12726.75
4747,4747,4747,8,08-01-2025,Pending,111.38
4748,4748,4748,8,10-02-2025,Completed,6146.69
4749,4749,4749,0,07-06-2025,Pending,11286.21
4750,4750,4750,3,16-12-2024,NA,462.33
4751,4751,4751,5,01-12-2025,NA,3145.77
4752,4752,4752,0,22-03-2025,Completed,0
4753,4753,4753,9,19-08-2023,Pending,12280.79
4754,4754,4754,10,13-12-2025,Pending,14439.49
4755,4755,4755,4,28-08-2025,NA,4942.39
4756,4756,4756,8,30-06-2024,NA,6545.41
4757,4757,4757,10,03-10-2024,Pending,9433.66
4758,4758,4758,0,02-03-2024,Pending,9803.52
4759,4759,4759,0,26-06-2024,Cancelled,8812.44
4760,4760,4760,7,09-01-2025,Completed,10374.58
4761,4761,4761,5,05-07-2025,Completed,1328.95
4762,4762,4762,5,07-10-2023,NA,706.22
4763,4763,4763,-2,18-11-2023,NA,11964.27
4764,4764,4764,6,11-08-2025,Pending,8280.61
4765,4765,4765,7,01-02-2026,Cancelled,4637.23
4766,4766,4766,-2,14-09-2025,Completed,446.5
4767,4767,4767,4,28-11-2023,Completed,2532.71
4768,4768,4768,9,20-04-2025,Cancelled,11389.38
4769,4769,4769,4,27-04-2026,Completed,8141.99
4770,4770,4770,3,02-04-2025,NA,10739.69
4771,4771,4771,4,23-07-2024,NA,7325.57
4772,4772,4772,3,05-10-2024,Cancelled,9072.77
4773,4773,4773,9,02-01-2025,Cancelled,11096.77
4774,4774,4774,2,01-12-2025,NA,12507.51
4775,4775,4775,-2,20-11-2024,NA,2827.68
4776,4776,4776,4,28-01-2024,Completed,4690.3
4777,4777,4777,0,28-05-2025,Completed,965.03
4778,4778,4778,7,24-03-2025,NA,524.94
4779,4779,4779,3,27-12-2025,NA,13771.84
4780,4780,4780,4,08-07-2025,Completed,3860.6
4781,4781,4781,4,16-01-2025,Cancelled,5894.43
4782,4782,4782,10,26-01-2026,Cancelled,1757.14
4783,4783,4783,4,28-02-2024,NA,3331.22
4784,4784,4784,5,25-04-2026,Completed,9005.06
4785,4785,4785,9,08-12-2025,Completed,9969.5
4786,4786,4786,-2,16-06-2025,NA,13420.48
4787,4787,4787,7,11-01-2025,Cancelled,9234.37
4788,4788,4788,5,09-02-2025,Cancelled,5786.37
4789,4789,4789,2,04-11-2023,Cancelled,9549.68
4790,4790,4790,4,07-05-2023,Pending,401.21
4791,4791,4791,2,01-10-2023,Completed,2033.01
4792,4792,4792,7,07-02-2025,Completed,0
4793,4793,4793,0,15-09-2025,Cancelled,11845.37
4794,4794,4794,8,15-07-2023,Completed,9895.33
4795,4795,4795,4,16-04-2024,Pending,12093.74
4796,4796,4796,7,07-07-2025,Completed,0
4797,4797,4797,3,02-02-2024,Cancelled,2182.84
4798,4798,4798,3,23-03-2024,Completed,5300.83
4799,4799,4799,5,17-11-2024,Cancelled,11168.43
4800,4800,4800,4,08-11-2023,Completed,2668.9
4801,4801,4801,1,13-09-2025,Completed,322.73
4802,4802,4802,7,08-02-2025,Completed,7514.38
4803,4803,4803,2,07-04-2024,Pending,13022.67
4804,4804,4804,3,15-10-2023,Completed,8343.63
4805,4805,4805,10,22-06-2025,Completed,9626.09
4806,4806,4806,3,02-09-2025,Cancelled,2543.65
4807,4807,4807,10,26-03-2026,Completed,9841.42
4808,4808,4808,1,28-05-2023,Completed,13157.9
4809,4809,4809,0,25-06-2024,NA,3327.43
4810,4810,4810,2,08-08-2024,Completed,9284.79
4811,4811,4811,10,29-03-2025,Completed,1850.01
4812,4812,4812,7,28-04-2025,Cancelled,13173.93
4813,4813,4813,-2,20-12-2024,NA,6486.75
4814,4814,4814,10,13-01-2026,Completed,11769.72
4815,4815,4815,4,19-02-2026,Cancelled,13321.65
4816,4816,4816,1,12-07-2023,NA,2332.26
4817,4817,4817,10,12-03-2026,Completed,10100.23
4818,4818,4818,6,25-07-2023,NA,7049.09
4819,4819,4819,2,29-08-2025,NA,4929.31
4820,4820,4820,-2,03-06-2025,Pending,8198.19
4821,4821,4821,3,15-08-2023,Pending,14474.06
4822,4822,4822,5,15-08-2025,Completed,10721.57
4823,4823,4823,5,13-11-2024,Pending,10276.86
4824,4824,4824,3,05-05-2024,Completed,1192.09
4825,4825,4825,1,02-04-2025,Completed,10962.01
4826,4826,4826,8,18-08-2025,Cancelled,4063.14
4827,4827,4827,8,18-08-2025,Cancelled,5086.93
4828,4828,4828,3,11-04-2024,Completed,7444.46
4829,4829,4829,2,08-08-2025,Cancelled,3236.13
4830,4830,4830,3,09-12-2024,NA,14798.55
4831,4831,4831,4,14-05-2024,Cancelled,5377.05
4832,4832,4832,6,12-04-2026,Completed,7195.85
4833,4833,4833,2,29-08-2025,NA,4689.79
4834,4834,4834,0,21-03-2024,NA,13976.27
4835,4835,4835,-2,29-08-2025,Completed,6383.77
4836,4836,4836,0,13-09-2023,NA,12087.31
4837,4837,4837,4,14-02-2025,NA,11384.17
4838,4838,4838,8,22-12-2023,NA,4736.19
4839,4839,4839,1,14-09-2023,Pending,14087.19
4840,4840,4840,9,30-03-2025,Completed,4936.49
4841,4841,4841,10,30-01-2024,Cancelled,3190.5
4842,4842,4842,2,25-01-2025,NA,9191.16
4843,4843,4843,7,08-04-2025,Pending,6858.11
4844,4844,4844,8,24-09-2023,Pending,2968.57
4845,4845,4845,3,24-12-2025,Completed,7849.66
4846,4846,4846,9,07-11-2024,Cancelled,5020.58
4847,4847,4847,4,31-10-2025,NA,12645.87
4848,4848,4848,6,21-05-2024,NA,8845.42
4849,4849,4849,4,14-07-2023,Pending,1408.78
4850,4850,4850,3,10-09-2025,Completed,12926.32
4851,4851,4851,-2,15-11-2025,Completed,10444.72
4852,4852,4852,6,22-10-2023,NA,7924.03
4853,4853,4853,6,09-12-2025,NA,9580.42
4854,4854,4854,1,27-10-2025,Cancelled,5720.2
4855,4855,4855,8,02-10-2025,Cancelled,0
4856,4856,4856,1,30-06-2023,Cancelled,5215.11
4857,4857,4857,4,15-08-2025,Cancelled,14949.88
4858,4858,4858,2,08-09-2024,Pending,9002.42
4859,4859,4859,10,18-12-2024,Completed,2178.73
4860,4860,4860,1,30-10-2025,Completed,592.63
4861,4861,4861,9,05-12-2024,Pending,1396.11
4862,4862,4862,6,14-05-2024,Completed,5554.23
4863,4863,4863,2,17-11-2024,Pending,14105.37
4864,4864,4864,-2,10-12-2024,Pending,545.12
4865,4865,4865,10,24-09-2023,Completed,9779.07
4866,4866,4866,8,22-06-2025,Completed,9220.3
4867,4867,4867,2,13-10-2023,Completed,12288.38
4868,4868,4868,7,03-05-2026,Completed,13661.87
4869,4869,4869,7,30-03-2024,Pending,2706.82
4870,4870,4870,5,21-08-2025,Pending,1885.58
4871,4871,4871,10,29-07-2025,Completed,3716.45
4872,4872,4872,1,16-04-2026,Cancelled,5994.55
4873,4873,4873,10,04-06-2024,Cancelled,4637.99
4874,4874,4874,5,28-11-2025,Completed,10375.2
4875,4875,4875,8,17-11-2025,Completed,2084.93
4876,4876,4876,6,07-03-2024,Pending,2673.94
4877,4877,4877,1,04-06-2025,Completed,1152.92
4878,4878,4878,8,17-10-2024,NA,11035.85
4879,4879,4879,6,16-09-2025,NA,8283.24
4880,4880,4880,10,14-04-2026,Pending,6760.94
4881,4881,4881,-2,01-08-2023,NA,8866.3
4882,4882,4882,6,26-06-2025,Pending,4889.17
4883,4883,4883,4,28-09-2025,Completed,0
4884,4884,4884,9,04-07-2024,Pending,2449.34
4885,4885,4885,3,06-05-2025,Pending,4913.15
4886,4886,4886,4,31-12-2023,Pending,14736.59
4887,4887,4887,4,30-10-2023,Completed,14620.57
4888,4888,4888,2,07-05-2025,Cancelled,9145.83
4889,4889,4889,3,04-07-2024,Completed,13099.36
4890,4890,4890,0,01-09-2024,NA,10888.05
4891,4891,4891,-2,25-10-2023,NA,4095.31
4892,4892,4892,1,24-07-2025,NA,8783.8
4893,4893,4893,9,20-11-2023,Cancelled,7592.58
4894,4894,4894,7,26-04-2024,NA,0
4895,4895,4895,2,05-09-2024,Completed,519.56
4896,4896,4896,5,15-04-2026,Cancelled,0
4897,4897,4897,-2,28-04-2026,Completed,6610.89
4898,4898,4898,4,25-05-2024,NA,4204.47
4899,4899,4899,5,11-04-2026,Completed,3465.28
4900,4900,4900,4,08-05-2025,Completed,14882.83
4901,4901,4901,-2,05-03-2024,Completed,3874.95
4902,4902,4902,5,21-10-2024,Completed,13618.6
4903,4903,4903,6,29-01-2026,NA,10172.44
4904,4904,4904,4,09-08-2024,NA,8229.41
4905,4905,4905,9,29-09-2025,Completed,1755.64
4906,4906,4906,6,20-12-2024,Completed,14231.6
4907,4907,4907,6,25-09-2025,Completed,8323.08
4908,4908,4908,1,17-08-2023,Cancelled,14518.81
4909,4909,4909,8,13-02-2024,NA,0
4910,4910,4910,4,12-10-2024,Pending,2042.85
4911,4911,4911,5,26-03-2025,Completed,6804.64
4912,4912,4912,0,30-08-2023,Pending,6799.55
4913,4913,4913,5,13-05-2025,Completed,9841.22
4914,4914,4914,4,05-09-2023,Cancelled,9613.85
4915,4915,4915,9,31-05-2023,Completed,4196.92
4916,4916,4916,5,13-09-2025,Completed,9145.24
4917,4917,4917,0,28-03-2026,Completed,5068.14
4918,4918,4918,5,01-02-2025,Completed,7624.63
4919,4919,4919,5,17-06-2025,NA,7692.12
4920,4920,4920,-2,30-09-2023,Completed,14031.27
4921,4921,4921,5,31-01-2024,Completed,10215.77
4922,4922,4922,10,29-09-2023,Pending,6603.29
4923,4923,4923,7,16-01-2026,Completed,116.11
4924,4924,4924,7,26-12-2023,Pending,10635.64
4925,4925,4925,2,09-03-2024,Completed,5805.65
4926,4926,4926,0,01-07-2025,Pending,12418.94
4927,4927,4927,2,15-04-2024,Completed,10816.29
4928,4928,4928,4,27-02-2025,Completed,12327.53
4929,4929,4929,6,08-02-2024,Completed,13544.09
4930,4930,4930,3,25-11-2023,Completed,12881.18
4931,4931,4931,8,21-08-2025,Cancelled,5699.42
4932,4932,4932,7,21-10-2023,Cancelled,14067.36
4933,4933,4933,3,20-09-2024,Cancelled,11837.38
4934,4934,4934,1,13-10-2024,Completed,2860.59
4935,4935,4935,-2,25-10-2024,Completed,9167.89
4936,4936,4936,2,24-04-2025,Pending,3253.63
4937,4937,4937,4,16-03-2025,Completed,7017.47
4938,4938,4938,4,14-01-2024,Pending,1417.58
4939,4939,4939,8,31-03-2026,Pending,7518.07
4940,4940,4940,5,23-03-2024,Pending,1575.98
4941,4941,4941,-2,12-11-2024,Cancelled,4909.83
4942,4942,4942,8,07-03-2026,Pending,14265.13
4943,4943,4943,0,01-11-2023,Completed,11306.4
4944,4944,4944,-2,04-03-2026,Completed,10404.24
4945,4945,4945,8,19-12-2023,Completed,8474.97
4946,4946,4946,-2,02-09-2024,NA,1996.76
4947,4947,4947,6,02-01-2025,NA,3842.55
4948,4948,4948,8,12-06-2024,Completed,8968.3
4949,4949,4949,0,10-04-2025,NA,13614.23
4950,4950,4950,3,01-04-2025,Pending,12985.66
4951,4951,4951,6,28-12-2024,Pending,1742.21
4952,4952,4952,2,08-03-2026,Cancelled,1898.23
4953,4953,4953,-2,22-07-2023,Completed,9684.2
4954,4954,4954,2,27-10-2023,NA,11689.58
4955,4955,4955,7,15-09-2025,Completed,11978.28
4956,4956,4956,9,30-06-2023,Cancelled,3750.87
4957,4957,4957,4,25-11-2023,Completed,14480.93
4958,4958,4958,-2,22-09-2024,Cancelled,3885.92
4959,4959,4959,9,23-02-2025,Pending,7605.67
4960,4960,4960,5,16-05-2025,Pending,14338.02
4961,4961,4961,0,31-03-2025,Pending,10533.04
4962,4962,4962,6,08-11-2024,NA,5800.25
4963,4963,4963,4,13-09-2023,Pending,8655.25
4964,4964,4964,-2,29-12-2023,Completed,4840.8
4965,4965,4965,9,23-02-2024,Cancelled,10242.7
4966,4966,4966,-2,30-10-2025,Pending,3763.4
4967,4967,4967,2,04-05-2026,Pending,5457.82
4968,4968,4968,6,30-03-2024,NA,0
4969,4969,4969,7,26-05-2025,Completed,7442.25
4970,4970,4970,6,21-11-2023,Pending,5407.77
4971,4971,4971,-2,10-01-2026,NA,14775.84
4972,4972,4972,2,23-11-2023,Pending,9454.32
4973,4973,4973,9,14-02-2026,NA,10619.81
4974,4974,4974,3,30-09-2024,Completed,13408.82
4975,4975,4975,4,08-12-2023,Pending,1885.55
4976,4976,4976,10,04-04-2026,Completed,7847.13
4977,4977,4977,9,23-07-2025,Completed,12536.58
4978,4978,4978,5,15-07-2025,Cancelled,12509.33
4979,4979,4979,0,28-05-2024,Completed,1096.15
4980,4980,4980,4,11-08-2024,Completed,3353.03
4981,4981,4981,4,07-09-2024,Cancelled,6004.61
4982,4982,4982,9,13-12-2023,Completed,12402.27
4983,4983,4983,10,02-03-2026,Completed,5796.87
4984,4984,4984,0,23-01-2026,Completed,13695.42
4985,4985,4985,2,18-04-2026,Cancelled,954.89
4986,4986,4986,7,08-08-2025,Pending,4166.85
4987,4987,4987,10,27-09-2024,Pending,14446.09
4988,4988,4988,0,11-08-2025,Completed,11265.83
4989,4989,4989,8,12-07-2025,Cancelled,7944.31
4990,4990,4990,4,15-09-2023,Cancelled,6731.53
4991,4991,4991,0,23-12-2025,Completed,9377.11
4992,4992,4992,7,05-02-2025,Cancelled,13332.6
4993,4993,4993,3,28-04-2026,NA,12601.23
4994,4994,4994,9,19-06-2023,Completed,8431.27
4995,4995,4995,1,28-06-2023,Completed,1874.41
4996,4996,4996,4,18-07-2023,Cancelled,13224.19
4997,4997,4997,2,21-09-2023,NA,1197.86
4998,4998,4998,2,31-10-2025,Cancelled,1025.99
4999,4999,4999,4,28-05-2024,Completed,9132.71
5000,5000,5000,5,05-02-2026,NA,4458.08
5001,5001,5001,6,25-12-2024,Pending,6283.91
5002,5002,5002,-2,19-01-2024,Completed,3396.83
5003,5003,5003,5,11-04-2025,Cancelled,6365.11
5004,5004,5004,1,05-12-2024,NA,3480.93
5005,5005,5005,3,14-03-2025,Completed,2964.53
5006,5006,5006,8,06-05-2024,Completed,9231.89
5007,5007,5007,-2,07-07-2023,Completed,14730.59
5008,5008,5008,8,05-08-2023,NA,6026.82
5009,5009,5009,3,08-05-2023,Completed,14777.53
5010,5010,5010,6,16-04-2024,Pending,6317.44
5011,5011,5011,0,30-05-2023,Completed,7081.92
5012,5012,5012,0,26-11-2023,Completed,0
5013,5013,5013,4,24-05-2024,Pending,9904.64
5014,5014,5014,3,22-08-2025,Cancelled,12517.94
5015,5015,5015,2,17-09-2025,Completed,3814.24
5016,5016,5016,7,22-09-2025,Cancelled,3853.6
5017,5017,5017,-2,13-11-2023,Cancelled,8447.84
5018,5018,5018,0,16-12-2025,NA,8750.02
5019,5019,5019,8,29-02-2024,Cancelled,655.26
5020,5020,5020,3,27-05-2023,NA,1002.88
5021,5021,5021,3,22-08-2024,NA,11018.2
5022,5022,5022,-2,12-01-2024,Pending,11885.81
5023,5023,5023,-2,16-07-2024,Cancelled,2602.72
5024,5024,5024,9,03-12-2025,NA,3643.29
5025,5025,5025,4,26-10-2024,NA,10044.66
5026,5026,5026,3,01-04-2024,Completed,8101.35
5027,5027,5027,0,03-06-2024,Cancelled,7574.31
5028,5028,5028,2,01-10-2024,Cancelled,4943.74
5029,5029,5029,7,03-02-2024,Completed,12399.31
5030,5030,5030,3,02-04-2024,NA,3060.92
5031,5031,5031,4,26-02-2026,Cancelled,1843.16
5032,5032,5032,0,15-09-2025,Completed,4434.17
5033,5033,5033,3,25-10-2023,Completed,14068.16
5034,5034,5034,6,01-08-2025,Completed,11366.44
5035,5035,5035,1,03-12-2023,Completed,11432.38
5036,5036,5036,7,28-05-2024,Cancelled,3365.69
5037,5037,5037,5,28-05-2024,Completed,1072.68
5038,5038,5038,10,28-04-2025,Completed,13531.23
5039,5039,5039,7,15-04-2025,Completed,8964.19
5040,5040,5040,4,16-11-2024,Completed,13556.88
5041,5041,5041,2,09-08-2023,Completed,12570.11
5042,5042,5042,0,01-11-2025,Pending,1398.59
5043,5043,5043,5,05-10-2025,Cancelled,9477.19
5044,5044,5044,5,17-12-2025,Pending,13094.42
5045,5045,5045,6,10-09-2023,Completed,7989.71
5046,5046,5046,0,15-03-2025,NA,3158.84
5047,5047,5047,3,10-12-2024,Pending,14040.29
5048,5048,5048,5,07-04-2024,Cancelled,1484.22
5049,5049,5049,10,30-04-2026,NA,10322.99
5050,5050,5050,-2,26-04-2026,Pending,11022.36
5051,5051,5051,0,08-10-2024,Completed,12712.28
5052,5052,5052,2,18-04-2026,Completed,5552.23
5053,5053,5053,7,27-01-2026,Completed,1962.42
5054,5054,5054,4,12-02-2026,Pending,564.12
5055,5055,5055,10,26-11-2025,Pending,3852.24
5056,5056,5056,10,11-06-2023,NA,11301.85
5057,5057,5057,5,17-09-2025,Pending,11369.47
5058,5058,5058,10,04-03-2025,NA,10924.44
5059,5059,5059,4,22-08-2025,Completed,5935.65
5060,5060,5060,0,04-11-2024,Completed,0
5061,5061,5061,6,13-12-2023,Completed,14033.73
5062,5062,5062,10,25-10-2023,Completed,6394.5
5063,5063,5063,7,06-09-2025,Cancelled,4415.68
5064,5064,5064,4,18-09-2024,Pending,3331.39
5065,5065,5065,10,08-10-2024,NA,6851.01
5066,5066,5066,2,24-06-2024,Completed,5565.82
5067,5067,5067,10,22-11-2023,Cancelled,14525.53
5068,5068,5068,0,22-07-2024,Completed,13190.62
5069,5069,5069,8,26-09-2025,Completed,12023.05
5070,5070,5070,10,04-11-2024,Completed,89.69
5071,5071,5071,10,28-12-2025,Cancelled,8477.68
5072,5072,5072,6,07-01-2024,Completed,1323.74
5073,5073,5073,10,18-05-2023,Completed,14361.04
5074,5074,5074,8,11-02-2025,Completed,0
5075,5075,5075,-2,04-10-2024,Cancelled,6915.75
5076,5076,5076,3,12-10-2024,Completed,6139.54
5077,5077,5077,4,14-07-2023,NA,14506.92
5078,5078,5078,2,30-10-2025,Completed,11439.66
5079,5079,5079,6,12-03-2025,Completed,14623.28
5080,5080,5080,4,27-07-2023,Completed,9780.43
5081,5081,5081,7,22-10-2023,NA,6373.1
5082,5082,5082,-2,11-02-2024,NA,9820.77
5083,5083,5083,5,20-08-2023,Completed,7431.7
5084,5084,5084,-2,10-05-2024,Cancelled,13493.12
5085,5085,5085,2,05-10-2024,Pending,11530.68
5086,5086,5086,4,03-09-2025,Cancelled,8896.93
5087,5087,5087,1,08-12-2025,Cancelled,8094.97
5088,5088,5088,9,04-08-2023,Completed,8285.19
5089,5089,5089,0,26-12-2025,Cancelled,7444.32
5090,5090,5090,7,14-02-2024,Completed,8648.18
5091,5091,5091,4,13-06-2024,Pending,3545.7
5092,5092,5092,2,15-06-2023,Cancelled,8104.17
5093,5093,5093,3,30-11-2025,NA,14095
5094,5094,5094,5,11-04-2024,Completed,7700.53
5095,5095,5095,8,21-05-2023,NA,8615.77
5096,5096,5096,9,25-12-2024,Completed,10117.84
5097,5097,5097,4,18-04-2025,Completed,5708.71
5098,5098,5098,6,01-03-2026,Completed,2096.31
5099,5099,5099,3,21-02-2025,Completed,5535.3
5100,5100,5100,3,08-09-2025,NA,4924.61
5101,5101,5101,8,04-06-2025,Pending,1672.47
5102,5102,5102,9,16-01-2024,Cancelled,2963.12
5103,5103,5103,7,21-10-2023,Pending,5736.07
5104,5104,5104,2,08-10-2024,NA,0
5105,5105,5105,8,07-08-2025,Completed,9926.83
5106,5106,5106,4,03-10-2025,Cancelled,13379.42
5107,5107,5107,4,10-08-2024,Cancelled,6250.57
5108,5108,5108,6,11-01-2026,Pending,2764.82
5109,5109,5109,8,28-03-2024,NA,5086.59
5110,5110,5110,4,31-07-2023,Cancelled,5002.7
5111,5111,5111,7,18-12-2025,Cancelled,9202.7
5112,5112,5112,4,05-03-2024,Pending,10253.95
5113,5113,5113,6,22-08-2025,Completed,2863.55
5114,5114,5114,9,20-01-2024,Completed,3395.16
5115,5115,5115,1,28-04-2024,NA,5937.71
5116,5116,5116,1,03-10-2024,Completed,6453.26
5117,5117,5117,3,18-01-2026,NA,10337.8
5118,5118,5118,8,09-12-2023,Pending,6083.73
5119,5119,5119,4,10-07-2024,Pending,12251.03
5120,5120,5120,8,01-06-2024,Completed,1166.94
5121,5121,5121,3,04-01-2024,Completed,13727.9
5122,5122,5122,4,18-11-2024,Cancelled,6917.06
5123,5123,5123,9,17-02-2024,Pending,6695.53
5124,5124,5124,10,05-04-2025,Completed,6791.8
5125,5125,5125,2,17-04-2026,NA,584.9
5126,5126,5126,1,24-07-2024,Completed,14874.74
5127,5127,5127,9,08-08-2024,Completed,6956.43
5128,5128,5128,4,17-12-2023,Completed,12646.17
5129,5129,5129,10,16-08-2024,Completed,7522.77
5130,5130,5130,4,06-12-2023,Completed,13327.85
5131,5131,5131,9,21-06-2024,Completed,8602.1
5132,5132,5132,0,01-05-2025,Completed,5591.94
5133,5133,5133,2,07-10-2025,Pending,1704.05
5134,5134,5134,6,23-04-2024,Cancelled,12912.33
5135,5135,5135,8,12-02-2026,Cancelled,1355.44
5136,5136,5136,-2,11-03-2024,NA,4202.97
5137,5137,5137,4,23-04-2024,NA,11680.67
5138,5138,5138,6,01-07-2023,Completed,3448.69
5139,5139,5139,9,12-01-2025,Pending,961.88
5140,5140,5140,-2,18-09-2023,Completed,11055.87
5141,5141,5141,3,20-02-2025,NA,12095.19
5142,5142,5142,6,27-03-2026,NA,3454.51
5143,5143,5143,9,26-10-2025,Completed,11662.3
5144,5144,5144,3,06-02-2024,Completed,8744.28
5145,5145,5145,9,19-06-2024,Pending,0
5146,5146,5146,1,27-05-2025,Cancelled,7268.13
5147,5147,5147,9,03-02-2024,Pending,5942.79
5148,5148,5148,3,31-05-2023,Pending,0
5149,5149,5149,7,16-08-2024,Completed,657.79
5150,5150,5150,4,02-05-2024,Cancelled,13385.87
5151,5151,5151,7,14-04-2024,NA,2209.57
5152,5152,5152,10,04-08-2023,NA,3012.56
5153,5153,5153,4,11-08-2023,NA,5734.32
5154,5154,5154,2,04-02-2025,NA,13264.78
5155,5155,5155,6,05-10-2023,Completed,10399.51
5156,5156,5156,10,09-10-2024,Pending,11368.29
5157,5157,5157,7,30-08-2023,NA,9871.06
5158,5158,5158,9,04-04-2025,NA,1520.99
5159,5159,5159,10,10-05-2025,Pending,10201.46
5160,5160,5160,8,02-03-2026,Pending,6662.77
5161,5161,5161,6,27-11-2024,Completed,2495.56
5162,5162,5162,6,30-11-2025,NA,11618.3
5163,5163,5163,8,17-05-2024,Completed,8758.22
5164,5164,5164,10,21-04-2026,Cancelled,14645.87
5165,5165,5165,2,13-03-2025,Completed,10380.98
5166,5166,5166,0,07-05-2023,NA,7553.51
5167,5167,5167,10,17-02-2024,NA,14447.02
5168,5168,5168,9,27-08-2023,NA,1749.34
5169,5169,5169,8,03-07-2023,Cancelled,525.94
5170,5170,5170,10,01-01-2024,Completed,1562.17
5171,5171,5171,4,02-08-2024,Completed,13085.6
5172,5172,5172,9,30-04-2024,Pending,3662.5
5173,5173,5173,5,10-09-2023,Pending,5605.12
5174,5174,5174,-2,14-12-2024,NA,141.13
5175,5175,5175,6,25-05-2024,Completed,13714.52
5176,5176,5176,3,13-07-2024,Cancelled,1207.44
5177,5177,5177,3,02-06-2023,Pending,5781.86
5178,5178,5178,-2,09-01-2026,Pending,9407.44
5179,5179,5179,6,17-11-2025,Completed,8459.4
5180,5180,5180,10,19-04-2026,Completed,10129.17
5181,5181,5181,1,05-09-2025,Cancelled,9422.33
5182,5182,5182,4,15-12-2024,Completed,13097.62
5183,5183,5183,4,03-12-2024,Pending,9550.81
5184,5184,5184,7,29-05-2025,Completed,13250.12
5185,5185,5185,7,21-04-2025,Completed,9604.45
5186,5186,5186,3,21-07-2025,Completed,5610.4
5187,5187,5187,3,15-12-2024,Pending,4250.09
5188,5188,5188,3,16-08-2024,Cancelled,7580.85
5189,5189,5189,10,21-08-2024,NA,1937.64
5190,5190,5190,8,29-12-2024,Pending,2691.77
5191,5191,5191,6,18-10-2025,Pending,10768.47
5192,5192,5192,1,28-09-2024,NA,376.54
5193,5193,5193,2,05-04-2025,Cancelled,12203.98
5194,5194,5194,5,17-11-2024,Pending,0
5195,5195,5195,0,20-02-2026,NA,11755.56
5196,5196,5196,2,12-05-2024,Pending,13989.99
5197,5197,5197,10,20-10-2023,Pending,7938.2
5198,5198,5198,9,12-06-2024,NA,1916.97
5199,5199,5199,5,24-07-2024,Completed,6086.11
5200,5200,5200,4,29-05-2023,Completed,1870.3
5201,5201,5201,10,13-05-2023,Cancelled,8091.28
5202,5202,5202,4,29-10-2025,Completed,14176.23
5203,5203,5203,1,25-02-2025,Completed,3327.41
5204,5204,5204,1,30-04-2026,Completed,10224.79
5205,5205,5205,4,02-10-2024,Pending,7545.82
5206,5206,5206,4,29-11-2025,Completed,578.47
5207,5207,5207,1,02-11-2025,Cancelled,4624.05
5208,5208,5208,4,13-03-2024,NA,5292.79
5209,5209,5209,5,30-09-2024,Cancelled,12712.48
5210,5210,5210,9,29-10-2025,Pending,7022.77
5211,5211,5211,0,11-01-2025,Cancelled,10897.01
5212,5212,5212,-2,26-07-2023,Pending,7627.79
5213,5213,5213,-2,14-02-2025,NA,731.14
5214,5214,5214,0,04-07-2024,Pending,13684.77
5215,5215,5215,8,20-01-2026,NA,218.7
5216,5216,5216,4,19-07-2025,NA,1307.31
5217,5217,5217,6,26-10-2025,Completed,4179.61
5218,5218,5218,6,05-03-2026,Completed,9197.64
5219,5219,5219,7,13-08-2025,Cancelled,308.51
5220,5220,5220,-2,03-04-2025,Cancelled,9680.52
5221,5221,5221,-2,14-07-2025,Completed,4961.91
5222,5222,5222,0,31-12-2024,Cancelled,0
5223,5223,5223,0,02-06-2023,Completed,1974.1
5224,5224,5224,-2,21-08-2024,NA,13285.17
5225,5225,5225,0,13-03-2024,NA,7333.91
5226,5226,5226,9,01-08-2023,Completed,14139.06
5227,5227,5227,10,01-12-2025,Cancelled,14978.2
5228,5228,5228,6,15-11-2023,Completed,9462.08
5229,5229,5229,10,06-02-2025,Completed,5606.39
5230,5230,5230,3,03-02-2024,Completed,8578.83
5231,5231,5231,5,01-09-2024,Cancelled,9519.66
5232,5232,5232,0,28-03-2026,Cancelled,11170.67
5233,5233,5233,4,01-01-2024,Pending,5173.29
5234,5234,5234,0,23-03-2024,Cancelled,6862.68
5235,5235,5235,4,30-03-2025,Completed,10259.65
5236,5236,5236,-2,06-09-2023,Completed,13188.37
5237,5237,5237,4,29-06-2024,NA,3859.99
5238,5238,5238,8,26-03-2024,Completed,3877.43
5239,5239,5239,6,17-10-2023,Pending,14746.25
5240,5240,5240,9,26-12-2023,Completed,8186.63
5241,5241,5241,6,15-03-2026,Pending,12158.37
5242,5242,5242,8,25-06-2025,Cancelled,7028.81
5243,5243,5243,4,03-03-2024,Cancelled,11362.8
5244,5244,5244,4,26-10-2025,Completed,9549.65
5245,5245,5245,-2,25-06-2025,NA,12598.1
5246,5246,5246,9,23-06-2025,Pending,0
5247,5247,5247,7,24-06-2025,Completed,0
5248,5248,5248,3,05-05-2024,Completed,12409.63
5249,5249,5249,10,17-02-2026,NA,2335.2
5250,5250,5250,7,28-02-2026,Completed,9031.38
5251,5251,5251,4,28-09-2024,Pending,13895.24
5252,5252,5252,5,07-03-2024,Completed,9855.96
5253,5253,5253,4,12-09-2023,Completed,9437.73
5254,5254,5254,9,18-10-2025,Completed,14962.36
5255,5255,5255,5,19-11-2024,NA,12742.93
5256,5256,5256,7,05-09-2024,Completed,11048.4
5257,5257,5257,10,08-09-2025,Cancelled,9952.81
5258,5258,5258,6,05-09-2025,Cancelled,14761.39
5259,5259,5259,2,03-01-2026,Cancelled,7372.2
5260,5260,5260,8,02-06-2025,NA,4161.58
5261,5261,5261,-2,01-04-2025,Cancelled,0
5262,5262,5262,10,24-05-2023,Cancelled,0
5263,5263,5263,2,19-11-2023,NA,5360.07
5264,5264,5264,7,21-08-2025,NA,8346.6
5265,5265,5265,3,14-04-2024,Completed,10205.54
5266,5266,5266,2,30-12-2025,NA,11429.76
5267,5267,5267,6,04-05-2026,Cancelled,10897.71
5268,5268,5268,4,26-07-2025,Completed,5322.78
5269,5269,5269,6,18-03-2024,Completed,6303.03
5270,5270,5270,10,24-10-2025,Completed,14197.04
5271,5271,5271,6,23-12-2025,Cancelled,9868.01
5272,5272,5272,6,21-12-2025,Completed,6384.42
5273,5273,5273,6,21-02-2025,Completed,1027.71
5274,5274,5274,4,18-09-2023,NA,6950.66
5275,5275,5275,6,16-10-2023,NA,6834.02
5276,5276,5276,1,30-01-2026,Cancelled,0
5277,5277,5277,0,25-09-2023,Completed,14045.14
5278,5278,5278,2,16-02-2025,Completed,12577.65
5279,5279,5279,2,07-02-2026,Cancelled,7728.41
5280,5280,5280,1,14-09-2023,Completed,4452.74
5281,5281,5281,1,13-04-2026,NA,2052.61
5282,5282,5282,4,15-12-2025,Cancelled,487.11
5283,5283,5283,2,27-08-2023,Pending,14139.72
5284,5284,5284,6,11-12-2025,NA,4427.66
5285,5285,5285,4,23-07-2025,Cancelled,3220.92
5286,5286,5286,1,21-07-2025,Pending,3750.85
5287,5287,5287,-2,05-09-2023,Pending,11957.51
5288,5288,5288,0,27-09-2025,Pending,1671.59
5289,5289,5289,9,13-05-2024,Pending,9667.75
5290,5290,5290,8,29-03-2024,NA,4016.6
5291,5291,5291,8,27-07-2025,NA,4961.68
5292,5292,5292,10,10-07-2024,Completed,4427.78
5293,5293,5293,5,21-01-2024,Completed,692.07
5294,5294,5294,2,28-06-2024,Pending,85.78
5295,5295,5295,4,22-07-2024,Pending,12622.62
5296,5296,5296,-2,08-10-2025,Pending,11182.47
5297,5297,5297,9,06-04-2026,Completed,8883.22
5298,5298,5298,0,31-03-2026,Pending,7511.22
5299,5299,5299,6,24-12-2025,Cancelled,10614.87
5300,5300,5300,4,13-10-2023,Completed,14918.67
5301,5301,5301,0,03-09-2023,Completed,0
5302,5302,5302,8,27-09-2024,NA,3578.9
5303,5303,5303,4,07-04-2025,Completed,9320.85
5304,5304,5304,0,15-06-2024,Completed,8501.71
5305,5305,5305,4,20-12-2023,NA,12607.41
5306,5306,5306,3,17-01-2026,Completed,5889.45
5307,5307,5307,6,15-04-2024,Cancelled,10978.94
5308,5308,5308,10,13-02-2024,Completed,5002.58
5309,5309,5309,10,09-10-2025,Completed,9228.11
5310,5310,5310,5,03-10-2024,Cancelled,8027.89
5311,5311,5311,5,09-01-2025,Cancelled,3255.4
5312,5312,5312,3,08-01-2026,NA,2319.24
5313,5313,5313,3,18-04-2024,Pending,3878.07
5314,5314,5314,4,06-10-2023,NA,2975.37
5315,5315,5315,6,26-12-2023,Completed,5301.57
5316,5316,5316,9,24-06-2023,Cancelled,9988.14
5317,5317,5317,4,29-09-2025,Completed,962.92
5318,5318,5318,8,22-08-2024,Completed,7667.73
5319,5319,5319,10,09-09-2025,Pending,11534.71
5320,5320,5320,4,09-09-2023,Pending,2015.51
5321,5321,5321,9,11-12-2025,NA,11673.13
5322,5322,5322,0,01-11-2024,Completed,12719.02
5323,5323,5323,3,14-02-2026,Pending,10971.12
5324,5324,5324,2,23-10-2024,Completed,14582.56
5325,5325,5325,4,20-01-2024,Pending,13764.07
5326,5326,5326,3,08-02-2026,Pending,12673.81
5327,5327,5327,6,17-04-2025,Completed,13179.38
5328,5328,5328,6,01-05-2026,Cancelled,11399.75
5329,5329,5329,6,20-12-2024,Cancelled,6700.76
5330,5330,5330,1,11-04-2026,Pending,12883.34
5331,5331,5331,6,25-07-2024,NA,1367.78
5332,5332,5332,8,07-04-2024,Cancelled,10674.72
5333,5333,5333,7,19-02-2024,Cancelled,12524.18
5334,5334,5334,6,23-10-2023,NA,14413.39
5335,5335,5335,10,27-02-2026,NA,11754.21
5336,5336,5336,2,27-11-2025,Completed,11667.07
5337,5337,5337,4,13-03-2026,Completed,7564.65
5338,5338,5338,4,24-04-2025,NA,8119.47
5339,5339,5339,10,12-10-2023,Cancelled,3650
5340,5340,5340,10,25-06-2025,Completed,14492.01
5341,5341,5341,2,22-04-2024,NA,5865.31
5342,5342,5342,5,28-07-2023,Pending,10315.22
5343,5343,5343,6,20-02-2024,NA,4237.46
5344,5344,5344,5,16-06-2024,Completed,2099.8
5345,5345,5345,4,07-12-2025,Cancelled,14318.1
5346,5346,5346,6,24-02-2025,Completed,6941.97
5347,5347,5347,4,14-10-2025,Completed,9372.47
5348,5348,5348,10,08-07-2023,Completed,7032.7
5349,5349,5349,2,31-01-2026,NA,11126.65
5350,5350,5350,10,14-06-2023,Pending,6494.3
5351,5351,5351,2,11-03-2024,Completed,14281.08
5352,5352,5352,9,05-02-2026,Completed,6609.68
5353,5353,5353,0,17-11-2023,Completed,8898.29
5354,5354,5354,7,28-05-2025,Cancelled,135.36
5355,5355,5355,4,28-06-2025,Completed,471.84
5356,5356,5356,-2,25-03-2025,Completed,9902.47
5357,5357,5357,9,28-03-2026,Cancelled,2493.63
5358,5358,5358,5,28-11-2023,Pending,1806.43
5359,5359,5359,10,30-11-2025,Completed,6964.11
5360,5360,5360,2,11-07-2023,Completed,14033.32
5361,5361,5361,4,11-04-2026,Completed,3675.43
5362,5362,5362,-2,17-08-2023,Completed,14085.26
5363,5363,5363,9,17-02-2025,NA,11535.4
5364,5364,5364,8,29-11-2025,Cancelled,9876.84
5365,5365,5365,7,02-12-2025,Completed,14720.3
5366,5366,5366,6,14-11-2025,Completed,10883.67
5367,5367,5367,4,21-02-2024,Cancelled,5456.74
5368,5368,5368,6,20-10-2024,Cancelled,10047.44
5369,5369,5369,0,23-07-2024,Completed,14873.71
5370,5370,5370,1,08-06-2023,Cancelled,8360.16
5371,5371,5371,9,25-09-2024,Completed,10468.99
5372,5372,5372,7,02-05-2026,NA,14238.41
5373,5373,5373,1,07-07-2025,Cancelled,3258.02
5374,5374,5374,5,23-08-2024,Cancelled,1071.03
5375,5375,5375,1,26-09-2024,Pending,231.98
5376,5376,5376,5,08-11-2023,Cancelled,12970.62
5377,5377,5377,4,23-12-2025,Completed,8333.72
5378,5378,5378,1,09-06-2025,Cancelled,2716.68
5379,5379,5379,2,22-12-2025,Pending,8446.85
5380,5380,5380,6,08-02-2025,Completed,12599.16
5381,5381,5381,3,18-01-2026,Completed,11503.6
5382,5382,5382,8,24-01-2026,Pending,9690.86
5383,5383,5383,2,16-10-2023,Pending,7271.11
5384,5384,5384,-2,01-01-2024,Completed,4434.16
5385,5385,5385,4,28-10-2025,Cancelled,10835.39
5386,5386,5386,9,14-04-2024,NA,9538.37
5387,5387,5387,2,02-07-2023,Cancelled,14829.48
5388,5388,5388,8,18-02-2025,Completed,3407.95
5389,5389,5389,4,04-12-2023,Completed,8692.59
5390,5390,5390,10,08-10-2023,Cancelled,13984.31
5391,5391,5391,0,18-03-2025,Completed,433.9
5392,5392,5392,9,04-03-2024,NA,12611.43
5393,5393,5393,7,06-07-2025,Cancelled,9370.07
5394,5394,5394,7,25-04-2026,Cancelled,4341.95
5395,5395,5395,6,03-08-2025,Completed,3341.29
5396,5396,5396,3,15-06-2025,Completed,10966.53
5397,5397,5397,10,05-08-2025,Completed,2576.03
5398,5398,5398,3,23-09-2024,NA,9248.24
5399,5399,5399,0,05-01-2024,Cancelled,6872.4
5400,5400,5400,8,17-05-2025,NA,3167.65
5401,5401,5401,10,17-08-2024,Pending,9812.18
5402,5402,5402,4,15-07-2025,Pending,13591.22
5403,5403,5403,3,09-03-2026,Completed,9808.78
5404,5404,5404,9,22-06-2023,NA,2902.96
5405,5405,5405,-2,09-04-2024,Pending,11910.01
5406,5406,5406,4,20-08-2024,Completed,13761.87
5407,5407,5407,5,12-06-2025,NA,4317.84
5408,5408,5408,9,28-12-2023,Cancelled,5956.81
5409,5409,5409,4,08-10-2025,Pending,1507.75
5410,5410,5410,9,15-08-2024,NA,3433.55
5411,5411,5411,4,22-05-2024,Completed,7449.91
5412,5412,5412,10,09-03-2024,Cancelled,13783.36
5413,5413,5413,8,31-03-2026,Completed,3304.2
5414,5414,5414,8,23-07-2023,Cancelled,3316.52
5415,5415,5415,4,03-02-2025,Completed,4511.29
5416,5416,5416,5,27-07-2025,NA,10933.95
5417,5417,5417,8,09-01-2026,Pending,2453.13
5418,5418,5418,2,20-09-2025,Completed,7036.91
5419,5419,5419,3,18-06-2025,Pending,1434.92
5420,5420,5420,3,01-07-2025,Pending,1969.21
5421,5421,5421,4,05-07-2023,Completed,5434.06
5422,5422,5422,4,03-04-2024,NA,2253.54
5423,5423,5423,5,08-04-2025,Completed,9249.67
5424,5424,5424,4,02-09-2023,Pending,14469.79
5425,5425,5425,4,12-11-2023,Pending,13335.6
5426,5426,5426,6,28-02-2026,Completed,5151.69
5427,5427,5427,9,09-05-2023,Cancelled,6786.36
5428,5428,5428,1,03-03-2025,NA,850.47
5429,5429,5429,6,08-08-2023,NA,3758.79
5430,5430,5430,4,04-10-2023,NA,5525.42
5431,5431,5431,7,09-11-2025,Pending,7632.18
5432,5432,5432,3,25-01-2025,Pending,2828.87
5433,5433,5433,4,08-11-2023,Completed,13293.31
5434,5434,5434,10,27-05-2025,Completed,4460.39
5435,5435,5435,3,12-06-2025,Completed,13402.93
5436,5436,5436,8,05-04-2024,Pending,2945.14
5437,5437,5437,-2,09-06-2023,Cancelled,12307.62
5438,5438,5438,2,14-08-2023,NA,12620.58
5439,5439,5439,4,29-04-2024,Cancelled,6544.41
5440,5440,5440,10,23-11-2023,Completed,7072.39
5441,5441,5441,0,21-08-2023,Pending,11770.99
5442,5442,5442,8,29-06-2023,Completed,9807.6
5443,5443,5443,4,12-11-2023,Completed,7048.87
5444,5444,5444,3,05-11-2024,Pending,14900.96
5445,5445,5445,4,18-07-2023,Pending,2065.82
5446,5446,5446,10,15-03-2024,Pending,13181.29
5447,5447,5447,3,28-09-2024,Completed,9066.9
5448,5448,5448,-2,05-11-2024,Pending,1744.84
5449,5449,5449,-2,09-09-2023,Pending,6637.41
5450,5450,5450,8,11-08-2023,Completed,1765.4
5451,5451,5451,7,10-10-2023,Completed,776.3
5452,5452,5452,10,14-08-2025,Completed,10849.57
5453,5453,5453,4,22-01-2025,Completed,10482.11
5454,5454,5454,-2,23-05-2023,Completed,6144.06
5455,5455,5455,5,21-08-2025,Cancelled,6962.64
5456,5456,5456,2,04-06-2023,Cancelled,0
5457,5457,5457,8,06-04-2025,Completed,10935.93
5458,5458,5458,4,17-08-2023,Pending,6808.7
5459,5459,5459,6,25-02-2026,Completed,14614.54
5460,5460,5460,-2,15-01-2025,Pending,4348.58
5461,5461,5461,4,01-10-2025,NA,4365.41
5462,5462,5462,1,17-01-2025,Completed,7829.89
5463,5463,5463,2,04-06-2025,Pending,11742.44
5464,5464,5464,0,02-08-2023,Pending,9797.46
5465,5465,5465,-2,30-09-2024,Completed,4823.34
5466,5466,5466,4,24-05-2025,Completed,4602.99
5467,5467,5467,8,21-04-2024,Completed,7412.91
5468,5468,5468,9,20-08-2023,Pending,8508.96
5469,5469,5469,1,04-06-2025,Completed,9291.43
5470,5470,5470,2,26-05-2023,Completed,11240.23
5471,5471,5471,0,22-03-2024,NA,0
5472,5472,5472,10,07-07-2025,Cancelled,991.24
5473,5473,5473,2,18-08-2024,Completed,5681.71
5474,5474,5474,0,29-06-2024,Pending,3434.58
5475,5475,5475,-2,15-03-2026,Pending,6740.49
5476,5476,5476,-2,04-02-2025,Completed,7434
5477,5477,5477,4,15-10-2023,Pending,6543.98
5478,5478,5478,4,15-12-2024,Completed,660.58
5479,5479,5479,4,11-08-2023,Completed,0
5480,5480,5480,4,23-09-2023,Cancelled,3385.12
5481,5481,5481,5,28-12-2024,Pending,3980.9
5482,5482,5482,7,01-10-2024,Completed,210.94
5483,5483,5483,0,11-05-2024,NA,14494.85
5484,5484,5484,3,12-09-2025,Cancelled,6674.99
5485,5485,5485,8,10-02-2024,Cancelled,11382.5
5486,5486,5486,9,12-08-2025,Pending,8932.2
5487,5487,5487,2,29-07-2023,Pending,4261.95
5488,5488,5488,3,13-12-2023,NA,10051.29
5489,5489,5489,1,02-02-2024,Pending,4590.39
5490,5490,5490,10,02-11-2023,Completed,14049.17
5491,5491,5491,3,03-09-2023,Completed,521.67
5492,5492,5492,7,26-11-2023,NA,1686.6
5493,5493,5493,5,29-09-2023,Pending,10890.88
5494,5494,5494,4,25-01-2024,NA,6088.14
5495,5495,5495,5,18-06-2025,Completed,1352.48
5496,5496,5496,-2,07-08-2025,Completed,1116.94
5497,5497,5497,8,22-11-2024,Pending,388.95
5498,5498,5498,10,03-09-2023,Pending,13650.93
5499,5499,5499,1,03-01-2026,Completed,0
5500,5500,5500,-2,17-04-2024,Cancelled,0
5501,5501,5501,10,03-08-2025,Cancelled,821.69
5502,5502,5502,10,05-12-2023,Cancelled,10279.8
5503,5503,5503,6,04-08-2023,Cancelled,12032.57
5504,5504,5504,10,01-08-2025,Cancelled,580.99
5505,5505,5505,3,01-02-2026,Cancelled,4.39
5506,5506,5506,5,28-04-2024,Completed,14687.91
5507,5507,5507,8,16-06-2024,Cancelled,12704.54
5508,5508,5508,4,30-09-2025,Cancelled,2069.81
5509,5509,5509,5,01-09-2023,Completed,4469.05
5510,5510,5510,4,30-07-2025,Pending,4345.04
5511,5511,5511,5,25-03-2025,Cancelled,1738.87
5512,5512,5512,5,03-10-2023,Cancelled,13002.68
5513,5513,5513,0,05-02-2024,Cancelled,8269.56
5514,5514,5514,4,12-02-2026,NA,6818.53
5515,5515,5515,3,07-06-2024,NA,466.28
5516,5516,5516,0,01-02-2024,Completed,14821.12
5517,5517,5517,5,15-04-2026,Completed,0
5518,5518,5518,5,07-06-2025,Cancelled,684.01
5519,5519,5519,1,06-09-2025,Completed,12859.72
5520,5520,5520,5,26-10-2023,Cancelled,732.83
5521,5521,5521,9,02-11-2023,Cancelled,1990.89
5522,5522,5522,9,30-12-2025,Cancelled,607.24
5523,5523,5523,-2,25-07-2025,Completed,0
5524,5524,5524,7,31-07-2025,Cancelled,6242.67
5525,5525,5525,2,28-03-2025,Cancelled,14737.29
5526,5526,5526,2,28-06-2023,Cancelled,14503.51
5527,5527,5527,10,20-04-2024,Completed,7491.54
5528,5528,5528,2,29-09-2024,Completed,10059.53
5529,5529,5529,1,04-12-2023,Completed,0
5530,5530,5530,10,18-09-2025,NA,5271.34
5531,5531,5531,2,22-06-2023,Cancelled,11334.53
5532,5532,5532,10,16-12-2025,Completed,6189.52
5533,5533,5533,4,08-06-2023,Completed,13512.47
5534,5534,5534,9,25-10-2024,Pending,9600.07
5535,5535,5535,9,28-04-2024,Pending,5913.11
5536,5536,5536,1,07-10-2023,Completed,14062.81
5537,5537,5537,-2,11-01-2024,Completed,13923.28
5538,5538,5538,1,14-01-2024,Completed,2967.47
5539,5539,5539,5,28-05-2023,Completed,9640.15
5540,5540,5540,-2,16-08-2025,Pending,8410.1
5541,5541,5541,10,21-01-2025,Completed,13392.85
5542,5542,5542,-2,01-12-2024,NA,10134.16
5543,5543,5543,5,01-04-2025,Cancelled,10071.01
5544,5544,5544,4,30-10-2023,Completed,3412.95
5545,5545,5545,6,07-04-2025,Pending,1159.96
5546,5546,5546,4,10-09-2023,Cancelled,0
5547,5547,5547,10,15-02-2026,Completed,9846.54
5548,5548,5548,6,14-02-2025,Completed,6483.11
5549,5549,5549,10,12-09-2023,Cancelled,10388.27
5550,5550,5550,8,12-02-2026,NA,12786.86
5551,5551,5551,3,01-08-2023,Pending,3771.63
5552,5552,5552,1,24-10-2025,Completed,10190.7
5553,5553,5553,8,01-11-2024,Cancelled,9228.35
5554,5554,5554,5,06-05-2025,Completed,2925.97
5555,5555,5555,4,27-09-2025,NA,3216.22
5556,5556,5556,8,02-07-2024,Completed,7867.4
5557,5557,5557,7,01-04-2025,Pending,5657.64
5558,5558,5558,8,01-06-2025,Pending,14454.16
5559,5559,5559,10,15-08-2025,Cancelled,6441.09
5560,5560,5560,10,23-06-2023,Pending,3836.35
5561,5561,5561,7,05-11-2025,Completed,0
5562,5562,5562,8,26-11-2024,NA,3288.55
5563,5563,5563,4,20-02-2024,NA,3410.24
5564,5564,5564,4,12-02-2026,Completed,1308.15
5565,5565,5565,0,16-10-2024,Cancelled,1610.35
5566,5566,5566,9,18-08-2025,NA,12567.11
5567,5567,5567,9,13-08-2024,NA,0
5568,5568,5568,4,26-12-2025,NA,3792.93
5569,5569,5569,9,16-06-2025,Completed,754.57
5570,5570,5570,2,29-12-2024,Completed,8603.18
5571,5571,5571,4,05-04-2026,Completed,13953.47
5572,5572,5572,1,27-06-2023,Cancelled,5416.73
5573,5573,5573,4,03-09-2024,Completed,1750.52
5574,5574,5574,4,10-06-2023,Pending,13871.48
5575,5575,5575,9,28-09-2025,NA,13805.9
5576,5576,5576,7,04-03-2024,Pending,9221.06
5577,5577,5577,3,10-11-2023,Pending,7726.33
5578,5578,5578,10,17-05-2023,Completed,13439.94
5579,5579,5579,4,22-12-2023,Completed,10980.58
5580,5580,5580,5,23-10-2023,Pending,7186.81
5581,5581,5581,4,12-06-2025,Completed,11419.57
5582,5582,5582,7,13-06-2025,NA,1688.17
5583,5583,5583,9,22-11-2024,Completed,2464.29
5584,5584,5584,0,15-01-2026,Cancelled,10524.82
5585,5585,5585,10,29-07-2023,NA,13353.81
5586,5586,5586,4,21-01-2026,Pending,11122.18
5587,5587,5587,4,29-06-2024,Completed,2029.96
5588,5588,5588,7,03-01-2025,NA,13570.55
5589,5589,5589,-2,07-12-2023,Completed,11657.93
5590,5590,5590,10,20-08-2024,Completed,2526.33
5591,5591,5591,2,29-04-2026,NA,3518.81
5592,5592,5592,8,27-12-2023,Completed,7782.83
5593,5593,5593,7,19-04-2025,Pending,0
5594,5594,5594,-2,31-08-2023,Cancelled,13110.68
5595,5595,5595,10,24-07-2023,NA,13530.47
5596,5596,5596,-2,23-06-2025,Pending,7967.8
5597,5597,5597,1,11-10-2023,Completed,1265.08
5598,5598,5598,10,14-02-2026,Cancelled,14548.22
5599,5599,5599,4,31-03-2024,Cancelled,13679.78
5600,5600,5600,7,20-11-2023,Cancelled,14550.01
5601,5601,5601,4,05-04-2024,Cancelled,4458.67
5602,5602,5602,5,22-11-2024,Pending,8598.65
5603,5603,5603,4,27-06-2025,Completed,8661.41
5604,5604,5604,4,15-11-2025,Completed,9605.85
5605,5605,5605,2,25-10-2025,Cancelled,1924.4
5606,5606,5606,4,24-08-2025,NA,8179.87
5607,5607,5607,10,30-04-2026,Pending,8040.22
5608,5608,5608,-2,21-04-2024,Pending,10956.11
5609,5609,5609,9,20-03-2025,Completed,14595.25
5610,5610,5610,10,07-07-2025,Completed,5704.18
5611,5611,5611,3,21-12-2024,Pending,11033.5
5612,5612,5612,-2,09-05-2023,Completed,5409.45
5613,5613,5613,7,11-02-2026,Cancelled,10603.92
5614,5614,5614,2,16-01-2024,Completed,5629.11
5615,5615,5615,3,24-09-2025,Completed,3107.49
5616,5616,5616,4,15-04-2024,Cancelled,9870.33
5617,5617,5617,8,07-06-2023,Completed,12958.44
5618,5618,5618,8,24-03-2024,Completed,9534.05
5619,5619,5619,6,07-09-2024,Cancelled,3268.81
5620,5620,5620,6,22-05-2023,Pending,9426.56
5621,5621,5621,4,25-10-2024,Cancelled,8647.57
5622,5622,5622,3,13-01-2024,Cancelled,0
5623,5623,5623,7,04-03-2025,NA,5442.56
5624,5624,5624,1,16-01-2026,NA,1443.32
5625,5625,5625,10,30-07-2025,Completed,14267.61
5626,5626,5626,3,26-06-2023,Pending,1488.07
5627,5627,5627,4,08-06-2025,NA,330.01
5628,5628,5628,4,05-04-2024,Completed,3162.61
5629,5629,5629,0,18-04-2025,Completed,13984.98
5630,5630,5630,1,05-06-2024,Completed,183.18
5631,5631,5631,7,13-10-2024,Completed,9531.86
5632,5632,5632,1,29-04-2025,Completed,6257.8
5633,5633,5633,-2,18-08-2024,Cancelled,2978.43
5634,5634,5634,4,22-03-2026,Completed,9012.34
5635,5635,5635,1,09-07-2023,Cancelled,1005.22
5636,5636,5636,0,29-08-2025,Completed,13995.44
5637,5637,5637,9,15-07-2024,Completed,9882.18
5638,5638,5638,4,22-06-2024,Cancelled,8061.05
5639,5639,5639,9,16-09-2025,NA,9713.78
5640,5640,5640,9,08-05-2024,Cancelled,13420.82
5641,5641,5641,9,20-09-2025,Pending,13708.97
5642,5642,5642,-2,07-04-2024,NA,1495.17
5643,5643,5643,6,15-07-2025,Completed,2136.15
5644,5644,5644,4,09-07-2023,Pending,0
5645,5645,5645,4,14-04-2024,Completed,12610.52
5646,5646,5646,8,09-03-2025,Completed,10392.26
5647,5647,5647,8,15-11-2025,Completed,1545.23
5648,5648,5648,4,07-04-2026,NA,9279.38
5649,5649,5649,8,28-03-2024,Pending,1365.66
5650,5650,5650,9,30-04-2025,Pending,9282.53
5651,5651,5651,5,29-10-2024,Pending,11794.36
5652,5652,5652,2,09-03-2025,Completed,13137.03
5653,5653,5653,9,19-02-2026,NA,6088.85
5654,5654,5654,-2,02-06-2024,Completed,7861.67
5655,5655,5655,10,22-12-2023,Completed,879.57
5656,5656,5656,0,01-11-2024,Completed,13089.56
5657,5657,5657,7,28-05-2023,NA,8698.08
5658,5658,5658,3,06-06-2024,Cancelled,10514.02
5659,5659,5659,10,15-09-2024,Cancelled,0
5660,5660,5660,9,19-09-2025,Cancelled,0
5661,5661,5661,9,29-08-2025,Cancelled,3611.29
5662,5662,5662,8,06-03-2026,Pending,7892.71
5663,5663,5663,6,07-11-2023,NA,12548.62
5664,5664,5664,7,15-02-2024,Completed,6166.25
5665,5665,5665,5,03-01-2026,Cancelled,8364.03
5666,5666,5666,-2,29-09-2024,Completed,667.62
5667,5667,5667,-2,16-06-2023,NA,3703.75
5668,5668,5668,6,12-05-2024,Cancelled,10275.82
5669,5669,5669,1,12-05-2024,NA,13954.49
5670,5670,5670,2,14-05-2025,NA,7748.25
5671,5671,5671,7,09-04-2026,Completed,10393.49
5672,5672,5672,-2,17-04-2024,NA,7906.2
5673,5673,5673,1,16-11-2024,Pending,6994.77
5674,5674,5674,10,17-02-2026,Cancelled,14815.15
5675,5675,5675,10,28-03-2026,Pending,13878.54
5676,5676,5676,4,15-11-2024,Completed,997.04
5677,5677,5677,5,24-05-2025,Cancelled,6910.78
5678,5678,5678,7,20-03-2024,Pending,3508.04
5679,5679,5679,5,07-04-2025,Completed,13062.44
5680,5680,5680,5,24-03-2025,Pending,5797.25
5681,5681,5681,10,07-01-2026,Completed,8232.93
5682,5682,5682,3,17-09-2025,Cancelled,6554.15
5683,5683,5683,7,08-05-2024,Completed,13848.72
5684,5684,5684,-2,01-03-2026,Completed,3340.91
5685,5685,5685,0,28-09-2023,Completed,8162.38
5686,5686,5686,4,30-08-2023,Pending,9390.06
5687,5687,5687,10,23-02-2026,Completed,12099.81
5688,5688,5688,10,13-07-2025,Completed,11432.66
5689,5689,5689,8,05-02-2024,Cancelled,8198.39
5690,5690,5690,10,21-12-2023,Pending,14508.1
5691,5691,5691,6,05-08-2025,Pending,13240.84
5692,5692,5692,4,06-01-2026,Cancelled,2952.1
5693,5693,5693,0,27-07-2025,Pending,14188.28
5694,5694,5694,1,03-05-2024,Pending,14520.28
5695,5695,5695,9,06-11-2025,NA,10943.01
5696,5696,5696,-2,12-01-2024,Pending,0
5697,5697,5697,4,06-01-2025,Cancelled,4286.75
5698,5698,5698,0,18-11-2023,Cancelled,12505.02
5699,5699,5699,4,29-01-2024,Completed,23.27
5700,5700,5700,4,16-10-2024,Completed,13225.85
5701,5701,5701,4,24-02-2026,Completed,13740.02
5702,5702,5702,0,19-06-2025,Cancelled,10120.51
5703,5703,5703,4,06-10-2024,Pending,12395.44
5704,5704,5704,9,06-10-2024,Pending,179.49
5705,5705,5705,10,22-01-2024,Pending,4247.93
5706,5706,5706,3,07-04-2025,Completed,13092.97
5707,5707,5707,9,04-11-2024,Pending,12747.61
5708,5708,5708,9,23-04-2026,Pending,14360.02
5709,5709,5709,2,07-09-2025,Pending,9161.83
5710,5710,5710,7,25-01-2026,NA,8600.07
5711,5711,5711,1,02-03-2024,Completed,1796.81
5712,5712,5712,6,02-12-2024,Pending,12394.59
5713,5713,5713,4,24-10-2024,Completed,4035.33
5714,5714,5714,2,08-03-2025,Completed,2071.81
5715,5715,5715,1,04-12-2023,Pending,7596.19
5716,5716,5716,5,08-08-2023,Completed,10799.87
5717,5717,5717,9,08-01-2024,Completed,729.16
5718,5718,5718,0,13-03-2025,Completed,11455.01
5719,5719,5719,5,04-08-2025,Pending,3761.79
5720,5720,5720,7,08-02-2026,Completed,4787.62
5721,5721,5721,-2,31-01-2025,Pending,6344.19
5722,5722,5722,9,23-03-2026,Pending,11256.1
5723,5723,5723,1,03-04-2025,Completed,3999.87
5724,5724,5724,10,15-04-2024,Completed,3362.57
5725,5725,5725,8,21-07-2023,Cancelled,2317.08
5726,5726,5726,0,04-06-2025,Completed,716.6
5727,5727,5727,1,04-07-2025,Pending,8207.81
5728,5728,5728,-2,20-11-2024,Completed,13547.87
5729,5729,5729,7,20-05-2023,Pending,3014.21
5730,5730,5730,-2,24-12-2023,Completed,355.21
5731,5731,5731,4,27-06-2024,Completed,6029.16
5732,5732,5732,4,04-12-2025,Completed,9684.7
5733,5733,5733,8,09-10-2025,NA,255.57
5734,5734,5734,3,10-11-2025,Completed,2854.85
5735,5735,5735,7,20-09-2024,Completed,8658.79
5736,5736,5736,4,25-09-2025,NA,11801.82
5737,5737,5737,7,22-04-2025,Cancelled,13827.6
5738,5738,5738,10,31-01-2026,Completed,5505.3
5739,5739,5739,6,23-05-2024,Cancelled,1373.39
5740,5740,5740,0,17-02-2025,Cancelled,8451.82
5741,5741,5741,4,25-02-2026,Pending,8448.74
5742,5742,5742,7,02-10-2023,Cancelled,10154.64
5743,5743,5743,1,16-08-2024,NA,6894.9
5744,5744,5744,4,05-01-2024,Cancelled,5086.17
5745,5745,5745,8,16-09-2025,Pending,3934.85
5746,5746,5746,10,23-04-2024,Cancelled,1210.4
5747,5747,5747,6,26-09-2025,Cancelled,1668.24
5748,5748,5748,8,06-11-2025,Pending,987.29
5749,5749,5749,2,04-03-2026,Pending,10233.72
5750,5750,5750,0,26-05-2025,Cancelled,6186.81
5751,5751,5751,4,13-07-2025,Completed,6852.82
5752,5752,5752,7,31-03-2025,Completed,12119.27
5753,5753,5753,2,28-06-2024,Completed,13551.71
5754,5754,5754,1,17-01-2026,Cancelled,454.26
5755,5755,5755,4,10-07-2023,Completed,10968.53
5756,5756,5756,-2,30-10-2024,Completed,1570.36
5757,5757,5757,-2,21-06-2023,Cancelled,1092.55
5758,5758,5758,2,16-01-2025,Completed,13388.58
5759,5759,5759,8,08-04-2025,Pending,2819.17
5760,5760,5760,2,24-03-2025,Cancelled,10873
5761,5761,5761,3,16-07-2024,Completed,13191.43
5762,5762,5762,3,26-12-2024,NA,2190.91
5763,5763,5763,1,18-12-2023,Pending,7235.26
5764,5764,5764,3,25-06-2023,Cancelled,6228.32
5765,5765,5765,4,13-12-2024,NA,14674.01
5766,5766,5766,10,15-11-2024,Cancelled,1473.58
5767,5767,5767,8,29-10-2023,Completed,9386.88
5768,5768,5768,-2,03-12-2023,Cancelled,13089.27
5769,5769,5769,10,04-04-2024,Completed,1349.93
5770,5770,5770,0,05-11-2023,Pending,0
5771,5771,5771,9,04-03-2026,Completed,11710.32
5772,5772,5772,2,26-10-2024,Pending,6351.62
5773,5773,5773,4,31-12-2023,Pending,9971.1
5774,5774,5774,1,05-07-2024,Completed,7764.76
5775,5775,5775,1,19-09-2024,NA,2760.56
5776,5776,5776,9,06-12-2025,Pending,4404.34
5777,5777,5777,-2,28-05-2023,NA,4215.81
5778,5778,5778,5,05-05-2026,Completed,14467.46
5779,5779,5779,7,21-09-2023,Pending,10438.56
5780,5780,5780,8,12-10-2023,Completed,7057.66
5781,5781,5781,1,20-06-2025,Completed,6924.65
5782,5782,5782,8,02-10-2023,Cancelled,5133.9
5783,5783,5783,1,18-07-2025,Completed,8042
5784,5784,5784,-2,07-07-2024,Pending,13313.28
5785,5785,5785,5,20-12-2024,Pending,4287.54
5786,5786,5786,0,12-08-2025,NA,5493.53
5787,5787,5787,5,19-09-2023,Cancelled,793.89
5788,5788,5788,4,20-05-2024,Completed,13250.29
5789,5789,5789,7,14-11-2024,Completed,13649.96
5790,5790,5790,3,27-04-2024,Completed,9725.71
5791,5791,5791,7,08-12-2024,NA,11359.33
5792,5792,5792,3,09-07-2024,Completed,5900.34
5793,5793,5793,7,03-06-2024,NA,5905.14
5794,5794,5794,2,06-01-2025,Completed,11224.9
5795,5795,5795,6,28-04-2025,Cancelled,1194.69
5796,5796,5796,8,07-08-2024,Completed,4245.29
5797,5797,5797,5,16-02-2026,NA,5927.19
5798,5798,5798,0,06-07-2025,NA,4120.35
5799,5799,5799,2,27-08-2023,Completed,10286.69
5800,5800,5800,0,02-08-2024,Completed,14056.89
5801,5801,5801,-2,03-07-2024,Cancelled,10100.01
5802,5802,5802,5,17-12-2024,Completed,0
5803,5803,5803,6,24-03-2025,NA,8328.61
5804,5804,5804,-2,10-03-2025,Pending,14273.41
5805,5805,5805,6,18-03-2025,Pending,9126.67
5806,5806,5806,4,26-02-2025,Pending,10955.94
5807,5807,5807,9,07-09-2023,Completed,0
5808,5808,5808,0,28-03-2026,Pending,2942.75
5809,5809,5809,3,21-06-2024,Completed,3762.92
5810,5810,5810,4,14-02-2024,NA,8415.44
5811,5811,5811,6,08-04-2024,Completed,1046.23
5812,5812,5812,9,01-04-2024,Pending,7016.43
5813,5813,5813,6,20-07-2025,Completed,2635.68
5814,5814,5814,7,27-04-2025,Pending,7782.22
5815,5815,5815,10,25-12-2025,Completed,9931.08
5816,5816,5816,2,21-07-2023,Pending,12383.37
5817,5817,5817,1,29-05-2024,Cancelled,6108.35
5818,5818,5818,1,20-11-2023,Cancelled,13594.77
5819,5819,5819,7,13-11-2024,NA,4357.32
5820,5820,5820,4,26-08-2025,Completed,5093.36
5821,5821,5821,1,12-01-2025,Pending,12433.12
5822,5822,5822,8,16-05-2023,Pending,441.65
5823,5823,5823,9,24-07-2025,Cancelled,1863.02
5824,5824,5824,0,30-10-2025,Completed,9428.6
5825,5825,5825,4,05-02-2026,Completed,2774.49
5826,5826,5826,4,21-07-2023,NA,14277.69
5827,5827,5827,6,08-02-2024,Pending,13866.12
5828,5828,5828,0,03-06-2024,Completed,7495.68
5829,5829,5829,10,24-03-2024,NA,3744.37
5830,5830,5830,9,03-02-2026,Cancelled,6014.62
5831,5831,5831,3,28-05-2025,Completed,13210.73
5832,5832,5832,4,16-11-2024,Completed,6385.63
5833,5833,5833,5,07-01-2025,NA,5794.92
5834,5834,5834,5,18-12-2025,Completed,11218.93
5835,5835,5835,9,22-11-2025,NA,9814.43
5836,5836,5836,8,20-08-2023,Completed,5006.65
5837,5837,5837,3,03-01-2025,Pending,11365.68
5838,5838,5838,5,23-10-2024,Cancelled,14048.22
5839,5839,5839,3,20-04-2024,Cancelled,13961.95
5840,5840,5840,4,08-02-2026,Cancelled,13560.49
5841,5841,5841,8,23-01-2025,Pending,13138.94
5842,5842,5842,9,08-08-2024,Cancelled,5835.43
5843,5843,5843,4,20-03-2026,Cancelled,13691.75
5844,5844,5844,1,07-12-2024,Pending,8834.35
5845,5845,5845,-2,17-07-2024,Pending,10097.18
5846,5846,5846,8,07-01-2024,NA,7150.31
5847,5847,5847,8,21-01-2024,Completed,9766.15
5848,5848,5848,-2,01-05-2026,Pending,10987.29
5849,5849,5849,3,08-03-2024,Completed,2151.84
5850,5850,5850,8,16-09-2025,Pending,1907.35
5851,5851,5851,9,17-07-2023,Completed,10332.87
5852,5852,5852,2,04-12-2025,Completed,8092.74
5853,5853,5853,5,26-03-2026,Pending,0
5854,5854,5854,4,26-08-2024,Pending,2122.69
5855,5855,5855,5,11-01-2026,Pending,5414.07
5856,5856,5856,10,12-11-2024,NA,722
5857,5857,5857,5,16-07-2025,Cancelled,11252.65
5858,5858,5858,10,04-09-2023,Pending,7870.67
5859,5859,5859,5,31-03-2026,Completed,6199.77
5860,5860,5860,10,11-06-2023,Pending,718.35
5861,5861,5861,3,05-03-2024,Completed,4658.85
5862,5862,5862,7,20-06-2024,Pending,3165.36
5863,5863,5863,1,06-02-2026,Pending,12665.16
5864,5864,5864,-2,15-07-2025,Cancelled,5607.6
5865,5865,5865,10,03-11-2025,Completed,4192.55
5866,5866,5866,10,03-10-2024,Completed,4790.85
5867,5867,5867,7,03-12-2025,Cancelled,10319.7
5868,5868,5868,3,13-04-2024,Pending,4149.77
5869,5869,5869,6,08-10-2023,Completed,2851.11
5870,5870,5870,7,20-02-2026,Cancelled,9900.61
5871,5871,5871,-2,16-09-2023,Completed,6462.27
5872,5872,5872,9,14-02-2025,Pending,12845.04
5873,5873,5873,3,07-10-2023,Completed,2920
5874,5874,5874,0,24-02-2026,Cancelled,7138.95
5875,5875,5875,3,10-05-2025,NA,13791.95
5876,5876,5876,1,06-06-2023,Pending,11740.98
5877,5877,5877,4,03-03-2026,Cancelled,6689.94
5878,5878,5878,5,13-07-2023,Completed,1229.11
5879,5879,5879,9,19-12-2023,Completed,12192.4
5880,5880,5880,4,01-01-2024,Completed,1199.17
5881,5881,5881,7,05-09-2024,Cancelled,5459.18
5882,5882,5882,2,24-11-2023,Cancelled,7723.39
5883,5883,5883,4,01-06-2025,Completed,9524.3
5884,5884,5884,10,11-09-2024,Completed,1272.65
5885,5885,5885,-2,23-02-2026,Pending,12751.74
5886,5886,5886,2,14-02-2026,Completed,0
5887,5887,5887,7,23-02-2026,Pending,1613.09
5888,5888,5888,3,23-10-2023,Completed,9373.74
5889,5889,5889,3,08-12-2025,NA,9884.3
5890,5890,5890,6,11-11-2024,Pending,9192.8
5891,5891,5891,9,25-06-2024,Completed,14222.68
5892,5892,5892,-2,15-10-2023,Completed,7544.93
5893,5893,5893,7,07-08-2024,Completed,264.34
5894,5894,5894,7,03-02-2026,Completed,10778.07
5895,5895,5895,9,24-02-2025,Cancelled,6011.02
5896,5896,5896,2,13-04-2024,NA,7480.1
5897,5897,5897,-2,25-01-2025,Pending,3837.42
5898,5898,5898,6,15-10-2025,Completed,3104.34
5899,5899,5899,4,28-06-2023,Cancelled,8176.92
5900,5900,5900,3,28-09-2024,Completed,13800.81
5901,5901,5901,9,28-09-2024,Pending,3333.86
5902,5902,5902,10,24-11-2025,Pending,3288.35
5903,5903,5903,6,22-10-2025,NA,2407.68
5904,5904,5904,5,13-08-2023,Cancelled,6361.55
5905,5905,5905,-2,21-04-2025,Cancelled,7257.18
5906,5906,5906,5,05-02-2025,Pending,7155.41
5907,5907,5907,0,15-02-2024,Pending,2793.76
5908,5908,5908,10,24-02-2024,NA,6079.83
5909,5909,5909,9,06-03-2025,Cancelled,7709.28
5910,5910,5910,2,20-03-2026,Cancelled,835.73
5911,5911,5911,9,12-03-2025,NA,12806.78
5912,5912,5912,4,10-04-2024,Cancelled,2039.78
5913,5913,5913,7,01-03-2026,Cancelled,779.46
5914,5914,5914,8,02-12-2023,Pending,3934.6
5915,5915,5915,9,25-11-2023,Completed,6799.06
5916,5916,5916,2,25-11-2024,Cancelled,6994.51
5917,5917,5917,10,03-11-2023,Completed,2073.42
5918,5918,5918,0,22-06-2023,Completed,3567.34
5919,5919,5919,-2,09-07-2023,Completed,5691.03
5920,5920,5920,8,03-10-2025,Completed,7847.63
5921,5921,5921,-2,28-07-2023,NA,9282.55
5922,5922,5922,4,08-07-2023,NA,12045.52
5923,5923,5923,4,22-05-2023,Completed,14755.93
5924,5924,5924,8,09-07-2024,Pending,11050.41
5925,5925,5925,2,16-06-2024,Cancelled,6347.86
5926,5926,5926,8,30-09-2024,NA,4483.57
5927,5927,5927,7,11-04-2026,Cancelled,7902.58
5928,5928,5928,1,26-09-2025,NA,4403.55
5929,5929,5929,3,21-04-2025,Pending,4824.26
5930,5930,5930,0,08-07-2024,Pending,12977.38
5931,5931,5931,2,16-10-2023,Completed,13488.49
5932,5932,5932,1,26-09-2025,Completed,4164.65
5933,5933,5933,4,27-08-2023,Cancelled,14649.73
5934,5934,5934,7,15-05-2024,Pending,3858.36
5935,5935,5935,-2,16-01-2025,NA,1187.97
5936,5936,5936,4,12-07-2024,Completed,2000.25
5937,5937,5937,10,19-06-2024,Pending,12952.61
5938,5938,5938,4,23-09-2024,Cancelled,2568.6
5939,5939,5939,4,13-11-2023,NA,7431.96
5940,5940,5940,-2,15-09-2024,Completed,10509.99
5941,5941,5941,7,09-02-2024,NA,5521.87
5942,5942,5942,2,12-06-2024,Completed,6325.99
5943,5943,5943,6,25-03-2024,NA,1252.65
5944,5944,5944,8,21-04-2025,Pending,2082.32
5945,5945,5945,5,10-09-2024,NA,8057.82
5946,5946,5946,3,29-01-2026,Cancelled,9853.09
5947,5947,5947,6,26-04-2025,Completed,21.02
5948,5948,5948,10,13-10-2023,Pending,0
5949,5949,5949,-2,24-02-2026,Cancelled,4655.2
5950,5950,5950,1,15-09-2023,Pending,8319.93
5951,5951,5951,4,29-07-2025,NA,1692.26
5952,5952,5952,9,22-10-2024,Cancelled,14162.45
5953,5953,5953,-2,18-11-2023,Completed,11971.03
5954,5954,5954,1,21-08-2024,NA,11698.56
5955,5955,5955,4,02-12-2023,NA,5780.11
5956,5956,5956,2,14-01-2025,Pending,4302.71
5957,5957,5957,10,22-07-2025,Pending,3193.42
5958,5958,5958,2,21-08-2025,Completed,11722.21
5959,5959,5959,10,30-01-2024,Completed,10140.89
5960,5960,5960,2,28-12-2024,Completed,6577.29
5961,5961,5961,0,14-06-2025,Completed,5473.71
5962,5962,5962,0,01-07-2024,Cancelled,3341.69
5963,5963,5963,9,10-01-2025,Pending,12549.41
5964,5964,5964,10,10-09-2023,Pending,12755.48
5965,5965,5965,10,20-08-2025,Pending,1825.6
5966,5966,5966,-2,18-11-2025,Completed,12851.13
5967,5967,5967,8,08-11-2025,Completed,8295.84
5968,5968,5968,-2,13-06-2025,Cancelled,10063.94
5969,5969,5969,7,07-05-2025,NA,3962
5970,5970,5970,8,03-04-2026,Pending,9239.46
5971,5971,5971,4,18-12-2025,Completed,3326.02
5972,5972,5972,5,09-12-2024,NA,2923.41
5973,5973,5973,7,07-11-2024,NA,13458.54
5974,5974,5974,8,17-01-2024,NA,12585.18
5975,5975,5975,8,27-06-2023,Cancelled,409.61
5976,5976,5976,7,21-12-2025,Completed,2197.09
5977,5977,5977,6,29-11-2023,Completed,11401.98
5978,5978,5978,3,02-05-2025,Pending,1341.09
5979,5979,5979,9,18-07-2025,Cancelled,5366.09
5980,5980,5980,8,18-10-2025,Cancelled,1496.27
5981,5981,5981,4,28-06-2023,Cancelled,1961.72
5982,5982,5982,9,20-05-2023,NA,9688.6
5983,5983,5983,3,03-09-2023,Completed,965.43
5984,5984,5984,2,20-10-2023,NA,1217.77
5985,5985,5985,0,18-03-2024,Completed,1579.22
5986,5986,5986,8,11-03-2025,NA,9604.01
5987,5987,5987,3,04-12-2024,Completed,3360.09
5988,5988,5988,1,27-07-2023,NA,13628.94
5989,5989,5989,-2,29-07-2023,NA,2357.1
5990,5990,5990,4,06-02-2026,NA,14655.93
5991,5991,5991,-2,08-06-2024,Completed,6375.42
5992,5992,5992,7,20-08-2024,Completed,2411.3
5993,5993,5993,6,16-07-2024,Completed,11705.42
5994,5994,5994,8,26-03-2024,Cancelled,11548.41
5995,5995,5995,9,10-05-2025,NA,6250.4
5996,5996,5996,3,11-03-2024,Completed,2200.7
5997,5997,5997,5,17-03-2026,Completed,8811.42
5998,5998,5998,10,14-02-2026,NA,9959.79
5999,5999,5999,5,10-08-2023,Completed,14338.48
6000,6000,6000,0,06-10-2025,Pending,340.25
6001,6001,6001,7,26-01-2025,NA,4103.91
6002,6002,6002,8,12-03-2024,Completed,2914.6
6003,6003,6003,6,17-07-2023,Completed,12126.93
6004,6004,6004,4,15-06-2025,Pending,13286.11
6005,6005,6005,0,02-04-2024,Cancelled,14398.6
6006,6006,6006,0,09-07-2025,Completed,1203.71
6007,6007,6007,5,30-07-2023,Completed,3878.94
6008,6008,6008,3,21-10-2024,Cancelled,13081.88
6009,6009,6009,7,20-12-2025,Cancelled,3889.28
6010,6010,6010,8,21-07-2023,Completed,9754.51
6011,6011,6011,10,22-08-2024,NA,8135.17
6012,6012,6012,6,31-01-2025,Cancelled,7226.35
6013,6013,6013,-2,17-11-2025,NA,6347.63
6014,6014,6014,5,06-03-2024,Completed,11800.14
6015,6015,6015,2,10-06-2025,Completed,12688.13
6016,6016,6016,4,13-12-2025,NA,4656.34
6017,6017,6017,4,30-09-2023,Pending,2736.47
6018,6018,6018,8,30-08-2024,Completed,700.76
6019,6019,6019,5,13-09-2024,Completed,7955.81
6020,6020,6020,6,26-06-2024,Completed,11630.23
6021,6021,6021,9,15-12-2024,Cancelled,3814.05
6022,6022,6022,10,08-09-2025,Pending,1621.3
6023,6023,6023,-2,07-06-2024,Cancelled,13427.67
6024,6024,6024,10,05-12-2023,Completed,84.19
6025,6025,6025,10,24-10-2024,Completed,11070.16
6026,6026,6026,5,27-08-2025,Completed,3492.84
6027,6027,6027,1,01-12-2023,NA,11729.83
6028,6028,6028,0,03-06-2024,Completed,3840.88
6029,6029,6029,4,13-01-2025,Completed,9801.25
6030,6030,6030,9,08-10-2025,Completed,1659.8
6031,6031,6031,2,13-12-2025,Completed,74.35
6032,6032,6032,10,30-04-2026,Completed,1235.8
6033,6033,6033,8,13-02-2026,Cancelled,6548.07
6034,6034,6034,3,25-07-2023,NA,14672.28
6035,6035,6035,7,08-04-2024,Completed,9422.89
6036,6036,6036,1,29-01-2026,NA,14177.97
6037,6037,6037,9,25-11-2024,NA,14890.41
6038,6038,6038,10,06-12-2023,Completed,2313.7
6039,6039,6039,6,01-09-2025,Completed,12156.94
6040,6040,6040,1,17-02-2026,NA,607.8
6041,6041,6041,9,07-05-2025,Completed,13925.35
6042,6042,6042,4,22-03-2025,Pending,11999.98
6043,6043,6043,3,28-10-2025,NA,6807.21
6044,6044,6044,7,08-02-2025,Cancelled,2555.68
6045,6045,6045,4,12-07-2024,Completed,2781.24
6046,6046,6046,10,20-05-2025,NA,11372.31
6047,6047,6047,-2,15-09-2023,Pending,1085.6
6048,6048,6048,7,30-11-2025,Pending,11916.02
6049,6049,6049,3,19-02-2024,Completed,6543.54
6050,6050,6050,2,03-08-2024,Pending,6597.34
6051,6051,6051,4,07-03-2024,Cancelled,12005.32
6052,6052,6052,2,27-03-2025,NA,12408.83
6053,6053,6053,5,04-07-2023,NA,10422.67
6054,6054,6054,8,27-03-2026,Completed,7900.8
6055,6055,6055,6,16-07-2023,Cancelled,1632.96
6056,6056,6056,0,17-12-2023,Completed,6606.61
6057,6057,6057,4,29-06-2024,Cancelled,182.83
6058,6058,6058,5,24-01-2026,Completed,9979.77
6059,6059,6059,10,21-04-2026,Cancelled,2352.42
6060,6060,6060,8,04-12-2023,Cancelled,13065.64
6061,6061,6061,6,12-07-2025,Completed,14345.51
6062,6062,6062,6,26-01-2026,Completed,620.61
6063,6063,6063,9,24-01-2024,Completed,11171.08
6064,6064,6064,1,19-10-2023,Completed,14099.31
6065,6065,6065,2,30-12-2025,Cancelled,7643.64
6066,6066,6066,4,13-08-2024,Completed,3387.78
6067,6067,6067,10,08-05-2024,Completed,2636.41
6068,6068,6068,6,05-12-2023,Pending,9857.44
6069,6069,6069,8,22-08-2024,Cancelled,8253.19
6070,6070,6070,8,17-12-2023,Pending,2044.07
6071,6071,6071,6,21-06-2024,Completed,8389.06
6072,6072,6072,10,24-10-2024,Pending,7592.9
6073,6073,6073,1,22-03-2024,Completed,0
6074,6074,6074,6,26-03-2025,Completed,1619.13
6075,6075,6075,6,22-06-2025,Pending,921.23
6076,6076,6076,9,06-05-2024,NA,8575.03
6077,6077,6077,6,10-05-2024,NA,6163.39
6078,6078,6078,1,10-07-2024,Completed,1678.97
6079,6079,6079,2,04-11-2023,Completed,8740.91
6080,6080,6080,-2,04-12-2024,Completed,6851.65
6081,6081,6081,10,26-09-2025,Completed,11591.62
6082,6082,6082,5,08-02-2025,NA,5362.92
6083,6083,6083,1,12-11-2024,Completed,11297.74
6084,6084,6084,5,18-02-2024,Cancelled,9918.69
6085,6085,6085,5,08-01-2024,NA,8581.37
6086,6086,6086,-2,28-02-2025,Pending,6245.19
6087,6087,6087,9,20-02-2026,Cancelled,8472.47
6088,6088,6088,2,24-02-2024,Completed,1509.9
6089,6089,6089,3,05-11-2025,Completed,5179.03
6090,6090,6090,3,03-10-2023,Completed,4334.11
6091,6091,6091,2,02-02-2025,Completed,237.53
6092,6092,6092,10,14-02-2026,Pending,4691.3
6093,6093,6093,4,30-09-2024,Cancelled,14022.65
6094,6094,6094,9,16-10-2025,NA,13621.96
6095,6095,6095,0,22-08-2025,Completed,3492.16
6096,6096,6096,5,12-04-2025,Completed,11358.08
6097,6097,6097,3,28-04-2025,Completed,2529.1
6098,6098,6098,1,12-11-2024,NA,1401.14
6099,6099,6099,4,08-07-2023,Pending,4524.98
6100,6100,6100,0,01-07-2025,Completed,9175.33
6101,6101,6101,9,06-12-2024,NA,11546.81
6102,6102,6102,3,19-11-2024,Completed,7699.57
6103,6103,6103,4,18-06-2023,Completed,12471.53
6104,6104,6104,7,22-11-2024,Completed,10515.56
6105,6105,6105,7,10-12-2025,Pending,3572.98
6106,6106,6106,9,13-02-2024,NA,5678.49
6107,6107,6107,7,04-10-2023,Pending,5587.34
6108,6108,6108,3,10-05-2024,Completed,12526.07
6109,6109,6109,9,27-05-2023,Cancelled,2544.17
6110,6110,6110,3,19-07-2025,Completed,13072.04
6111,6111,6111,-2,31-08-2023,Completed,10137.51
6112,6112,6112,9,28-03-2026,Completed,10356.23
6113,6113,6113,1,31-12-2025,Completed,11066.1
6114,6114,6114,6,17-09-2023,Cancelled,555.1
6115,6115,6115,1,02-02-2024,Pending,14364
6116,6116,6116,9,19-01-2026,Pending,14446.63
6117,6117,6117,9,20-06-2023,NA,6073.02
6118,6118,6118,4,15-08-2025,Cancelled,7863.85
6119,6119,6119,6,07-12-2023,Completed,250.12
6120,6120,6120,-2,06-05-2025,Completed,12284.02
6121,6121,6121,7,30-07-2024,Cancelled,6717.49
6122,6122,6122,7,07-07-2025,Pending,10963.31
6123,6123,6123,4,05-10-2025,Completed,11975.04
6124,6124,6124,1,18-04-2026,NA,0
6125,6125,6125,4,23-11-2023,Cancelled,202.15
6126,6126,6126,8,09-05-2024,Pending,6855.19
6127,6127,6127,3,12-05-2023,Completed,13470.63
6128,6128,6128,9,07-10-2023,Pending,7999.65
6129,6129,6129,5,20-12-2023,NA,2956.44
6130,6130,6130,-2,09-03-2024,Cancelled,4937.75
6131,6131,6131,0,07-11-2023,Pending,4385.1
6132,6132,6132,2,08-01-2025,Completed,10685.83
6133,6133,6133,4,19-08-2025,NA,6461.71
6134,6134,6134,3,22-04-2025,Completed,11669.29
6135,6135,6135,0,06-02-2025,Completed,4916.28
6136,6136,6136,3,15-10-2023,Completed,9587.24
6137,6137,6137,0,03-11-2023,Completed,10617.82
6138,6138,6138,8,04-11-2023,Completed,14654.71
6139,6139,6139,4,24-04-2026,Cancelled,7180.97
6140,6140,6140,7,21-01-2026,Completed,1771.86
6141,6141,6141,9,24-09-2024,Completed,14858.6
6142,6142,6142,7,06-09-2023,Completed,11514.9
6143,6143,6143,4,07-07-2025,NA,2552.47
6144,6144,6144,4,13-01-2024,Cancelled,13079.13
6145,6145,6145,3,16-04-2025,NA,4648.83
6146,6146,6146,0,20-05-2024,Cancelled,8331.26
6147,6147,6147,1,14-04-2026,Pending,0
6148,6148,6148,6,10-03-2026,Completed,2735.11
6149,6149,6149,0,17-09-2023,Completed,43.84
6150,6150,6150,9,09-11-2025,Pending,10697.71
6151,6151,6151,7,08-03-2025,Cancelled,10410.28
6152,6152,6152,6,19-12-2025,Completed,4948.62
6153,6153,6153,6,22-03-2025,NA,6001.64
6154,6154,6154,4,19-01-2026,Completed,6365.99
6155,6155,6155,8,01-04-2026,Cancelled,3121.72
6156,6156,6156,6,05-11-2023,Pending,6507.06
6157,6157,6157,0,24-09-2023,NA,1287.93
6158,6158,6158,6,31-08-2024,Pending,10862.24
6159,6159,6159,1,23-08-2023,Pending,6545.15
6160,6160,6160,2,04-06-2024,Pending,5999
6161,6161,6161,8,05-05-2026,Completed,9869.65
6162,6162,6162,5,08-12-2023,Completed,3994.21
6163,6163,6163,6,28-03-2026,NA,5781.04
6164,6164,6164,2,31-12-2023,Completed,3998.59
6165,6165,6165,-2,09-01-2026,Cancelled,4390.22
6166,6166,6166,0,02-05-2024,NA,12449.4
6167,6167,6167,8,24-06-2023,Completed,5950.98
6168,6168,6168,4,21-02-2026,Completed,0
6169,6169,6169,1,18-05-2025,Completed,14423.84
6170,6170,6170,7,30-01-2025,Completed,325.4
6171,6171,6171,1,01-11-2025,Pending,9583.56
6172,6172,6172,6,01-02-2024,Completed,673.37
6173,6173,6173,4,30-03-2026,Completed,924.97
6174,6174,6174,4,14-12-2023,Completed,3104.22
6175,6175,6175,0,06-06-2025,Completed,1428.26
6176,6176,6176,2,22-11-2025,Pending,3721.03
6177,6177,6177,7,19-06-2023,Pending,8869.16
6178,6178,6178,1,07-11-2023,Completed,6840.8
6179,6179,6179,6,28-05-2023,Completed,711.81
6180,6180,6180,4,06-02-2025,Cancelled,10393.02
6181,6181,6181,3,10-11-2023,Pending,4303.05
6182,6182,6182,2,22-10-2025,Pending,8303.88
6183,6183,6183,9,16-02-2024,NA,5982.56
6184,6184,6184,7,18-08-2023,Completed,5699.99
6185,6185,6185,3,06-07-2024,NA,10036.71
6186,6186,6186,8,03-01-2025,NA,11399.28
6187,6187,6187,5,17-06-2025,Pending,6944.63
6188,6188,6188,3,06-07-2025,Cancelled,13180.34
6189,6189,6189,7,25-11-2024,Pending,14394.32
6190,6190,6190,-2,08-12-2025,Cancelled,12471.96
6191,6191,6191,5,02-12-2024,Completed,4480.36
6192,6192,6192,-2,17-05-2024,NA,14686.58
6193,6193,6193,4,05-03-2026,Completed,14772.99
6194,6194,6194,-2,03-07-2025,Cancelled,225.85
6195,6195,6195,10,26-04-2026,NA,10012.51
6196,6196,6196,4,04-12-2025,NA,2785.15
6197,6197,6197,2,25-11-2023,NA,7327.02
6198,6198,6198,-2,31-05-2023,Completed,14471.48
6199,6199,6199,0,02-05-2025,NA,13048.08
6200,6200,6200,8,08-11-2023,Pending,8412.16
6201,6201,6201,6,01-09-2024,Cancelled,6645.42
6202,6202,6202,-2,13-02-2024,Completed,269.42
6203,6203,6203,3,05-05-2024,Completed,14783.29
6204,6204,6204,2,01-03-2026,Cancelled,3698.86
6205,6205,6205,10,26-09-2024,Pending,13216.76
6206,6206,6206,8,03-08-2025,Pending,7702.14
6207,6207,6207,5,12-02-2025,Completed,1235.21
6208,6208,6208,1,23-11-2025,NA,3709.14
6209,6209,6209,8,15-06-2023,Completed,449.92
6210,6210,6210,5,19-10-2025,NA,3614.03
6211,6211,6211,8,29-03-2024,Completed,3560.27
6212,6212,6212,4,14-03-2025,Completed,11107.82
6213,6213,6213,3,09-02-2025,Completed,9048.24
6214,6214,6214,4,24-12-2024,Pending,7534.06
6215,6215,6215,7,20-06-2025,Completed,3020.36
6216,6216,6216,10,04-12-2023,Completed,11355.29
6217,6217,6217,-2,14-06-2025,Pending,11145.25
6218,6218,6218,1,03-04-2024,Completed,0
6219,6219,6219,6,19-04-2024,Completed,6670.76
6220,6220,6220,9,18-12-2025,Completed,1989.53
6221,6221,6221,5,03-11-2025,Pending,579.29
6222,6222,6222,5,01-02-2025,Completed,11629.07
6223,6223,6223,10,07-10-2023,Completed,14682.67
6224,6224,6224,6,11-12-2025,NA,11617.42
6225,6225,6225,10,13-03-2025,Pending,9757.42
6226,6226,6226,-2,14-02-2026,Pending,9594.46
6227,6227,6227,2,07-07-2024,Completed,8665.59
6228,6228,6228,0,09-01-2024,Pending,565.5
6229,6229,6229,3,21-01-2026,NA,1060.89
6230,6230,6230,4,12-03-2026,Completed,10876.98
6231,6231,6231,6,16-11-2023,Completed,7924.41
6232,6232,6232,4,07-04-2026,Pending,139.63
6233,6233,6233,9,29-08-2023,Completed,10730.89
6234,6234,6234,10,06-11-2025,Completed,1718.67
6235,6235,6235,4,10-08-2025,Cancelled,12414.67
6236,6236,6236,4,12-08-2023,NA,2264.35
6237,6237,6237,9,27-08-2023,Pending,6858.67
6238,6238,6238,7,04-10-2023,Completed,14331.65
6239,6239,6239,3,21-01-2024,Completed,7388.62
6240,6240,6240,2,13-09-2024,Completed,5290.54
6241,6241,6241,9,02-02-2025,Cancelled,6015.31
6242,6242,6242,9,01-09-2023,NA,12622.98
6243,6243,6243,0,28-02-2024,Completed,0
6244,6244,6244,0,02-05-2025,Completed,12589.62
6245,6245,6245,6,18-09-2024,Completed,10053.79
6246,6246,6246,8,17-12-2023,Completed,11927.23
6247,6247,6247,5,14-02-2025,Cancelled,11928.89
6248,6248,6248,2,16-08-2023,Completed,4953.68
6249,6249,6249,3,30-03-2026,NA,3368.78
6250,6250,6250,1,06-08-2023,Completed,7977.73
6251,6251,6251,9,15-04-2024,NA,10022.35
6252,6252,6252,2,13-04-2025,Completed,13390
6253,6253,6253,1,18-02-2026,Cancelled,10773.24
6254,6254,6254,4,26-07-2025,Cancelled,12732.76
6255,6255,6255,5,19-01-2024,Cancelled,6925.31
6256,6256,6256,4,02-10-2025,Completed,1734.19
6257,6257,6257,4,30-01-2026,NA,858.55
6258,6258,6258,4,04-05-2025,Completed,1980.45
6259,6259,6259,9,01-01-2025,Completed,5113.51
6260,6260,6260,7,18-08-2024,Cancelled,11376.17
6261,6261,6261,5,17-03-2024,Cancelled,3171.49
6262,6262,6262,1,18-08-2023,Pending,6068.44
6263,6263,6263,7,12-03-2026,Completed,411.77
6264,6264,6264,1,07-10-2025,Pending,3019.47
6265,6265,6265,7,10-11-2025,Pending,14598.85
6266,6266,6266,10,19-07-2023,Pending,13755.1
6267,6267,6267,1,16-07-2024,Completed,0
6268,6268,6268,0,01-11-2025,Completed,2702.9
6269,6269,6269,10,27-01-2026,Cancelled,5676.97
6270,6270,6270,1,09-01-2024,NA,4075.67
6271,6271,6271,2,21-01-2024,Completed,3626.32
6272,6272,6272,10,25-04-2026,Completed,6078.05
6273,6273,6273,-2,07-12-2023,Cancelled,10863.31
6274,6274,6274,2,19-12-2023,NA,13388.16
6275,6275,6275,-2,05-02-2026,Pending,6968.37
6276,6276,6276,3,02-04-2024,Completed,11173.33
6277,6277,6277,2,24-12-2025,Cancelled,10111.45
6278,6278,6278,8,19-12-2023,Completed,13260.84
6279,6279,6279,2,29-11-2024,NA,10015.67
6280,6280,6280,5,30-03-2025,NA,0
6281,6281,6281,9,24-01-2025,Completed,3483.76
6282,6282,6282,4,28-06-2023,Completed,8066.63
6283,6283,6283,1,20-11-2023,Completed,606.01
6284,6284,6284,1,26-10-2025,NA,8185.9
6285,6285,6285,1,06-04-2026,Completed,9694.32
6286,6286,6286,3,21-12-2023,NA,9611.09
6287,6287,6287,10,01-04-2024,Pending,14904.41
6288,6288,6288,1,28-07-2023,Cancelled,9784.33
6289,6289,6289,10,24-12-2025,Completed,2649.05
6290,6290,6290,5,22-10-2025,NA,5911.41
6291,6291,6291,7,06-02-2025,Completed,3606.2
6292,6292,6292,7,20-11-2024,Completed,4689.65
6293,6293,6293,10,23-10-2024,Cancelled,4963.44
6294,6294,6294,2,15-03-2025,Cancelled,6818.97
6295,6295,6295,3,14-11-2024,Pending,5424.72
6296,6296,6296,3,17-06-2025,Completed,7632.19
6297,6297,6297,2,07-07-2023,Completed,8864.44
6298,6298,6298,3,03-01-2024,Completed,12253.35
6299,6299,6299,5,29-05-2024,Pending,3464.04
6300,6300,6300,1,16-05-2023,Completed,5111.54
6301,6301,6301,7,09-03-2024,Pending,1601.21
6302,6302,6302,2,24-01-2024,Cancelled,10553.47
6303,6303,6303,9,25-10-2024,Pending,2340.21
6304,6304,6304,2,31-12-2025,Cancelled,6381.89
6305,6305,6305,4,18-02-2026,Pending,1881.22
6306,6306,6306,9,23-07-2024,Pending,79.23
6307,6307,6307,4,20-01-2024,Pending,1353.79
6308,6308,6308,5,19-09-2025,Completed,8628.39
6309,6309,6309,1,22-05-2024,NA,2801.48
6310,6310,6310,9,05-01-2024,Cancelled,8743.65
6311,6311,6311,6,13-04-2026,Cancelled,1875.5
6312,6312,6312,4,21-09-2025,Cancelled,3454.11
6313,6313,6313,5,22-04-2025,Pending,10754.39
6314,6314,6314,4,23-09-2023,Cancelled,1145.82
6315,6315,6315,1,14-04-2024,NA,3529.22
6316,6316,6316,3,19-08-2025,NA,11300.72
6317,6317,6317,10,01-10-2025,Pending,7879.67
6318,6318,6318,4,04-01-2026,Cancelled,11967.85
6319,6319,6319,2,28-09-2024,Cancelled,750.19
6320,6320,6320,5,01-09-2023,Completed,303.27
6321,6321,6321,9,24-05-2024,Completed,7964.71
6322,6322,6322,6,30-11-2025,Pending,6693.08
6323,6323,6323,6,10-08-2025,Completed,5004.92
6324,6324,6324,7,04-12-2023,Cancelled,2106.12
6325,6325,6325,3,23-10-2024,NA,118.5
6326,6326,6326,7,03-04-2026,NA,0
6327,6327,6327,6,10-07-2024,NA,1624.81
6328,6328,6328,-2,09-01-2024,Completed,5153.79
6329,6329,6329,4,03-12-2023,Pending,0
6330,6330,6330,10,10-04-2025,Cancelled,4172.03
6331,6331,6331,7,29-04-2025,Completed,6221.43
6332,6332,6332,6,11-03-2025,NA,664.64
6333,6333,6333,9,13-02-2024,Completed,4375.66
6334,6334,6334,8,31-10-2025,Completed,14267.44
6335,6335,6335,0,29-01-2024,NA,10959.58
6336,6336,6336,6,18-04-2026,Completed,0
6337,6337,6337,7,10-05-2025,Pending,13361.94
6338,6338,6338,6,20-11-2023,Pending,13189.24
6339,6339,6339,2,16-01-2026,Completed,6514.82
6340,6340,6340,9,23-06-2024,Pending,816.03
6341,6341,6341,4,19-06-2025,Pending,11019.1
6342,6342,6342,10,28-01-2026,Pending,425.31
6343,6343,6343,-2,09-07-2025,Cancelled,7579
6344,6344,6344,3,25-05-2023,NA,396.48
6345,6345,6345,5,02-04-2026,Pending,684.22
6346,6346,6346,0,31-08-2024,Pending,2794.54
6347,6347,6347,6,01-11-2025,Pending,9507.85
6348,6348,6348,4,11-07-2024,Cancelled,6997.12
6349,6349,6349,6,08-09-2023,Completed,9567.56
6350,6350,6350,3,28-07-2024,Completed,9482.84
6351,6351,6351,8,26-01-2024,Cancelled,4290.15
6352,6352,6352,7,12-09-2023,Completed,6046.42
6353,6353,6353,-2,21-01-2024,Cancelled,2965.84
6354,6354,6354,4,28-05-2023,Completed,6714
6355,6355,6355,0,26-03-2025,Pending,14628
6356,6356,6356,4,28-07-2023,Completed,8991.87
6357,6357,6357,10,17-04-2025,Pending,11248.57
6358,6358,6358,7,03-02-2024,Completed,1297.07
6359,6359,6359,7,04-12-2025,Pending,12433.93
6360,6360,6360,4,27-10-2025,Completed,516.93
6361,6361,6361,0,12-05-2023,Pending,2589.97
6362,6362,6362,10,29-11-2025,Cancelled,2801.07
6363,6363,6363,1,08-01-2024,Completed,5765.19
6364,6364,6364,8,27-02-2026,Completed,11753.31
6365,6365,6365,1,16-03-2026,Completed,487.1
6366,6366,6366,9,16-05-2025,Completed,4900.54
6367,6367,6367,8,17-07-2023,Pending,2221.4
6368,6368,6368,1,21-06-2023,NA,13896.16
6369,6369,6369,4,15-12-2025,Cancelled,7379.99
6370,6370,6370,6,05-08-2024,Completed,267.03
6371,6371,6371,5,03-10-2024,Pending,4161.39
6372,6372,6372,4,11-08-2024,Completed,8540.03
6373,6373,6373,2,22-09-2024,Cancelled,1011.09
6374,6374,6374,1,26-05-2025,Cancelled,9238.55
6375,6375,6375,2,14-07-2024,Pending,6804.11
6376,6376,6376,8,26-07-2023,NA,518.74
6377,6377,6377,5,13-09-2024,NA,6061
6378,6378,6378,0,02-11-2024,Completed,659.06
6379,6379,6379,-2,29-05-2024,Completed,10071.43
6380,6380,6380,7,14-12-2025,Completed,2025.35
6381,6381,6381,0,11-05-2023,Pending,7652.5
6382,6382,6382,6,16-06-2025,NA,10340.71
6383,6383,6383,7,17-04-2026,Cancelled,0
6384,6384,6384,9,21-01-2026,NA,0
6385,6385,6385,9,06-06-2025,Completed,2240.55
6386,6386,6386,2,12-04-2025,Completed,2548.34
6387,6387,6387,0,14-10-2025,Pending,5715.12
6388,6388,6388,1,11-04-2024,Pending,5317.34
6389,6389,6389,3,29-07-2023,Pending,6588.73
6390,6390,6390,5,25-09-2024,NA,11131.6
6391,6391,6391,4,10-02-2024,Cancelled,5436.53
6392,6392,6392,4,21-06-2024,Completed,8070.1
6393,6393,6393,1,14-02-2024,NA,2204.7
6394,6394,6394,1,22-09-2024,NA,5452.66
6395,6395,6395,9,09-07-2023,Cancelled,6688.47
6396,6396,6396,5,19-03-2026,Completed,6411.11
6397,6397,6397,2,19-02-2026,NA,10088.07
6398,6398,6398,8,04-08-2023,Pending,9894.74
6399,6399,6399,4,01-06-2023,NA,7730.13
6400,6400,6400,6,22-12-2023,Cancelled,881.91
6401,6401,6401,8,22-04-2025,NA,13666.69
6402,6402,6402,4,10-06-2024,Pending,1376.86
6403,6403,6403,7,21-05-2025,Cancelled,6776.88
6404,6404,6404,10,26-09-2024,Pending,7856.34
6405,6405,6405,5,14-12-2025,Cancelled,13713.19
6406,6406,6406,3,13-02-2024,Cancelled,1781.63
6407,6407,6407,3,26-06-2023,Cancelled,11627.04
6408,6408,6408,4,18-03-2026,NA,13694.7
6409,6409,6409,-2,30-08-2024,Completed,3739.78
6410,6410,6410,-2,15-12-2025,Completed,2163.6
6411,6411,6411,7,29-04-2024,Pending,8041.67
6412,6412,6412,6,18-04-2026,Completed,2544.02
6413,6413,6413,8,18-06-2024,Completed,12629.92
6414,6414,6414,3,19-11-2024,Pending,5605.33
6415,6415,6415,5,24-06-2024,Cancelled,12821.39
6416,6416,6416,0,10-06-2025,Completed,5160.66
6417,6417,6417,10,04-03-2026,NA,7994.67
6418,6418,6418,-2,23-10-2025,Pending,10049.6
6419,6419,6419,9,21-10-2023,Completed,5908.38
6420,6420,6420,3,27-05-2024,Completed,4922.29
6421,6421,6421,5,28-01-2026,Completed,38.21
6422,6422,6422,6,27-07-2025,Cancelled,6812.11
6423,6423,6423,5,22-07-2025,Cancelled,4551.28
6424,6424,6424,10,09-10-2024,Cancelled,9264.08
6425,6425,6425,1,18-08-2023,Pending,11198.66
6426,6426,6426,-2,08-01-2025,Completed,13838.61
6427,6427,6427,4,12-12-2023,Cancelled,8233.85
6428,6428,6428,1,16-06-2023,Completed,927.74
6429,6429,6429,2,10-02-2024,Completed,8131.93
6430,6430,6430,4,26-03-2024,Completed,5586.66
6431,6431,6431,2,06-02-2026,NA,9309.21
6432,6432,6432,1,19-02-2026,Completed,9202.34
6433,6433,6433,10,16-08-2025,Completed,5101.37
6434,6434,6434,7,23-07-2025,Completed,0
6435,6435,6435,8,25-01-2026,Completed,8647.12
6436,6436,6436,4,12-11-2023,NA,5917.6
6437,6437,6437,-2,12-09-2023,Cancelled,871.62
6438,6438,6438,7,21-11-2024,Completed,6496.36
6439,6439,6439,1,20-08-2025,Completed,3690.28
6440,6440,6440,4,11-03-2025,NA,1545.6
6441,6441,6441,10,02-07-2024,Completed,198.64
6442,6442,6442,9,27-02-2025,Pending,14161.63
6443,6443,6443,2,27-02-2025,Completed,10025.59
6444,6444,6444,10,21-10-2025,NA,10171.32
6445,6445,6445,3,14-08-2023,NA,10225.24
6446,6446,6446,4,12-11-2024,Completed,4849.87
6447,6447,6447,1,22-05-2023,Cancelled,4965.94
6448,6448,6448,3,01-03-2024,Pending,1447.86
6449,6449,6449,8,18-10-2024,Completed,1505.12
6450,6450,6450,8,29-07-2025,NA,2835.94
6451,6451,6451,5,01-08-2024,Cancelled,11094.99
6452,6452,6452,0,09-12-2023,Pending,10179.4
6453,6453,6453,7,01-07-2024,Completed,4278.76
6454,6454,6454,8,04-06-2023,Pending,4903.21
6455,6455,6455,6,02-01-2024,Completed,13498.27
6456,6456,6456,1,17-09-2025,Cancelled,10473.11
6457,6457,6457,10,28-02-2026,Completed,5023.52
6458,6458,6458,2,12-11-2025,Completed,8827.22
6459,6459,6459,6,25-11-2024,Completed,6276.78
6460,6460,6460,5,03-02-2026,Completed,12868.81
6461,6461,6461,1,03-08-2024,NA,11377.21
6462,6462,6462,1,11-04-2024,NA,10921.56
6463,6463,6463,3,17-02-2025,Completed,8438.18
6464,6464,6464,3,16-01-2025,Pending,4467.35
6465,6465,6465,0,20-08-2024,Completed,5719.4
6466,6466,6466,9,07-07-2024,Cancelled,8287.65
6467,6467,6467,2,16-03-2026,Cancelled,6150.36
6468,6468,6468,10,26-05-2023,Pending,5319.47
6469,6469,6469,0,06-05-2023,Cancelled,12698.58
6470,6470,6470,6,10-04-2026,NA,7486.56
6471,6471,6471,5,30-10-2023,Completed,12338.43
6472,6472,6472,8,30-06-2023,Pending,0
6473,6473,6473,10,09-06-2024,NA,1847.14
6474,6474,6474,6,01-10-2023,Completed,5019.3
6475,6475,6475,4,12-02-2025,Completed,9920.53
6476,6476,6476,8,14-05-2023,Cancelled,12194.23
6477,6477,6477,4,09-01-2026,Cancelled,12950.7
6478,6478,6478,7,24-08-2024,Cancelled,12037.51
6479,6479,6479,5,19-09-2025,Cancelled,420.36
6480,6480,6480,1,02-02-2026,NA,14963.45
6481,6481,6481,5,09-06-2024,Completed,6389.75
6482,6482,6482,5,08-11-2024,Pending,3987.29
6483,6483,6483,7,17-12-2024,Pending,6732.45
6484,6484,6484,5,01-03-2024,Completed,2580.56
6485,6485,6485,-2,22-02-2025,Cancelled,6946.45
6486,6486,6486,7,11-01-2024,Pending,932.7
6487,6487,6487,0,17-11-2024,Completed,10686.67
6488,6488,6488,4,22-06-2023,Completed,7208.96
6489,6489,6489,10,12-09-2025,Pending,13702.22
6490,6490,6490,6,14-12-2023,Completed,7856.58
6491,6491,6491,7,28-02-2024,Completed,12861.22
6492,6492,6492,7,28-01-2025,Completed,9136.21
6493,6493,6493,7,15-12-2025,Pending,8708.15
6494,6494,6494,8,11-12-2025,Completed,5278.29
6495,6495,6495,4,20-06-2023,NA,2149.59
6496,6496,6496,6,16-06-2023,Cancelled,0
6497,6497,6497,5,10-12-2024,Completed,0
6498,6498,6498,7,05-12-2025,Pending,5575.93
6499,6499,6499,6,02-11-2024,Completed,10583.2
6500,6500,6500,3,07-05-2025,Cancelled,9121
6501,6501,6501,4,11-07-2024,Cancelled,7592.08
6502,6502,6502,4,04-02-2026,Completed,13422.59
6503,6503,6503,-2,21-02-2026,Completed,3648.55
6504,6504,6504,0,26-08-2024,NA,10890.2
6505,6505,6505,10,14-11-2024,Cancelled,3099.02
6506,6506,6506,7,22-04-2025,NA,7803.23
6507,6507,6507,2,21-11-2023,Completed,9878.89
6508,6508,6508,10,22-09-2025,NA,3476.91
6509,6509,6509,4,23-05-2024,Pending,7839.29
6510,6510,6510,10,29-04-2025,NA,12135.66
6511,6511,6511,0,21-11-2024,Cancelled,13338.79
6512,6512,6512,9,19-09-2025,Pending,8031.29
6513,6513,6513,-2,15-11-2023,Cancelled,1535.74
6514,6514,6514,8,25-07-2024,Cancelled,301.18
6515,6515,6515,2,17-12-2023,Completed,11914.65
6516,6516,6516,1,19-05-2024,Pending,7523.89
6517,6517,6517,9,16-02-2026,Cancelled,5990.44
6518,6518,6518,8,06-05-2024,Cancelled,11606.62
6519,6519,6519,4,29-07-2023,Completed,1885.36
6520,6520,6520,7,21-09-2025,Completed,3026.86
6521,6521,6521,0,17-08-2023,Completed,6675.35
6522,6522,6522,4,10-06-2023,Cancelled,8181.76
6523,6523,6523,7,18-02-2025,Cancelled,11792.65
6524,6524,6524,10,11-09-2025,Pending,13012.53
6525,6525,6525,4,10-06-2023,Pending,1981.84
6526,6526,6526,8,25-01-2026,Completed,14762.01
6527,6527,6527,10,15-10-2023,Completed,3978.66
6528,6528,6528,6,18-09-2023,Completed,8475.8
6529,6529,6529,4,26-07-2025,Pending,5802.48
6530,6530,6530,10,06-05-2024,Pending,8693.71
6531,6531,6531,4,11-01-2026,Completed,3471.98
6532,6532,6532,4,01-06-2025,NA,0
6533,6533,6533,4,11-09-2023,Pending,5684.8
6534,6534,6534,-2,29-07-2025,NA,3739.96
6535,6535,6535,2,24-04-2026,Pending,454.9
6536,6536,6536,4,06-12-2024,Completed,6716.96
6537,6537,6537,0,31-03-2024,Completed,11422.71
6538,6538,6538,0,28-11-2025,Pending,0
6539,6539,6539,5,24-06-2023,NA,1940.18
6540,6540,6540,0,26-11-2025,Pending,1322.05
6541,6541,6541,6,12-11-2024,NA,11584.29
6542,6542,6542,0,02-05-2025,Pending,2425.62
6543,6543,6543,7,19-11-2023,Pending,4101.81
6544,6544,6544,7,28-11-2023,Completed,14137.64
6545,6545,6545,3,10-09-2023,Pending,6271.29
6546,6546,6546,5,24-10-2025,Completed,5191.69
6547,6547,6547,8,01-05-2024,Completed,11785.99
6548,6548,6548,2,04-02-2026,Pending,11741.73
6549,6549,6549,2,28-04-2026,Completed,13460.25
6550,6550,6550,4,01-03-2024,Pending,14990.45
6551,6551,6551,4,15-01-2026,Completed,10008.61
6552,6552,6552,3,03-06-2024,NA,7025.22
6553,6553,6553,10,11-02-2025,Pending,2351.66
6554,6554,6554,9,24-01-2024,Completed,401.86
6555,6555,6555,2,05-11-2024,Cancelled,2708.1
6556,6556,6556,-2,09-05-2024,Cancelled,3346.13
6557,6557,6557,5,12-06-2023,Completed,4913.15
6558,6558,6558,0,27-10-2025,Completed,5502.43
6559,6559,6559,1,22-06-2025,Completed,2852.55
6560,6560,6560,6,01-03-2026,Completed,6148.58
6561,6561,6561,-2,08-06-2023,NA,1116.26
6562,6562,6562,8,21-05-2024,NA,7972.13
6563,6563,6563,10,15-10-2023,Completed,14951.71
6564,6564,6564,0,06-05-2023,Cancelled,6728.89
6565,6565,6565,2,10-08-2024,Pending,2660.74
6566,6566,6566,5,05-07-2023,Completed,3655.05
6567,6567,6567,10,14-11-2023,Completed,13448.41
6568,6568,6568,3,12-07-2025,Pending,9569.76
6569,6569,6569,8,23-09-2023,Pending,395.08
6570,6570,6570,8,02-07-2024,Cancelled,10965.07
6571,6571,6571,5,14-11-2025,Cancelled,4127.99
6572,6572,6572,5,26-06-2025,Completed,5090.59
6573,6573,6573,10,14-06-2023,Completed,3150.53
6574,6574,6574,9,04-11-2024,Cancelled,14938.36
6575,6575,6575,3,26-06-2025,Completed,10622.16
6576,6576,6576,8,18-11-2025,NA,2814.58
6577,6577,6577,7,18-03-2025,NA,10558.32
6578,6578,6578,2,23-10-2025,Completed,12440.08
6579,6579,6579,10,25-12-2024,Pending,8306.88
6580,6580,6580,5,08-07-2023,Completed,3863.83
6581,6581,6581,6,20-02-2024,NA,4915.02
6582,6582,6582,0,09-11-2024,Cancelled,8788.37
6583,6583,6583,7,11-11-2024,NA,10908.81
6584,6584,6584,-2,28-01-2025,NA,5299.12
6585,6585,6585,0,25-07-2023,Pending,8638.59
6586,6586,6586,10,11-05-2025,Completed,713.31
6587,6587,6587,9,01-11-2024,Cancelled,6629.03
6588,6588,6588,4,08-09-2025,Cancelled,10286.65
6589,6589,6589,4,10-02-2026,Pending,8115.58
6590,6590,6590,3,02-03-2024,Pending,5565.04
6591,6591,6591,4,31-10-2023,Completed,8063.42
6592,6592,6592,0,19-07-2024,Cancelled,4897.2
6593,6593,6593,4,13-01-2025,Cancelled,0
6594,6594,6594,1,30-04-2024,Cancelled,1712.08
6595,6595,6595,-2,13-03-2024,Pending,8407.21
6596,6596,6596,6,06-03-2025,Completed,11879.33
6597,6597,6597,9,13-11-2024,Cancelled,0
6598,6598,6598,-2,05-06-2025,Pending,13050.79
6599,6599,6599,8,01-08-2024,Cancelled,1990.88
6600,6600,6600,7,21-08-2023,NA,14275.8
6601,6601,6601,7,28-05-2025,Completed,7677.28
6602,6602,6602,4,16-07-2024,Completed,0
6603,6603,6603,10,01-06-2024,Pending,2614.95
6604,6604,6604,4,13-01-2026,Completed,2927.61
6605,6605,6605,0,19-02-2026,Cancelled,69.7
6606,6606,6606,0,20-09-2024,Completed,12399.65
6607,6607,6607,9,10-07-2023,Completed,1774.53
6608,6608,6608,9,19-10-2024,NA,2506.64
6609,6609,6609,10,02-03-2024,Pending,7040.91
6610,6610,6610,3,21-12-2024,Cancelled,8481.2
6611,6611,6611,4,09-07-2025,NA,7007.41
6612,6612,6612,7,14-11-2024,Completed,3711.24
6613,6613,6613,3,03-01-2024,NA,0
6614,6614,6614,8,03-08-2023,Completed,9284.44
6615,6615,6615,1,24-12-2023,NA,13912.73
6616,6616,6616,4,18-08-2025,Completed,8535.75
6617,6617,6617,1,15-07-2025,Cancelled,9980.74
6618,6618,6618,-2,23-07-2024,Completed,5736.79
6619,6619,6619,6,06-11-2025,Completed,6995.24
6620,6620,6620,10,11-05-2024,Cancelled,12291.49
6621,6621,6621,9,23-02-2024,Cancelled,14008.8
6622,6622,6622,2,09-01-2025,Completed,12571.41
6623,6623,6623,-2,06-03-2026,Cancelled,14418.46
6624,6624,6624,4,04-10-2025,Completed,6610.12
6625,6625,6625,4,11-03-2026,NA,1099.25
6626,6626,6626,3,05-06-2024,Pending,797.24
6627,6627,6627,4,02-12-2023,Completed,8454.81
6628,6628,6628,4,16-05-2024,Pending,14783.4
6629,6629,6629,1,30-08-2025,Pending,856.06
6630,6630,6630,7,05-07-2023,NA,14983.79
6631,6631,6631,5,13-05-2023,Cancelled,11147.29
6632,6632,6632,-2,22-02-2025,Cancelled,8562.95
6633,6633,6633,10,18-01-2025,Completed,11957.77
6634,6634,6634,10,26-07-2024,NA,10802.9
6635,6635,6635,8,16-09-2023,Completed,6056.91
6636,6636,6636,4,12-08-2025,Cancelled,5207.54
6637,6637,6637,6,10-11-2024,Completed,3071.64
6638,6638,6638,4,29-06-2025,NA,8140.5
6639,6639,6639,2,02-12-2024,Completed,5731.8
6640,6640,6640,9,19-05-2023,Completed,4712.86
6641,6641,6641,5,16-10-2023,Completed,8667.58
6642,6642,6642,4,05-06-2024,Completed,8097.55
6643,6643,6643,-2,26-08-2025,Cancelled,12599.49
6644,6644,6644,8,17-12-2024,Completed,12569.36
6645,6645,6645,-2,30-12-2023,Completed,3392.15
6646,6646,6646,4,24-03-2026,Cancelled,14250.41
6647,6647,6647,3,10-07-2025,Completed,1542.75
6648,6648,6648,10,23-03-2024,Completed,12206.04
6649,6649,6649,4,11-03-2024,NA,6146.56
6650,6650,6650,4,29-08-2025,Pending,13593.75
6651,6651,6651,1,22-07-2024,Pending,14379.35
6652,6652,6652,5,04-03-2024,Completed,4158.64
6653,6653,6653,4,22-12-2025,Completed,3346.94
6654,6654,6654,2,10-05-2024,Completed,1404.85
6655,6655,6655,6,20-12-2024,NA,4388.01
6656,6656,6656,9,20-11-2025,Completed,10576.08
6657,6657,6657,8,15-08-2024,Completed,13276.63
6658,6658,6658,10,13-08-2024,Cancelled,0
6659,6659,6659,0,30-05-2023,Completed,12518.05
6660,6660,6660,8,10-01-2024,Cancelled,13014.52
6661,6661,6661,3,10-02-2025,Pending,1792.82
6662,6662,6662,9,31-07-2023,Completed,8970.88
6663,6663,6663,10,16-05-2024,Cancelled,5875.27
6664,6664,6664,9,12-02-2025,Cancelled,2362.96
6665,6665,6665,6,29-01-2024,Cancelled,13300.94
6666,6666,6666,4,14-04-2026,Completed,10734.43
6667,6667,6667,9,24-01-2026,Cancelled,8529.01
6668,6668,6668,2,12-10-2024,NA,337.58
6669,6669,6669,-2,21-11-2025,Completed,13656.72
6670,6670,6670,9,17-09-2024,Completed,2537.89
6671,6671,6671,2,05-04-2025,Completed,11483.28
6672,6672,6672,10,25-03-2025,NA,6218.3
6673,6673,6673,0,27-02-2025,Completed,14321.98
6674,6674,6674,-2,12-09-2024,Pending,9017.35
6675,6675,6675,6,08-06-2025,NA,10678.59
6676,6676,6676,5,28-05-2025,NA,7475.68
6677,6677,6677,-2,21-08-2023,Pending,13554.16
6678,6678,6678,7,14-02-2024,NA,13128.35
6679,6679,6679,1,05-02-2025,Pending,14169.37
6680,6680,6680,2,27-03-2026,NA,9657.19
6681,6681,6681,7,03-10-2023,Cancelled,13651.63
6682,6682,6682,-2,10-05-2025,Completed,12200.16
6683,6683,6683,-2,18-08-2023,Completed,2070.47
6684,6684,6684,4,18-03-2025,Pending,11396.05
6685,6685,6685,5,27-02-2025,Cancelled,4418.47
6686,6686,6686,2,16-08-2024,NA,7721.83
6687,6687,6687,2,16-09-2023,Pending,6482.41
6688,6688,6688,4,27-09-2024,Pending,4322.52
6689,6689,6689,8,15-03-2025,Completed,12477.51
6690,6690,6690,6,23-07-2023,Completed,2218.6
6691,6691,6691,0,30-06-2024,Completed,9907.67
6692,6692,6692,10,02-12-2024,NA,8400.48
6693,6693,6693,4,04-10-2023,Cancelled,5093.19
6694,6694,6694,5,31-05-2024,Completed,8239.11
6695,6695,6695,2,09-09-2023,Pending,11017.69
6696,6696,6696,3,22-12-2023,NA,9366.85
6697,6697,6697,5,20-01-2025,Completed,572.47
6698,6698,6698,8,01-01-2025,Cancelled,13982.83
6699,6699,6699,8,24-10-2024,Pending,13804.93
6700,6700,6700,4,11-02-2024,Cancelled,13323.09
6701,6701,6701,-2,27-04-2026,Pending,2788.04
6702,6702,6702,10,27-02-2026,Completed,10924.06
6703,6703,6703,4,20-09-2025,Completed,14374.94
6704,6704,6704,1,30-06-2023,NA,11106.91
6705,6705,6705,-2,25-06-2024,Pending,7288.58
6706,6706,6706,3,25-09-2024,NA,14075.28
6707,6707,6707,7,08-07-2023,Pending,5552.04
6708,6708,6708,4,12-11-2023,Completed,9150.02
6709,6709,6709,6,26-11-2024,Completed,3019.81
6710,6710,6710,-2,21-08-2025,Cancelled,7945.32
6711,6711,6711,3,12-09-2024,Pending,6176.66
6712,6712,6712,4,25-12-2024,Cancelled,13828.8
6713,6713,6713,10,21-10-2025,NA,14534.92
6714,6714,6714,3,12-10-2024,Cancelled,14087.28
6715,6715,6715,4,11-08-2024,Completed,14962.93
6716,6716,6716,10,23-09-2023,Completed,6450.26
6717,6717,6717,-2,13-11-2024,Completed,14824.46
6718,6718,6718,4,06-06-2023,Completed,3910.61
6719,6719,6719,0,14-05-2023,Pending,11915.41
6720,6720,6720,4,05-10-2025,Cancelled,10315.52
6721,6721,6721,3,03-03-2026,NA,212.15
6722,6722,6722,-2,30-10-2023,NA,11421.63
6723,6723,6723,3,03-03-2025,Pending,12150.48
6724,6724,6724,6,28-04-2025,Completed,786.43
6725,6725,6725,6,07-12-2023,Pending,9758.53
6726,6726,6726,9,02-03-2026,Completed,13089.15
6727,6727,6727,2,31-03-2026,NA,12967.02
6728,6728,6728,4,13-04-2026,Completed,1277.92
6729,6729,6729,5,30-05-2024,Completed,9845.27
6730,6730,6730,8,11-09-2025,Cancelled,1566.37
6731,6731,6731,10,28-04-2024,Completed,6069.73
6732,6732,6732,3,13-07-2025,Cancelled,632.63
6733,6733,6733,8,07-05-2023,NA,3026.61
6734,6734,6734,5,12-10-2023,Completed,12161.23
6735,6735,6735,10,01-07-2025,Pending,3592.37
6736,6736,6736,9,05-10-2025,Pending,11603.43
6737,6737,6737,-2,13-09-2025,Cancelled,7348.22
6738,6738,6738,7,08-10-2024,Cancelled,4933.52
6739,6739,6739,8,14-07-2024,Cancelled,3155.15
6740,6740,6740,8,02-11-2025,Pending,106.24
6741,6741,6741,-2,08-05-2023,Completed,12818.79
6742,6742,6742,4,11-08-2025,Cancelled,2350.36
6743,6743,6743,9,21-03-2025,NA,7391.34
6744,6744,6744,8,06-09-2024,Completed,13966.47
6745,6745,6745,2,07-06-2025,Pending,0
6746,6746,6746,9,21-05-2025,Cancelled,11402.89
6747,6747,6747,4,03-01-2025,Completed,11905.84
6748,6748,6748,5,08-03-2025,NA,8752.4
6749,6749,6749,5,02-03-2026,Completed,2228.86
6750,6750,6750,4,05-11-2023,NA,1740.8
6751,6751,6751,-2,25-05-2025,Completed,2161.46
6752,6752,6752,7,04-07-2023,NA,8150.01
6753,6753,6753,4,08-07-2025,NA,10849.52
6754,6754,6754,4,26-04-2025,Completed,7320.88
6755,6755,6755,7,23-03-2026,Pending,299.86
6756,6756,6756,-2,16-11-2023,NA,11632.93
6757,6757,6757,4,25-11-2025,Pending,7088.03
6758,6758,6758,9,31-03-2024,NA,6440.72
6759,6759,6759,0,14-12-2024,NA,10201.56
6760,6760,6760,3,10-06-2024,Pending,1863.6
6761,6761,6761,-2,03-09-2024,Cancelled,9913.85
6762,6762,6762,9,28-01-2026,Pending,5404.03
6763,6763,6763,9,28-11-2024,Completed,9789.62
6764,6764,6764,0,27-05-2024,Cancelled,2624.95
6765,6765,6765,7,21-01-2026,Completed,11438.81
6766,6766,6766,8,23-07-2025,NA,6387.98
6767,6767,6767,2,24-06-2023,Completed,7712.05
6768,6768,6768,7,24-09-2023,Completed,6274.17
6769,6769,6769,7,22-06-2024,Completed,590.34
6770,6770,6770,7,01-02-2024,NA,5751.22
6771,6771,6771,4,20-11-2025,Cancelled,3569.88
6772,6772,6772,9,29-08-2024,Completed,1226.8
6773,6773,6773,5,15-05-2023,Completed,4750.34
6774,6774,6774,6,19-06-2024,NA,9555.41
6775,6775,6775,-2,15-04-2024,NA,6826.1
6776,6776,6776,7,07-06-2025,Cancelled,9204.76
6777,6777,6777,9,07-11-2024,Pending,11522.31
6778,6778,6778,7,08-08-2024,NA,3754.75
6779,6779,6779,4,16-07-2023,Completed,7908.27
6780,6780,6780,7,07-04-2026,Completed,11065.45
6781,6781,6781,4,30-09-2024,NA,4830.4
6782,6782,6782,3,23-11-2024,Pending,0
6783,6783,6783,0,21-12-2023,Pending,9333.53
6784,6784,6784,3,24-08-2023,Completed,7181.73
6785,6785,6785,10,28-10-2025,Pending,3556.28
6786,6786,6786,3,28-04-2024,Completed,4331.92
6787,6787,6787,4,24-09-2025,NA,11057.96
6788,6788,6788,4,11-09-2025,Completed,12945.73
6789,6789,6789,0,13-04-2025,Completed,7435.92
6790,6790,6790,10,23-10-2024,Pending,7680.58
6791,6791,6791,3,21-09-2024,Pending,13873.82
6792,6792,6792,8,23-05-2023,Pending,7516.09
6793,6793,6793,5,16-03-2024,Completed,8309.34
6794,6794,6794,5,07-08-2024,Cancelled,142.59
6795,6795,6795,0,11-04-2025,Cancelled,463.76
6796,6796,6796,-2,02-02-2024,Pending,12163.38
6797,6797,6797,8,29-12-2023,Completed,995.96
6798,6798,6798,0,05-08-2024,Cancelled,11538.9
6799,6799,6799,1,06-08-2025,Pending,7101.15
6800,6800,6800,4,29-09-2024,Pending,2553.07
6801,6801,6801,5,11-06-2025,Cancelled,9008.13
6802,6802,6802,8,18-02-2024,Completed,1441.3
6803,6803,6803,4,26-09-2023,Cancelled,7289.66
6804,6804,6804,8,14-03-2024,Completed,9736.33
6805,6805,6805,5,14-04-2026,Cancelled,4084.46
6806,6806,6806,9,08-08-2025,NA,10067.95
6807,6807,6807,5,10-09-2023,Cancelled,5683.93
6808,6808,6808,8,09-11-2024,Completed,0
6809,6809,6809,3,14-08-2024,NA,12727.57
6810,6810,6810,4,12-04-2024,Pending,0
6811,6811,6811,0,15-05-2023,NA,0
6812,6812,6812,4,23-11-2025,Completed,7711.63
6813,6813,6813,4,04-10-2024,Completed,14950.7
6814,6814,6814,4,03-07-2024,Pending,1226.05
6815,6815,6815,9,04-01-2026,Pending,12313.44
6816,6816,6816,7,25-02-2025,NA,3703.18
6817,6817,6817,8,05-04-2024,Pending,8366.65
6818,6818,6818,4,24-03-2025,Completed,5128.46
6819,6819,6819,-2,20-11-2024,Completed,7386.83
6820,6820,6820,6,26-05-2025,Completed,8264.17
6821,6821,6821,8,25-08-2024,Completed,6450.98
6822,6822,6822,7,22-05-2025,Cancelled,13194.03
6823,6823,6823,2,23-04-2025,NA,8744.84
6824,6824,6824,1,16-05-2023,Pending,12351.4
6825,6825,6825,4,27-10-2024,NA,0
6826,6826,6826,5,21-01-2025,Completed,3090.96
6827,6827,6827,2,14-06-2025,Completed,14237.63
6828,6828,6828,3,22-07-2025,Pending,8407.4
6829,6829,6829,0,09-08-2023,NA,12686.73
6830,6830,6830,4,05-01-2025,Pending,3019.45
6831,6831,6831,10,08-07-2023,Completed,13340.36
6832,6832,6832,-2,10-08-2023,NA,1043.91
6833,6833,6833,6,25-04-2024,Completed,8934.75
6834,6834,6834,6,16-10-2024,Cancelled,8807.46
6835,6835,6835,0,14-08-2023,NA,13334.87
6836,6836,6836,9,12-05-2025,Cancelled,13469.69
6837,6837,6837,9,13-10-2023,Completed,11197.77
6838,6838,6838,9,26-05-2025,Pending,12480.93
6839,6839,6839,-2,15-03-2024,Pending,8532.32
6840,6840,6840,6,03-10-2025,Pending,14938.42
6841,6841,6841,0,15-03-2025,Completed,4615.38
6842,6842,6842,1,23-05-2023,Completed,7770.47
6843,6843,6843,2,20-12-2024,Completed,8056.6
6844,6844,6844,4,23-12-2024,Cancelled,0
6845,6845,6845,6,25-05-2025,Completed,12723.55
6846,6846,6846,3,08-12-2023,Cancelled,6883.73
6847,6847,6847,4,29-05-2023,Completed,962.36
6848,6848,6848,-2,28-12-2025,Pending,4401.33
6849,6849,6849,2,29-12-2023,Cancelled,12262.83
6850,6850,6850,10,16-12-2023,Cancelled,6618.96
6851,6851,6851,8,06-01-2026,NA,11131.55
6852,6852,6852,2,23-07-2023,NA,10081.83
6853,6853,6853,0,15-11-2025,Pending,4359.68
6854,6854,6854,10,27-07-2023,Completed,8988.33
6855,6855,6855,9,28-07-2025,NA,6583.96
6856,6856,6856,8,04-11-2025,Completed,7597.17
6857,6857,6857,6,13-03-2025,NA,8755.71
6858,6858,6858,9,25-07-2025,Completed,14087.08
6859,6859,6859,4,09-02-2024,Cancelled,4697.31
6860,6860,6860,6,16-06-2025,Completed,5147.53
6861,6861,6861,1,13-07-2025,Pending,10322.5
6862,6862,6862,-2,06-01-2026,NA,13606.37
6863,6863,6863,7,14-01-2025,NA,4315.77
6864,6864,6864,1,03-12-2023,Completed,7274.19
6865,6865,6865,6,09-03-2026,Pending,12412.34
6866,6866,6866,0,05-11-2023,Cancelled,1290.57
6867,6867,6867,9,28-03-2026,Cancelled,0
6868,6868,6868,9,22-11-2025,Completed,12990.55
6869,6869,6869,4,08-02-2026,Completed,5005.44
6870,6870,6870,5,20-04-2026,NA,13782.74
6871,6871,6871,6,12-01-2026,Completed,8510.4
6872,6872,6872,8,25-12-2025,Cancelled,13193.16
6873,6873,6873,0,28-03-2024,Completed,3654.01
6874,6874,6874,0,20-06-2023,Completed,6144.46
6875,6875,6875,10,22-10-2024,Completed,11980.12
6876,6876,6876,4,06-09-2024,Completed,10905.92
6877,6877,6877,4,14-05-2024,NA,5761.74
6878,6878,6878,-2,20-04-2024,Pending,5989.19
6879,6879,6879,7,08-08-2025,Completed,4205.26
6880,6880,6880,10,25-03-2025,NA,13002.72
6881,6881,6881,9,29-03-2025,Cancelled,9235.47
6882,6882,6882,2,27-10-2024,Cancelled,14786.54
6883,6883,6883,9,16-11-2023,Completed,1647.21
6884,6884,6884,4,01-07-2023,Completed,9156.19
6885,6885,6885,1,12-01-2025,Cancelled,5999.64
6886,6886,6886,10,14-03-2024,Pending,5672.13
6887,6887,6887,8,01-05-2024,Completed,12870.02
6888,6888,6888,10,04-03-2026,Completed,425.49
6889,6889,6889,4,21-03-2026,NA,11438.12
6890,6890,6890,4,26-11-2025,Pending,13174.25
6891,6891,6891,6,15-06-2025,Completed,5992.56
6892,6892,6892,8,07-07-2025,Pending,2605.73
6893,6893,6893,2,22-10-2023,Pending,14993.83
6894,6894,6894,4,12-04-2025,Cancelled,0
6895,6895,6895,5,13-08-2023,Cancelled,0
6896,6896,6896,9,03-09-2025,Cancelled,1997.28
6897,6897,6897,0,07-02-2024,Completed,12845.52
6898,6898,6898,-2,15-05-2024,Cancelled,5284.79
6899,6899,6899,4,09-04-2026,NA,10925.61
6900,6900,6900,2,16-11-2024,Completed,13306.67
6901,6901,6901,6,08-07-2023,Completed,2653.24
6902,6902,6902,6,20-11-2024,Completed,8116.62
6903,6903,6903,6,28-02-2024,Completed,9898.91
6904,6904,6904,-2,14-09-2023,NA,12725.77
6905,6905,6905,7,22-12-2024,Completed,14463.49
6906,6906,6906,9,23-08-2023,NA,7860.31
6907,6907,6907,4,20-07-2025,Completed,9435.1
6908,6908,6908,7,06-11-2025,Pending,9099.22
6909,6909,6909,1,13-12-2024,Pending,12482.12
6910,6910,6910,8,13-11-2024,Completed,56.79
6911,6911,6911,-2,05-10-2025,NA,0
6912,6912,6912,8,21-11-2023,Cancelled,130.94
6913,6913,6913,10,04-02-2026,NA,11680.23
6914,6914,6914,9,05-04-2025,Completed,0
6915,6915,6915,0,20-12-2023,Pending,7784.41
6916,6916,6916,10,14-11-2025,Completed,14404.64
6917,6917,6917,10,07-04-2024,Completed,0
6918,6918,6918,10,11-10-2023,Completed,4349.19
6919,6919,6919,9,20-05-2023,Cancelled,569.83
6920,6920,6920,3,30-11-2024,Pending,8862.93
6921,6921,6921,9,14-04-2024,Cancelled,13102.39
6922,6922,6922,5,08-02-2025,Completed,4615.68
6923,6923,6923,10,20-07-2024,NA,1424.46
6924,6924,6924,0,22-12-2024,NA,4088.03
6925,6925,6925,8,16-12-2023,Pending,2825.25
6926,6926,6926,-2,28-06-2023,Pending,12799.08
6927,6927,6927,4,23-11-2025,Pending,625.49
6928,6928,6928,8,01-07-2025,Completed,1830.08
6929,6929,6929,-2,04-01-2024,Pending,5376.7
6930,6930,6930,4,04-03-2025,Completed,6253.16
6931,6931,6931,-2,08-08-2025,NA,1942.3
6932,6932,6932,-2,10-05-2023,Cancelled,10830.94
6933,6933,6933,10,12-04-2026,Pending,12543.89
6934,6934,6934,0,17-05-2025,Cancelled,13204.57
6935,6935,6935,1,12-11-2025,Pending,4893.57
6936,6936,6936,0,19-05-2023,NA,11837.32
6937,6937,6937,3,01-02-2024,NA,13504.9
6938,6938,6938,4,27-09-2023,Pending,8249.66
6939,6939,6939,-2,26-11-2024,Pending,12510.87
6940,6940,6940,6,21-10-2023,Cancelled,11374.94
6941,6941,6941,0,04-05-2025,Cancelled,0
6942,6942,6942,3,15-07-2023,Pending,14668.16
6943,6943,6943,-2,04-12-2023,Completed,10326.26
6944,6944,6944,10,03-01-2024,Completed,8820.87
6945,6945,6945,2,21-11-2025,Cancelled,13448.66
6946,6946,6946,1,17-03-2026,Completed,8232.29
6947,6947,6947,5,27-09-2025,Completed,3751.07
6948,6948,6948,3,16-05-2023,NA,12075.42
6949,6949,6949,2,08-06-2025,NA,10835.37
6950,6950,6950,4,23-02-2024,Pending,4970.15
6951,6951,6951,4,15-02-2026,Pending,10295.91
6952,6952,6952,7,12-10-2025,Completed,11686.38
6953,6953,6953,5,28-11-2025,NA,7527.51
6954,6954,6954,-2,07-06-2024,Completed,406.07
6955,6955,6955,1,13-06-2023,Completed,10677.18
6956,6956,6956,1,25-01-2026,Completed,9579.6
6957,6957,6957,4,17-02-2024,Pending,7529.38
6958,6958,6958,8,12-01-2026,Pending,7280.68
6959,6959,6959,4,10-04-2026,NA,2262.87
6960,6960,6960,3,28-03-2025,Cancelled,11804.08
6961,6961,6961,1,08-03-2025,Cancelled,3098.39
6962,6962,6962,1,02-08-2023,Completed,0
6963,6963,6963,8,25-08-2023,Pending,6834.69
6964,6964,6964,4,04-04-2026,Pending,1615.51
6965,6965,6965,9,12-05-2025,Completed,2032.09
6966,6966,6966,0,25-02-2025,Completed,4507.29
6967,6967,6967,5,11-11-2025,Completed,8176.82
6968,6968,6968,1,10-03-2026,Completed,11456.03
6969,6969,6969,5,11-05-2023,Pending,9328.24
6970,6970,6970,7,07-03-2026,Completed,13036.98
6971,6971,6971,-2,15-06-2024,Completed,1475.49
6972,6972,6972,0,22-01-2025,NA,12563.97
6973,6973,6973,3,08-02-2024,Completed,1033.36
6974,6974,6974,4,20-09-2025,Completed,8651.06
6975,6975,6975,8,31-10-2024,Completed,3399.61
6976,6976,6976,6,06-06-2025,Completed,8795.65
6977,6977,6977,0,07-04-2025,Pending,2657.21
6978,6978,6978,6,24-01-2024,Completed,5547.47
6979,6979,6979,7,24-01-2026,Pending,4194.67
6980,6980,6980,6,28-06-2024,Completed,2320.89
6981,6981,6981,9,02-08-2024,Cancelled,190.01
6982,6982,6982,7,09-11-2024,Completed,2148.55
6983,6983,6983,6,12-03-2026,Completed,14706.73
6984,6984,6984,1,06-10-2023,Completed,9384.47
6985,6985,6985,10,05-07-2023,Cancelled,7589.7
6986,6986,6986,7,12-05-2023,Pending,9551.18
6987,6987,6987,8,07-07-2024,NA,10668.29
6988,6988,6988,4,11-04-2025,Cancelled,7867.66
6989,6989,6989,10,26-05-2024,NA,1492.43
6990,6990,6990,10,14-03-2026,NA,12794.68
6991,6991,6991,8,11-10-2025,Cancelled,2983.4
6992,6992,6992,6,26-08-2024,Pending,9670.51
6993,6993,6993,2,04-02-2025,Completed,6278.94
6994,6994,6994,-2,05-09-2023,Completed,4492
6995,6995,6995,6,27-01-2026,Pending,900.33
6996,6996,6996,8,03-09-2024,Cancelled,5602.74
6997,6997,6997,7,16-01-2024,Completed,1353.98
6998,6998,6998,10,22-02-2025,Pending,0
6999,6999,6999,4,01-10-2024,Pending,2120.45
7000,7000,7000,5,06-04-2026,Cancelled,8647.2
7001,7001,7001,5,13-02-2024,Completed,11520.04
7002,7002,7002,7,14-04-2026,Pending,502.51
7003,7003,7003,6,28-07-2023,Pending,14764.7
7004,7004,7004,4,07-07-2023,Completed,3434.13
7005,7005,7005,2,01-03-2024,NA,0
7006,7006,7006,3,05-08-2023,NA,453.12
7007,7007,7007,9,26-12-2023,NA,14773.33
7008,7008,7008,10,11-11-2025,Completed,1652.59
7009,7009,7009,5,04-10-2023,Completed,12835.03
7010,7010,7010,1,30-11-2024,Completed,4557.01
7011,7011,7011,2,20-05-2025,Pending,3742.61
7012,7012,7012,7,23-11-2025,NA,11932.81
7013,7013,7013,9,25-10-2025,Pending,2655.95
7014,7014,7014,0,08-09-2025,Completed,13100.52
7015,7015,7015,3,24-07-2024,Cancelled,3563.23
7016,7016,7016,5,26-12-2024,Completed,4115.44
7017,7017,7017,9,14-11-2025,Completed,4567.98
7018,7018,7018,4,06-12-2024,Pending,4636.41
7019,7019,7019,10,03-02-2025,Pending,1592.04
7020,7020,7020,8,17-02-2026,Completed,3581.03
7021,7021,7021,1,17-11-2024,NA,7247.26
7022,7022,7022,2,31-03-2026,Completed,8120.64
7023,7023,7023,9,09-12-2025,Pending,6709.95
7024,7024,7024,7,26-07-2025,Cancelled,6286.49
7025,7025,7025,5,25-08-2023,Pending,2319.81
7026,7026,7026,0,28-12-2024,NA,10215.74
7027,7027,7027,0,11-02-2025,NA,13364.89
7028,7028,7028,1,05-09-2024,Completed,8739.64
7029,7029,7029,7,16-10-2023,NA,5638.25
7030,7030,7030,-2,19-12-2024,Cancelled,8128.52
7031,7031,7031,8,18-06-2024,Completed,10822.64
7032,7032,7032,2,15-07-2025,Completed,13326.52
7033,7033,7033,1,12-03-2025,Completed,2488.08
7034,7034,7034,4,20-07-2025,Completed,14177.3
7035,7035,7035,7,10-03-2025,Pending,13569.73
7036,7036,7036,2,07-01-2026,NA,10995.78
7037,7037,7037,2,04-05-2024,NA,2925.39
7038,7038,7038,4,07-06-2024,Pending,1965.38
7039,7039,7039,3,14-07-2023,Pending,4481.51
7040,7040,7040,9,30-10-2023,NA,727.59
7041,7041,7041,6,05-03-2026,Cancelled,167.63
7042,7042,7042,7,30-05-2023,Completed,9970.04
7043,7043,7043,8,29-10-2023,Pending,1495.56
7044,7044,7044,0,05-01-2025,Completed,6818.33
7045,7045,7045,7,27-12-2024,Cancelled,3059.81
7046,7046,7046,7,19-06-2023,Completed,4838.02
7047,7047,7047,2,27-04-2024,Completed,0
7048,7048,7048,3,17-04-2026,NA,1744.87
7049,7049,7049,4,08-05-2024,Cancelled,14207.18
7050,7050,7050,3,27-10-2024,Cancelled,2518.55
7051,7051,7051,2,01-08-2023,Completed,5549.12
7052,7052,7052,2,09-09-2025,NA,4024.22
7053,7053,7053,4,27-12-2025,Completed,6183.88
7054,7054,7054,10,28-09-2023,Completed,0
7055,7055,7055,10,04-02-2025,NA,10166.97
7056,7056,7056,10,21-10-2023,Completed,6692.66
7057,7057,7057,3,01-10-2023,Pending,11666.88
7058,7058,7058,2,02-11-2024,Completed,11350.73
7059,7059,7059,1,30-01-2024,Completed,8307.56
7060,7060,7060,10,02-11-2023,Completed,7397.41
7061,7061,7061,3,19-07-2025,Pending,7760.93
7062,7062,7062,7,23-10-2023,Cancelled,9664.53
7063,7063,7063,3,01-09-2025,Completed,299.67
7064,7064,7064,2,11-07-2025,Cancelled,8738.62
7065,7065,7065,10,03-01-2025,Completed,7430.79
7066,7066,7066,9,08-04-2025,NA,4246.22
7067,7067,7067,6,23-04-2024,Completed,4023.83
7068,7068,7068,2,28-05-2024,Completed,2204.96
7069,7069,7069,0,14-02-2024,Completed,567.62
7070,7070,7070,4,18-08-2023,NA,10049.2
7071,7071,7071,7,20-07-2025,NA,11534.21
7072,7072,7072,2,31-12-2024,Completed,399.36
7073,7073,7073,5,12-12-2024,NA,6653.68
7074,7074,7074,10,22-12-2025,Pending,1345.88
7075,7075,7075,8,11-07-2024,NA,1762.57
7076,7076,7076,2,24-07-2023,Completed,11335.4
7077,7077,7077,7,20-06-2025,Completed,13947.18
7078,7078,7078,2,25-03-2024,NA,2078
7079,7079,7079,2,11-09-2025,Pending,9482.63
7080,7080,7080,3,21-08-2023,Pending,10726.94
7081,7081,7081,2,31-08-2024,Completed,11876.25
7082,7082,7082,2,05-04-2026,NA,9189.17
7083,7083,7083,4,24-06-2024,Completed,10217.81
7084,7084,7084,1,18-12-2023,Pending,4308.31
7085,7085,7085,-2,09-06-2024,Completed,6740.56
7086,7086,7086,10,22-03-2026,Completed,13754.44
7087,7087,7087,5,25-09-2025,Completed,0
7088,7088,7088,0,10-12-2025,Cancelled,11247.54
7089,7089,7089,8,27-08-2025,Cancelled,10710.47
7090,7090,7090,10,14-09-2023,NA,9559
7091,7091,7091,-2,24-09-2025,NA,12311.68
7092,7092,7092,3,07-10-2024,Completed,0
7093,7093,7093,10,08-07-2023,Pending,6026.14
7094,7094,7094,1,07-03-2025,Completed,2269.56
7095,7095,7095,2,08-10-2024,Completed,5525.38
7096,7096,7096,8,05-05-2024,Cancelled,3688.12
7097,7097,7097,7,06-11-2025,Cancelled,4834.29
7098,7098,7098,10,22-07-2023,Completed,13455.77
7099,7099,7099,4,05-05-2024,NA,5664.16
7100,7100,7100,7,16-12-2025,Cancelled,9806.73
7101,7101,7101,-2,11-10-2025,Completed,10112.67
7102,7102,7102,0,28-01-2026,Pending,4755.03
7103,7103,7103,3,07-05-2024,Pending,14864.92
7104,7104,7104,2,10-08-2025,NA,2043.53
7105,7105,7105,8,17-09-2025,NA,4472.78
7106,7106,7106,10,10-09-2024,Cancelled,4718.88
7107,7107,7107,9,22-04-2025,Completed,7568.27
7108,7108,7108,3,10-09-2024,Cancelled,6496.17
7109,7109,7109,4,21-05-2024,NA,432.31
7110,7110,7110,8,08-09-2023,Cancelled,14714.24
7111,7111,7111,0,03-05-2024,Completed,2356.53
7112,7112,7112,3,20-05-2023,Completed,147.79
7113,7113,7113,8,04-11-2023,NA,5572.23
7114,7114,7114,10,02-02-2024,Cancelled,649.09
7115,7115,7115,7,18-06-2023,Completed,1535.61
7116,7116,7116,5,28-08-2023,NA,10370.62
7117,7117,7117,7,27-02-2026,Cancelled,13960.32
7118,7118,7118,7,11-02-2026,Pending,6726.74
7119,7119,7119,1,10-08-2023,Pending,6873.83
7120,7120,7120,1,23-11-2024,Completed,4776.64
7121,7121,7121,9,11-09-2025,Completed,2468.9
7122,7122,7122,-2,20-04-2024,Pending,496.07
7123,7123,7123,0,01-05-2026,Cancelled,10014.89
7124,7124,7124,5,23-02-2024,Completed,2219.28
7125,7125,7125,7,03-10-2025,Pending,8495.67
7126,7126,7126,7,13-06-2023,NA,3007.12
7127,7127,7127,2,25-01-2024,Completed,1516.02
7128,7128,7128,-2,02-12-2023,NA,440.05
7129,7129,7129,4,05-11-2023,Completed,8398.11
7130,7130,7130,2,10-02-2026,Completed,9345.99
7131,7131,7131,0,03-05-2026,Completed,2087.61
7132,7132,7132,8,27-10-2024,Completed,8606.55
7133,7133,7133,7,27-02-2025,Completed,3801.96
7134,7134,7134,4,27-06-2024,Cancelled,9567.69
7135,7135,7135,-2,11-07-2024,NA,7345.7
7136,7136,7136,6,05-12-2024,Pending,13607.41
7137,7137,7137,4,03-04-2025,Pending,14600.31
7138,7138,7138,9,16-04-2025,Cancelled,1513.97
7139,7139,7139,4,13-08-2023,Pending,7849.92
7140,7140,7140,-2,15-11-2025,Pending,312.16
7141,7141,7141,4,06-09-2023,Pending,1418.56
7142,7142,7142,3,23-11-2024,Completed,2906.52
7143,7143,7143,9,17-02-2024,NA,8072.27
7144,7144,7144,3,02-11-2023,Cancelled,6311.81
7145,7145,7145,4,25-08-2023,Cancelled,6549.03
7146,7146,7146,-2,28-12-2025,Cancelled,13422.51
7147,7147,7147,9,22-08-2024,Completed,13153.56
7148,7148,7148,4,25-01-2024,Pending,10559.5
7149,7149,7149,9,02-02-2024,Pending,10614.57
7150,7150,7150,6,24-05-2023,Completed,4471.25
7151,7151,7151,8,06-06-2024,Completed,10404
7152,7152,7152,7,21-11-2023,Completed,791.89
7153,7153,7153,10,23-08-2025,Cancelled,14142.31
7154,7154,7154,6,20-09-2024,Completed,629.76
7155,7155,7155,10,23-08-2025,Cancelled,1577.96
7156,7156,7156,-2,09-12-2024,NA,6953.94
7157,7157,7157,4,07-11-2024,NA,7873.08
7158,7158,7158,7,16-09-2025,Cancelled,6648.73
7159,7159,7159,4,10-02-2025,Completed,3913.48
7160,7160,7160,3,01-08-2024,Completed,7384.8
7161,7161,7161,1,13-04-2024,Completed,3532.59
7162,7162,7162,4,24-04-2024,Pending,10564.11
7163,7163,7163,10,16-11-2025,Pending,6367.61
7164,7164,7164,0,26-03-2025,Completed,5372.24
7165,7165,7165,9,12-11-2024,Completed,8663.81
7166,7166,7166,3,11-06-2024,Cancelled,2182.96
7167,7167,7167,2,16-06-2023,Cancelled,2485.4
7168,7168,7168,6,29-08-2024,Cancelled,2342
7169,7169,7169,9,21-11-2024,Pending,5269.67
7170,7170,7170,3,28-02-2025,Cancelled,6134.37
7171,7171,7171,10,05-05-2025,Completed,3254.6
7172,7172,7172,4,25-02-2025,Cancelled,6972.07
7173,7173,7173,2,07-06-2025,Completed,11692.49
7174,7174,7174,1,27-09-2024,Pending,10943.2
7175,7175,7175,1,17-11-2025,NA,1110.73
7176,7176,7176,1,22-01-2026,Completed,2365.02
7177,7177,7177,3,05-11-2023,Completed,1813.54
7178,7178,7178,2,28-11-2023,Pending,2440.24
7179,7179,7179,9,12-04-2024,Completed,8879.24
7180,7180,7180,-2,20-12-2025,Cancelled,11067.75
7181,7181,7181,6,29-04-2024,Cancelled,7200.75
7182,7182,7182,6,02-06-2025,Completed,7997.47
7183,7183,7183,7,06-12-2024,Completed,13747.28
7184,7184,7184,10,31-12-2024,Completed,529.39
7185,7185,7185,9,09-01-2025,NA,11546.73
7186,7186,7186,8,20-07-2023,Pending,10263.3
7187,7187,7187,9,31-05-2025,NA,7367.55
7188,7188,7188,6,07-08-2024,Completed,6762.94
7189,7189,7189,2,04-08-2023,Pending,3010.81
7190,7190,7190,6,13-08-2025,NA,7819.04
7191,7191,7191,4,10-03-2026,NA,13351.58
7192,7192,7192,10,18-05-2025,Cancelled,11698.54
7193,7193,7193,2,22-07-2023,Completed,4660.11
7194,7194,7194,8,08-02-2024,Completed,8011.33
7195,7195,7195,2,04-09-2024,Completed,509.07
7196,7196,7196,9,23-04-2026,Completed,6432.22
7197,7197,7197,8,18-03-2024,Cancelled,8543.9
7198,7198,7198,3,20-10-2025,Cancelled,9124.78
7199,7199,7199,4,02-07-2025,Cancelled,0
7200,7200,7200,4,02-04-2025,Completed,14374.99
7201,7201,7201,-2,06-04-2024,Completed,2116.57
7202,7202,7202,4,22-07-2025,Completed,1314.55
7203,7203,7203,0,25-12-2025,Completed,2223.36
7204,7204,7204,-2,25-02-2024,NA,14984.61
7205,7205,7205,-2,16-02-2024,NA,9913.15
7206,7206,7206,10,31-07-2024,NA,5474.74
7207,7207,7207,2,06-11-2025,Pending,1714.77
7208,7208,7208,8,24-12-2023,Cancelled,1109.4
7209,7209,7209,4,17-10-2025,Completed,1538.84
7210,7210,7210,7,01-02-2026,Completed,3078.87
7211,7211,7211,0,28-04-2025,Cancelled,11329.7
7212,7212,7212,0,21-06-2024,NA,12648.58
7213,7213,7213,10,14-04-2026,NA,13883.93
7214,7214,7214,2,31-01-2025,Completed,4550.6
7215,7215,7215,0,21-04-2025,Completed,3924.34
7216,7216,7216,10,20-07-2025,Cancelled,14467.95
7217,7217,7217,4,30-07-2023,Cancelled,2399.31
7218,7218,7218,4,15-11-2025,NA,14551.18
7219,7219,7219,3,10-01-2026,Cancelled,10784.87
7220,7220,7220,-2,16-02-2024,Cancelled,707.58
7221,7221,7221,1,19-10-2025,Pending,0
7222,7222,7222,9,18-03-2024,Completed,457.14
7223,7223,7223,4,03-05-2025,Completed,2668.31
7224,7224,7224,6,07-08-2024,Pending,14183.31
7225,7225,7225,0,04-02-2024,Completed,4512.34
7226,7226,7226,2,08-03-2026,NA,3951.45
7227,7227,7227,6,04-07-2024,Completed,1088.81
7228,7228,7228,0,30-12-2023,Cancelled,11894.59
7229,7229,7229,0,11-07-2023,Completed,5938.21
7230,7230,7230,9,18-08-2025,Pending,14330.21
7231,7231,7231,10,26-12-2025,NA,7536.37
7232,7232,7232,7,07-04-2026,Completed,3885.29
7233,7233,7233,0,06-12-2024,Cancelled,13508.66
7234,7234,7234,7,11-08-2024,Cancelled,7192.36
7235,7235,7235,-2,01-04-2026,Completed,10133.27
7236,7236,7236,0,26-12-2025,Completed,5054.34
7237,7237,7237,4,26-09-2024,NA,2077.9
7238,7238,7238,1,14-09-2023,NA,10455.94
7239,7239,7239,9,23-01-2025,Completed,9443.39
7240,7240,7240,-2,26-06-2025,Pending,6078.15
7241,7241,7241,6,07-01-2025,NA,7332.1
7242,7242,7242,3,25-12-2024,Cancelled,10052.23
7243,7243,7243,4,03-06-2025,Completed,7742.02
7244,7244,7244,8,06-08-2023,Completed,4804.44
7245,7245,7245,7,11-09-2025,Cancelled,7554.56
7246,7246,7246,3,03-09-2025,Completed,3991.13
7247,7247,7247,2,03-07-2025,Cancelled,8739.34
7248,7248,7248,9,31-03-2025,NA,5252.52
7249,7249,7249,7,15-01-2026,Completed,2217.34
7250,7250,7250,3,06-07-2024,Completed,10166.19
7251,7251,7251,4,03-02-2024,Pending,9585.13
7252,7252,7252,7,27-06-2024,Completed,10407.64
7253,7253,7253,5,11-09-2024,NA,4137.63
7254,7254,7254,8,02-02-2025,Cancelled,10761.29
7255,7255,7255,10,19-04-2026,Completed,3538.78
7256,7256,7256,8,12-09-2023,Cancelled,7003.16
7257,7257,7257,6,23-03-2025,Pending,553.7
7258,7258,7258,10,08-01-2024,NA,1020.88
7259,7259,7259,8,23-01-2025,Pending,13996.14
7260,7260,7260,7,02-11-2025,NA,173.23
7261,7261,7261,1,22-06-2023,Cancelled,13524.64
7262,7262,7262,6,03-02-2026,Completed,5866.86
7263,7263,7263,5,05-10-2024,Completed,12991.11
7264,7264,7264,3,08-10-2024,Completed,0
7265,7265,7265,3,20-08-2023,Pending,4615.5
7266,7266,7266,3,14-05-2023,Cancelled,929.86
7267,7267,7267,-2,13-05-2023,Pending,12433.38
7268,7268,7268,6,23-12-2023,Cancelled,5611.53
7269,7269,7269,5,14-05-2023,NA,11232.62
7270,7270,7270,4,08-03-2024,Completed,9132.22
7271,7271,7271,8,08-02-2025,NA,1182.37
7272,7272,7272,1,15-03-2024,Cancelled,1771.63
7273,7273,7273,-2,10-11-2024,Completed,11224.28
7274,7274,7274,9,27-05-2025,Pending,9926.29
7275,7275,7275,-2,29-04-2024,NA,2518.71
7276,7276,7276,9,05-01-2024,Pending,14423.97
7277,7277,7277,-2,09-03-2026,NA,7987.84
7278,7278,7278,0,07-02-2026,Completed,50.71
7279,7279,7279,9,11-08-2024,Completed,488.77
7280,7280,7280,4,17-02-2024,Completed,14817.95
7281,7281,7281,10,07-04-2025,Completed,12197.61
7282,7282,7282,5,22-01-2024,Completed,0
7283,7283,7283,6,07-04-2026,NA,14406.05
7284,7284,7284,-2,08-10-2024,NA,14933.99
7285,7285,7285,8,17-09-2024,Completed,0
7286,7286,7286,-2,15-11-2025,NA,3040.22
7287,7287,7287,3,21-05-2025,Completed,10958.92
7288,7288,7288,3,05-08-2023,Completed,782.91
7289,7289,7289,3,08-02-2025,NA,12514.12
7290,7290,7290,2,21-04-2026,Pending,0
7291,7291,7291,4,04-07-2025,NA,6918.1
7292,7292,7292,8,09-02-2025,Completed,11094.91
7293,7293,7293,8,05-01-2026,NA,11840.86
7294,7294,7294,4,15-11-2025,Completed,14713.32
7295,7295,7295,1,24-09-2023,Completed,1892.91
7296,7296,7296,-2,23-09-2024,NA,10281.1
7297,7297,7297,9,01-07-2024,Completed,13994.62
7298,7298,7298,4,16-03-2024,Completed,2224.38
7299,7299,7299,4,06-11-2023,Cancelled,9024.05
7300,7300,7300,4,06-10-2024,Completed,1941.49
7301,7301,7301,2,09-08-2024,NA,4229.54
7302,7302,7302,7,02-09-2024,Completed,7743.23
7303,7303,7303,1,09-03-2024,Pending,11182.93
7304,7304,7304,5,01-09-2024,Completed,1796.46
7305,7305,7305,6,24-05-2024,Completed,14909.58
7306,7306,7306,10,05-04-2025,Pending,5928.97
7307,7307,7307,10,18-08-2024,Pending,0
7308,7308,7308,0,17-03-2025,Pending,6523.44
7309,7309,7309,6,25-04-2024,NA,12770.32
7310,7310,7310,10,02-02-2024,NA,4755.3
7311,7311,7311,10,01-03-2024,Completed,4464.43
7312,7312,7312,10,14-04-2025,Cancelled,1728.87
7313,7313,7313,-2,27-11-2024,Cancelled,3784.91
7314,7314,7314,-2,10-09-2024,Cancelled,1022.76
7315,7315,7315,5,25-09-2023,NA,11631.1
7316,7316,7316,-2,31-07-2024,NA,243.75
7317,7317,7317,1,17-08-2024,Cancelled,10420.97
7318,7318,7318,-2,14-11-2023,Cancelled,1430.68
7319,7319,7319,10,13-02-2026,Completed,5434.01
7320,7320,7320,7,20-03-2026,Completed,8731.24
7321,7321,7321,-2,09-10-2025,Pending,3602.71
7322,7322,7322,-2,30-10-2023,Completed,9836.05
7323,7323,7323,8,22-06-2023,Pending,0
7324,7324,7324,8,19-05-2023,Completed,13747
7325,7325,7325,10,19-08-2023,Cancelled,4675.18
7326,7326,7326,4,13-12-2025,Completed,14538.19
7327,7327,7327,2,08-02-2025,Pending,10045.17
7328,7328,7328,2,11-06-2023,Completed,3133.77
7329,7329,7329,0,02-11-2025,NA,11672.8
7330,7330,7330,-2,11-03-2024,Completed,8377.1
7331,7331,7331,3,30-07-2024,Completed,14752.72
7332,7332,7332,0,17-01-2024,Cancelled,8441.77
7333,7333,7333,7,13-09-2025,Completed,10596.09
7334,7334,7334,-2,07-06-2024,Pending,4657.19
7335,7335,7335,5,22-09-2024,Completed,6501.49
7336,7336,7336,3,02-12-2023,Pending,3759.51
7337,7337,7337,-2,27-02-2026,Completed,9574.66
7338,7338,7338,4,12-01-2026,Completed,11356.46
7339,7339,7339,7,26-01-2026,Completed,2264.23
7340,7340,7340,4,17-12-2025,Pending,12747.59
7341,7341,7341,9,19-11-2025,Pending,13839.14
7342,7342,7342,4,15-12-2025,NA,14184.26
7343,7343,7343,1,16-10-2024,Pending,13549.19
7344,7344,7344,9,21-05-2025,NA,8766.47
7345,7345,7345,5,01-10-2025,Completed,10858.28
7346,7346,7346,3,29-03-2024,NA,4158.92
7347,7347,7347,9,18-04-2026,Completed,5938.7
7348,7348,7348,-2,28-06-2025,NA,2285.23
7349,7349,7349,9,02-09-2024,Completed,2870.59
7350,7350,7350,4,30-11-2023,NA,6620.45
7351,7351,7351,3,29-12-2024,Pending,14179.98
7352,7352,7352,4,13-01-2025,NA,10124.92
7353,7353,7353,9,10-11-2025,NA,6331.42
7354,7354,7354,2,11-04-2026,Completed,10692.74
7355,7355,7355,8,26-04-2025,Completed,6449.51
7356,7356,7356,6,13-11-2023,Completed,3868.23
7357,7357,7357,10,12-07-2023,NA,14831.98
7358,7358,7358,6,19-03-2024,Pending,14491.74
7359,7359,7359,8,27-01-2025,Cancelled,9131.07
7360,7360,7360,4,23-04-2025,Cancelled,12063.55
7361,7361,7361,4,21-03-2025,Completed,6344.9
7362,7362,7362,4,06-01-2025,Completed,14698.34
7363,7363,7363,4,03-12-2023,Cancelled,9248.1
7364,7364,7364,-2,23-01-2024,NA,1773.81
7365,7365,7365,9,03-04-2024,Cancelled,13923.81
7366,7366,7366,1,22-01-2025,Cancelled,14610.04
7367,7367,7367,5,02-01-2026,Cancelled,12756.23
7368,7368,7368,7,01-01-2025,NA,13217.86
7369,7369,7369,-2,13-05-2023,Pending,8012.57
7370,7370,7370,4,03-02-2026,NA,11253.85
7371,7371,7371,7,03-09-2024,Pending,10386.9
7372,7372,7372,2,02-09-2023,Completed,10692.84
7373,7373,7373,-2,30-08-2024,Completed,4424.91
7374,7374,7374,4,05-05-2025,Completed,5726.32
7375,7375,7375,4,11-10-2023,NA,8165.79
7376,7376,7376,4,03-11-2023,NA,13004.39
7377,7377,7377,4,06-03-2026,Completed,12926.74
7378,7378,7378,4,20-06-2024,Completed,7544.53
7379,7379,7379,0,23-10-2023,Completed,11128.04
7380,7380,7380,5,29-09-2024,Cancelled,9370.31
7381,7381,7381,8,31-10-2025,Cancelled,2015.7
7382,7382,7382,5,09-02-2025,Completed,653.14
7383,7383,7383,8,03-08-2025,NA,7728.38
7384,7384,7384,4,20-08-2023,Cancelled,10015.27
7385,7385,7385,8,23-03-2025,Completed,4764.29
7386,7386,7386,4,28-04-2025,Pending,6300.64
7387,7387,7387,9,01-05-2026,Completed,11572.39
7388,7388,7388,-2,28-01-2024,Completed,4848.48
7389,7389,7389,7,01-09-2024,Pending,11472.85
7390,7390,7390,7,29-10-2023,Completed,300.13
7391,7391,7391,6,10-12-2023,Cancelled,216.12
7392,7392,7392,1,02-12-2023,NA,14766.7
7393,7393,7393,6,23-10-2023,NA,6263.75
7394,7394,7394,10,27-12-2024,Completed,10361.27
7395,7395,7395,1,30-07-2023,Pending,2033.2
7396,7396,7396,7,06-07-2024,Cancelled,5060.57
7397,7397,7397,3,24-10-2023,Cancelled,12330.86
7398,7398,7398,9,01-06-2024,Completed,8710.77
7399,7399,7399,3,03-08-2025,NA,4096.75
7400,7400,7400,2,28-02-2024,Completed,11004.97
7401,7401,7401,7,05-12-2024,NA,2177.45
7402,7402,7402,8,01-03-2024,Completed,2666.01
7403,7403,7403,4,29-12-2025,NA,2602.21
7404,7404,7404,0,26-06-2024,NA,8988.02
7405,7405,7405,-2,13-08-2023,Completed,12234.84
7406,7406,7406,2,23-05-2023,Pending,6623.18
7407,7407,7407,3,25-10-2025,Cancelled,9495.68
7408,7408,7408,2,19-04-2026,Completed,7174.56
7409,7409,7409,5,25-07-2024,Completed,2968.89
7410,7410,7410,-2,19-04-2024,Cancelled,3138.77
7411,7411,7411,4,05-05-2024,NA,9169.05
7412,7412,7412,5,23-02-2026,Completed,7128.73
7413,7413,7413,4,19-07-2023,Pending,13573.81
7414,7414,7414,0,25-04-2025,Cancelled,6855.48
7415,7415,7415,7,04-12-2023,Completed,6027.27
7416,7416,7416,8,28-04-2024,NA,4331.97
7417,7417,7417,6,29-04-2026,Completed,0
7418,7418,7418,7,13-11-2025,Cancelled,6305.67
7419,7419,7419,5,17-06-2024,NA,403.15
7420,7420,7420,2,08-07-2025,Completed,8988.51
7421,7421,7421,8,20-03-2026,Pending,6807.51
7422,7422,7422,9,08-11-2023,Pending,13738.02
7423,7423,7423,4,01-06-2024,Completed,2069.34
7424,7424,7424,8,26-12-2023,Cancelled,12926.06
7425,7425,7425,2,08-05-2024,Pending,7928.5
7426,7426,7426,4,05-10-2024,Pending,14875.46
7427,7427,7427,2,06-02-2026,NA,10040.33
7428,7428,7428,3,27-12-2024,Completed,6896.4
7429,7429,7429,3,13-06-2025,Completed,13270.85
7430,7430,7430,9,16-04-2026,Completed,13261.2
7431,7431,7431,4,26-03-2026,NA,246.96
7432,7432,7432,0,20-01-2024,Completed,11072.43
7433,7433,7433,10,07-07-2024,Completed,4104.01
7434,7434,7434,1,04-12-2024,Completed,9243.92
7435,7435,7435,8,10-01-2025,Completed,4390.5
7436,7436,7436,2,03-04-2024,Completed,7418.62
7437,7437,7437,2,15-11-2024,NA,3676.36
7438,7438,7438,-2,20-08-2024,Completed,14963.95
7439,7439,7439,4,22-08-2023,Cancelled,14644.53
7440,7440,7440,9,15-04-2024,Completed,13733.88
7441,7441,7441,3,29-11-2024,Pending,2298.47
7442,7442,7442,1,25-08-2024,Pending,14641.4
7443,7443,7443,0,05-08-2023,Pending,9092.31
7444,7444,7444,-2,22-10-2023,Pending,7291.96
7445,7445,7445,10,03-03-2026,Pending,14249.91
7446,7446,7446,8,29-04-2024,Cancelled,6683.82
7447,7447,7447,-2,14-02-2026,Completed,275.1
7448,7448,7448,5,08-05-2023,NA,11831.97
7449,7449,7449,6,03-03-2026,Cancelled,6219.08
7450,7450,7450,0,26-11-2025,Pending,11680.55
7451,7451,7451,2,10-07-2023,Pending,10856.25
7452,7452,7452,10,05-04-2026,Pending,1691.84
7453,7453,7453,6,24-12-2025,Cancelled,14070.47
7454,7454,7454,2,25-07-2024,Completed,11103.81
7455,7455,7455,4,07-02-2024,Completed,6416.08
7456,7456,7456,6,08-05-2025,NA,6373.38
7457,7457,7457,10,02-05-2025,Pending,10890.5
7458,7458,7458,0,15-12-2024,NA,7562.7
7459,7459,7459,4,14-05-2024,Completed,8908.49
7460,7460,7460,9,25-07-2025,Completed,6577.85
7461,7461,7461,-2,19-04-2025,Cancelled,6852.82
7462,7462,7462,8,02-02-2026,Cancelled,10647.57
7463,7463,7463,0,31-10-2024,Completed,9211.46
7464,7464,7464,4,09-03-2024,Completed,3778.07
7465,7465,7465,9,03-05-2026,NA,0
7466,7466,7466,7,14-01-2024,Completed,2610.85
7467,7467,7467,6,08-12-2024,Cancelled,50.75
7468,7468,7468,5,13-12-2024,Completed,11143.35
7469,7469,7469,8,15-03-2024,Completed,5530.87
7470,7470,7470,0,04-10-2025,Pending,255.66
7471,7471,7471,0,28-12-2024,Completed,1050.03
7472,7472,7472,10,09-04-2026,Completed,14322.52
7473,7473,7473,10,30-09-2023,Completed,3467.66
7474,7474,7474,10,01-11-2023,NA,12311.93
7475,7475,7475,4,15-02-2026,NA,6109.68
7476,7476,7476,4,07-01-2026,Completed,12430.52
7477,7477,7477,6,11-01-2026,NA,4798.82
7478,7478,7478,4,06-07-2024,NA,5804.98
7479,7479,7479,4,08-06-2024,Completed,11643.24
7480,7480,7480,4,22-10-2025,Completed,5583.34
7481,7481,7481,9,05-12-2024,Pending,4556.85
7482,7482,7482,8,30-09-2025,NA,12106.13
7483,7483,7483,3,12-05-2023,Pending,10500.21
7484,7484,7484,4,29-09-2023,Cancelled,10844.17
7485,7485,7485,7,23-01-2024,Completed,13036.16
7486,7486,7486,10,23-08-2025,Cancelled,6815.31
7487,7487,7487,1,23-01-2024,Pending,10728.21
7488,7488,7488,0,05-05-2026,Pending,4532.69
7489,7489,7489,-2,19-03-2025,NA,3870.54
7490,7490,7490,9,04-08-2024,Completed,6779.73
7491,7491,7491,1,14-10-2023,Pending,13543.26
7492,7492,7492,7,05-10-2023,NA,12383.32
7493,7493,7493,-2,18-05-2025,Pending,9449.68
7494,7494,7494,8,19-04-2025,Completed,1924.43
7495,7495,7495,6,28-10-2023,Completed,4512.35
7496,7496,7496,9,12-08-2024,NA,9555.47
7497,7497,7497,10,15-05-2024,Completed,6878.44
7498,7498,7498,3,19-09-2023,Pending,9360.08
7499,7499,7499,10,26-04-2024,Cancelled,2303.89
7500,7500,7500,10,20-04-2025,Pending,3996.78
7501,7501,7501,-2,24-04-2026,Pending,4496.01
7502,7502,7502,1,26-06-2023,NA,12806.97
7503,7503,7503,3,01-04-2026,Cancelled,11374
7504,7504,7504,3,06-11-2025,Completed,12937.65
7505,7505,7505,8,06-04-2024,Completed,10876.11
7506,7506,7506,-2,23-05-2023,Completed,4742.62
7507,7507,7507,5,15-05-2025,Completed,0
7508,7508,7508,8,05-03-2025,Pending,8893.3
7509,7509,7509,3,09-01-2026,Completed,2833.99
7510,7510,7510,6,30-06-2024,Cancelled,307.8
7511,7511,7511,9,12-10-2024,Cancelled,13474.45
7512,7512,7512,10,17-11-2024,Pending,10597.46
7513,7513,7513,-2,05-08-2023,Pending,13366.23
7514,7514,7514,1,28-01-2025,Completed,0
7515,7515,7515,3,31-01-2026,Completed,12407.07
7516,7516,7516,0,27-08-2024,Completed,8982.83
7517,7517,7517,6,23-05-2025,Completed,722.12
7518,7518,7518,-2,21-01-2026,NA,1521.96
7519,7519,7519,7,28-02-2025,NA,7757.84
7520,7520,7520,7,24-11-2025,Completed,5150.85
7521,7521,7521,10,09-10-2024,Cancelled,13932.67
7522,7522,7522,0,14-12-2023,Pending,14442.75
7523,7523,7523,2,16-07-2023,Cancelled,1604.97
7524,7524,7524,8,29-01-2024,Pending,5268.24
7525,7525,7525,2,02-10-2023,Cancelled,10931.18
7526,7526,7526,1,26-04-2024,Pending,11124.69
7527,7527,7527,4,18-03-2026,Cancelled,0
7528,7528,7528,0,20-11-2024,Completed,1078.2
7529,7529,7529,10,09-09-2024,Pending,5096.91
7530,7530,7530,6,21-08-2024,Completed,4231.4
7531,7531,7531,-2,15-06-2024,Completed,4465.49
7532,7532,7532,0,27-11-2025,NA,2958.99
7533,7533,7533,3,08-06-2025,Completed,6200.65
7534,7534,7534,5,26-08-2025,NA,12802.48
7535,7535,7535,8,17-01-2024,Completed,13208.99
7536,7536,7536,6,12-11-2025,Completed,12675.84
7537,7537,7537,1,04-06-2023,NA,714.34
7538,7538,7538,2,04-10-2024,Completed,4483.99
7539,7539,7539,0,26-04-2025,NA,1861.91
7540,7540,7540,4,26-01-2025,Completed,10564.1
7541,7541,7541,2,09-06-2025,Completed,4721.03
7542,7542,7542,6,26-01-2026,Completed,6081.54
7543,7543,7543,4,05-05-2024,Completed,13355.4
7544,7544,7544,3,08-02-2025,Cancelled,5738.34
7545,7545,7545,9,14-06-2025,Pending,2057.31
7546,7546,7546,9,14-05-2025,Pending,1682.91
7547,7547,7547,7,16-03-2025,Cancelled,13031.15
7548,7548,7548,6,22-01-2026,Cancelled,136.75
7549,7549,7549,-2,02-04-2026,Cancelled,11750.43
7550,7550,7550,4,22-05-2023,Completed,11123.45
7551,7551,7551,6,25-02-2025,NA,2237.35
7552,7552,7552,10,16-02-2025,Completed,8961.28
7553,7553,7553,0,14-11-2023,Cancelled,13011.52
7554,7554,7554,6,04-11-2025,Cancelled,7069.6
7555,7555,7555,0,12-11-2024,Pending,12173.58
7556,7556,7556,9,27-02-2026,Completed,6331.86
7557,7557,7557,-2,31-05-2025,NA,5433.08
7558,7558,7558,3,13-08-2023,NA,192.8
7559,7559,7559,4,26-05-2025,Completed,3906.99
7560,7560,7560,1,20-06-2024,Pending,14881.94
7561,7561,7561,4,12-12-2025,NA,11126.4
7562,7562,7562,5,05-10-2024,NA,2712.9
7563,7563,7563,3,11-10-2024,Pending,12922.82
7564,7564,7564,0,14-07-2025,Completed,13816.55
7565,7565,7565,9,16-04-2026,Pending,905.47
7566,7566,7566,8,18-10-2023,Pending,5196.23
7567,7567,7567,-2,31-01-2024,Pending,1909.55
7568,7568,7568,10,23-10-2024,Cancelled,1489.2
7569,7569,7569,3,01-07-2025,Completed,10006.27
7570,7570,7570,4,27-04-2025,Completed,4406.23
7571,7571,7571,0,24-12-2023,Completed,4793.78
7572,7572,7572,4,02-08-2024,NA,10927.31
7573,7573,7573,1,30-01-2025,Completed,6880.89
7574,7574,7574,10,24-04-2026,NA,12860.1
7575,7575,7575,2,22-10-2024,Cancelled,0
7576,7576,7576,0,30-04-2025,Completed,2213.89
7577,7577,7577,7,04-09-2025,Completed,11373.52
7578,7578,7578,10,21-09-2024,NA,12301.7
7579,7579,7579,0,08-03-2026,Pending,5816.02
7580,7580,7580,2,23-04-2025,NA,5685.81
7581,7581,7581,3,08-08-2023,Completed,130.7
7582,7582,7582,10,24-01-2024,Pending,9293.79
7583,7583,7583,4,19-03-2024,NA,4195.89
7584,7584,7584,9,02-05-2025,Completed,10547.45
7585,7585,7585,10,28-07-2023,Completed,6146.31
7586,7586,7586,4,20-04-2025,Pending,2619.38
7587,7587,7587,8,19-12-2025,Pending,13351.83
7588,7588,7588,1,11-05-2025,NA,7241.85
7589,7589,7589,5,03-02-2026,Completed,5484.97
7590,7590,7590,6,12-05-2025,Completed,14844.07
7591,7591,7591,1,08-03-2025,Completed,2306.88
7592,7592,7592,4,17-08-2023,NA,7986.38
7593,7593,7593,0,02-09-2024,Cancelled,10105.57
7594,7594,7594,0,14-06-2023,NA,6828.86
7595,7595,7595,1,22-10-2023,Cancelled,12891.38
7596,7596,7596,10,06-09-2023,Cancelled,9522.53
7597,7597,7597,5,30-11-2024,NA,1912.99
7598,7598,7598,1,25-08-2025,Completed,201.78
7599,7599,7599,7,23-11-2025,Completed,3508.88
7600,7600,7600,1,01-11-2023,Completed,7899.67
7601,7601,7601,9,29-02-2024,Cancelled,394.38
7602,7602,7602,10,24-10-2025,Completed,6340.18
7603,7603,7603,-2,09-09-2025,NA,10273.08
7604,7604,7604,1,19-10-2023,Completed,8057.27
7605,7605,7605,10,12-02-2025,Cancelled,4702.34
7606,7606,7606,-2,23-06-2024,NA,13585.81
7607,7607,7607,9,18-08-2023,Completed,12017.37
7608,7608,7608,6,22-04-2025,Completed,2530.36
7609,7609,7609,2,26-04-2026,Pending,5359.14
7610,7610,7610,0,11-09-2025,Completed,4332.51
7611,7611,7611,0,31-05-2025,Completed,3565.83
7612,7612,7612,4,06-09-2023,Pending,13752.13
7613,7613,7613,4,07-12-2023,NA,14074.98
7614,7614,7614,5,11-12-2024,NA,12097.54
7615,7615,7615,0,19-02-2024,Completed,7489.47
7616,7616,7616,8,03-01-2026,Completed,3864.5
7617,7617,7617,9,10-02-2024,Pending,14010.37
7618,7618,7618,-2,14-07-2024,Cancelled,2027.77
7619,7619,7619,9,27-07-2023,NA,1908.6
7620,7620,7620,8,30-10-2024,Completed,9665.76
7621,7621,7621,0,06-04-2026,Cancelled,1242
7622,7622,7622,-2,18-11-2025,Completed,6572.09
7623,7623,7623,10,19-02-2026,NA,9031.63
7624,7624,7624,7,18-02-2024,Completed,786.8
7625,7625,7625,-2,12-11-2024,Cancelled,12509.94
7626,7626,7626,5,25-02-2026,Completed,5103.62
7627,7627,7627,2,13-11-2023,Completed,7933.77
7628,7628,7628,9,28-11-2024,Completed,9402.7
7629,7629,7629,5,28-11-2023,Completed,11649.8
7630,7630,7630,7,26-04-2026,Completed,346.47
7631,7631,7631,1,02-10-2023,NA,391.9
7632,7632,7632,-2,28-03-2026,Completed,7402.24
7633,7633,7633,10,27-06-2024,NA,12679.86
7634,7634,7634,7,31-12-2025,Completed,12520.16
7635,7635,7635,5,10-04-2025,NA,6378.32
7636,7636,7636,3,17-04-2026,Completed,5533.3
7637,7637,7637,3,18-03-2026,Cancelled,8641.46
7638,7638,7638,10,23-01-2024,NA,6898.44
7639,7639,7639,0,22-12-2025,NA,11731.62
7640,7640,7640,7,22-10-2023,Pending,6481.77
7641,7641,7641,1,28-03-2024,NA,1507.71
7642,7642,7642,5,27-09-2023,Completed,5958.94
7643,7643,7643,4,20-02-2026,NA,11926.87
7644,7644,7644,4,04-09-2025,Cancelled,4038.55
7645,7645,7645,9,25-05-2024,Completed,14648.15
7646,7646,7646,10,16-09-2024,Completed,3431.95
7647,7647,7647,-2,11-12-2023,Completed,8322.55
7648,7648,7648,3,23-01-2025,Completed,7621.1
7649,7649,7649,5,03-04-2024,NA,9191.11
7650,7650,7650,10,27-08-2025,Cancelled,7223.86
7651,7651,7651,6,20-03-2026,Completed,14407.99
7652,7652,7652,5,31-10-2023,Completed,14034.35
7653,7653,7653,9,07-02-2024,Cancelled,6727.34
7654,7654,7654,8,19-09-2023,NA,3175.29
7655,7655,7655,-2,13-01-2024,Pending,9493.9
7656,7656,7656,1,02-06-2023,Completed,14221.48
7657,7657,7657,0,20-11-2023,Completed,11493.38
7658,7658,7658,6,30-10-2025,Completed,13616.4
7659,7659,7659,4,05-11-2025,Completed,9653.41
7660,7660,7660,1,20-07-2024,Completed,11431.48
7661,7661,7661,5,13-06-2025,Pending,8894.26
7662,7662,7662,1,08-10-2023,NA,5405.19
7663,7663,7663,6,03-10-2025,Completed,2835.6
7664,7664,7664,2,06-11-2023,Completed,7275.61
7665,7665,7665,8,16-03-2024,Completed,12320.6
7666,7666,7666,1,09-09-2025,Pending,7830.58
7667,7667,7667,7,27-05-2024,Pending,7963.44
7668,7668,7668,7,17-05-2024,Completed,5435.97
7669,7669,7669,7,12-10-2025,Cancelled,6369.74
7670,7670,7670,-2,25-04-2026,Pending,5061.84
7671,7671,7671,0,28-12-2024,Completed,12176.8
7672,7672,7672,1,21-05-2024,Completed,3356.78
7673,7673,7673,8,20-04-2026,Cancelled,10683.94
7674,7674,7674,7,04-07-2023,Completed,10231.9
7675,7675,7675,4,25-04-2026,Completed,5905.97
7676,7676,7676,8,15-11-2025,Pending,12271.46
7677,7677,7677,4,03-04-2025,Pending,9855.42
7678,7678,7678,4,13-08-2025,NA,14475.47
7679,7679,7679,9,20-07-2025,Pending,7273.79
7680,7680,7680,4,20-03-2024,Pending,9311.84
7681,7681,7681,4,08-12-2025,Cancelled,5348.24
7682,7682,7682,4,04-11-2023,Pending,4204.25
7683,7683,7683,10,06-10-2025,Cancelled,13710.73
7684,7684,7684,3,29-10-2025,Completed,3022.37
7685,7685,7685,4,12-02-2025,Completed,9244.15
7686,7686,7686,2,30-05-2025,Completed,2608.07
7687,7687,7687,-2,16-04-2024,Pending,11608.85
7688,7688,7688,5,14-05-2023,Completed,14571.53
7689,7689,7689,6,30-03-2024,Pending,14445.82
7690,7690,7690,6,22-03-2024,Cancelled,4673.63
7691,7691,7691,8,22-05-2024,Pending,6794.75
7692,7692,7692,9,01-05-2026,Cancelled,11880.88
7693,7693,7693,-2,03-08-2024,Completed,4048.01
7694,7694,7694,6,02-08-2024,Cancelled,11570.77
7695,7695,7695,1,13-02-2025,NA,13437.54
7696,7696,7696,5,21-06-2025,Completed,14024.44
7697,7697,7697,5,26-11-2025,NA,9007.38
7698,7698,7698,-2,22-03-2026,Cancelled,12523.74
7699,7699,7699,4,01-12-2024,Cancelled,11030.56
7700,7700,7700,8,18-07-2024,NA,3198.07
7701,7701,7701,4,18-01-2024,Completed,3805.91
7702,7702,7702,4,22-02-2025,Completed,4392.77
7703,7703,7703,1,21-04-2026,Pending,12176.29
7704,7704,7704,4,13-10-2025,NA,3802.2
7705,7705,7705,7,24-07-2023,Completed,1809.78
7706,7706,7706,4,29-04-2025,NA,2889.25
7707,7707,7707,4,02-03-2026,Completed,13620.04
7708,7708,7708,8,01-09-2024,Pending,2969.01
7709,7709,7709,4,09-01-2024,Completed,2488.79
7710,7710,7710,4,22-08-2024,Completed,877.57
7711,7711,7711,4,26-01-2024,Cancelled,14337.88
7712,7712,7712,4,05-07-2025,Completed,1083.31
7713,7713,7713,10,18-04-2026,Cancelled,4272.35
7714,7714,7714,10,07-01-2024,Pending,7977.95
7715,7715,7715,2,29-08-2025,Completed,10397.7
7716,7716,7716,2,10-12-2025,Completed,12679.45
7717,7717,7717,2,31-03-2026,NA,11081.95
7718,7718,7718,3,18-08-2025,NA,12653.84
7719,7719,7719,3,18-05-2023,NA,11525.26
7720,7720,7720,3,21-08-2023,Pending,5289.26
7721,7721,7721,2,29-09-2023,Cancelled,2318.66
7722,7722,7722,1,21-08-2025,Cancelled,14633.68
7723,7723,7723,9,19-10-2023,Completed,5212.77
7724,7724,7724,2,07-11-2023,NA,12772.55
7725,7725,7725,7,07-12-2024,Completed,11888.9
7726,7726,7726,6,02-11-2023,Completed,9206.82
7727,7727,7727,6,24-10-2025,NA,7473.53
7728,7728,7728,8,14-05-2023,Completed,719.46
7729,7729,7729,7,14-06-2025,NA,11367.13
7730,7730,7730,0,22-02-2024,Completed,9238.81
7731,7731,7731,9,14-11-2024,NA,5264.11
7732,7732,7732,7,23-10-2025,Completed,12020.63
7733,7733,7733,0,24-01-2026,Pending,10588.23
7734,7734,7734,10,11-07-2024,Cancelled,11958.33
7735,7735,7735,-2,24-03-2024,Completed,2574.69
7736,7736,7736,7,28-02-2024,NA,7957.33
7737,7737,7737,4,01-06-2024,Pending,1268.81
7738,7738,7738,2,03-08-2025,NA,4240.41
7739,7739,7739,10,07-09-2023,Completed,2208.62
7740,7740,7740,10,03-01-2025,Pending,3021.29
7741,7741,7741,3,24-01-2025,Completed,8107.71
7742,7742,7742,0,08-09-2025,NA,12431.92
7743,7743,7743,4,23-06-2025,NA,10459.02
7744,7744,7744,6,31-07-2024,NA,2533.91
7745,7745,7745,8,26-04-2026,Pending,2646.57
7746,7746,7746,9,18-06-2024,NA,9317.99
7747,7747,7747,10,24-03-2026,Pending,10855.71
7748,7748,7748,0,23-12-2024,NA,7855.33
7749,7749,7749,4,16-12-2024,Cancelled,12200.18
7750,7750,7750,8,30-07-2023,Completed,5189.39
7751,7751,7751,4,05-06-2025,Completed,1553.6
7752,7752,7752,7,16-12-2024,Completed,10159.94
7753,7753,7753,7,30-08-2023,Completed,6309.48
7754,7754,7754,9,02-12-2025,Cancelled,8678.17
7755,7755,7755,6,11-06-2024,Cancelled,13898.09
7756,7756,7756,7,02-05-2025,Completed,10108.06
7757,7757,7757,4,23-09-2024,Cancelled,2177.12
7758,7758,7758,0,04-04-2025,NA,0
7759,7759,7759,3,28-02-2025,Pending,1596.01
7760,7760,7760,7,30-10-2024,NA,13610.25
7761,7761,7761,6,15-06-2024,Pending,6367.59
7762,7762,7762,9,01-10-2025,Completed,11022.47
7763,7763,7763,10,02-07-2023,Pending,11064.47
7764,7764,7764,6,30-11-2023,Completed,835.61
7765,7765,7765,6,13-01-2024,Pending,8337.51
7766,7766,7766,8,01-03-2025,Cancelled,425.27
7767,7767,7767,9,12-02-2025,Completed,5453.69
7768,7768,7768,-2,23-10-2025,Completed,10483.96
7769,7769,7769,4,01-07-2024,NA,6275.54
7770,7770,7770,9,20-03-2024,Completed,6264.59
7771,7771,7771,5,06-04-2024,Cancelled,11851.45
7772,7772,7772,0,09-07-2025,Completed,256.05
7773,7773,7773,4,31-01-2025,NA,78.23
7774,7774,7774,4,05-08-2024,Completed,6550.06
7775,7775,7775,9,20-02-2026,NA,13584.52
7776,7776,7776,4,21-07-2024,Pending,4052.3
7777,7777,7777,1,23-08-2025,Cancelled,8361.82
7778,7778,7778,10,28-10-2025,Cancelled,4763.06
7779,7779,7779,0,20-10-2024,Completed,3896.59
7780,7780,7780,7,13-06-2024,Completed,7924.87
7781,7781,7781,2,12-05-2025,NA,14031.9
7782,7782,7782,3,26-04-2025,Cancelled,12052.54
7783,7783,7783,2,09-04-2024,Completed,12429.25
7784,7784,7784,4,22-06-2023,Completed,13145.2
7785,7785,7785,4,06-07-2024,Completed,14697.99
7786,7786,7786,4,08-07-2024,Completed,14848.59
7787,7787,7787,2,09-05-2024,Completed,4301.56
7788,7788,7788,6,25-04-2024,Pending,769.89
7789,7789,7789,6,24-01-2026,Completed,12547.01
7790,7790,7790,5,01-05-2025,Cancelled,5618.24
7791,7791,7791,3,24-01-2026,Pending,2431.19
7792,7792,7792,-2,28-08-2024,Cancelled,2115.33
7793,7793,7793,-2,01-12-2023,NA,5217.26
7794,7794,7794,8,03-11-2024,Pending,1777.87
7795,7795,7795,1,21-10-2024,Completed,6261.32
7796,7796,7796,3,18-08-2025,Pending,2957.63
7797,7797,7797,3,22-02-2026,NA,13560.39
7798,7798,7798,10,09-05-2024,Cancelled,2606.71
7799,7799,7799,5,21-02-2024,NA,6331.53
7800,7800,7800,2,06-09-2023,Completed,14824.17
7801,7801,7801,8,25-09-2023,NA,5991.44
7802,7802,7802,1,24-04-2024,NA,13325.4
7803,7803,7803,-2,05-07-2025,Pending,7153.51
7804,7804,7804,4,12-05-2024,Cancelled,6237.42
7805,7805,7805,0,04-12-2023,Completed,14928.72
7806,7806,7806,5,11-08-2024,Pending,14598.34
7807,7807,7807,6,03-07-2025,Completed,5745.23
7808,7808,7808,0,04-09-2023,Completed,7148.05
7809,7809,7809,2,08-03-2025,NA,2943.5
7810,7810,7810,6,10-08-2025,Pending,13724.17
7811,7811,7811,10,16-07-2025,Cancelled,14607.24
7812,7812,7812,5,28-08-2024,Pending,8086.8
7813,7813,7813,3,16-02-2026,Completed,1598.08
7814,7814,7814,1,13-09-2023,Completed,14042.82
7815,7815,7815,9,08-09-2025,Pending,12831.75
7816,7816,7816,10,15-06-2024,Completed,12767.88
7817,7817,7817,0,13-02-2026,Completed,9242.3
7818,7818,7818,4,14-07-2023,Completed,12015.5
7819,7819,7819,7,27-02-2025,Completed,5624.27
7820,7820,7820,4,10-08-2023,Pending,12233.42
7821,7821,7821,9,27-02-2025,Completed,13338.94
7822,7822,7822,9,16-04-2024,Completed,123.01
7823,7823,7823,4,02-01-2024,Cancelled,5059.19
7824,7824,7824,4,06-01-2025,Cancelled,971.81
7825,7825,7825,0,27-04-2025,Cancelled,4095.22
7826,7826,7826,-2,15-08-2024,NA,13963.05
7827,7827,7827,4,26-05-2025,NA,6038.19
7828,7828,7828,10,27-01-2026,Cancelled,2904.49
7829,7829,7829,1,20-03-2024,Completed,12356.86
7830,7830,7830,0,29-04-2026,Cancelled,8167
7831,7831,7831,9,20-11-2023,Completed,820.26
7832,7832,7832,1,14-04-2026,Completed,5849.22
7833,7833,7833,-2,03-01-2024,Pending,3489.28
7834,7834,7834,10,08-07-2025,Pending,11579.17
7835,7835,7835,4,04-01-2024,Cancelled,5624.08
7836,7836,7836,10,23-02-2025,NA,10691.84
7837,7837,7837,7,25-06-2024,Completed,9291.98
7838,7838,7838,3,16-09-2023,Completed,9820.41
7839,7839,7839,1,04-05-2024,NA,0
7840,7840,7840,8,30-07-2024,Completed,11327.95
7841,7841,7841,3,30-09-2024,Pending,2655.31
7842,7842,7842,0,05-03-2024,Completed,1498.15
7843,7843,7843,1,31-07-2025,Cancelled,9942
7844,7844,7844,4,20-03-2025,Pending,186.6
7845,7845,7845,2,04-01-2026,Completed,2237.2
7846,7846,7846,10,26-07-2024,NA,13435.15
7847,7847,7847,9,12-01-2025,NA,8380.57
7848,7848,7848,0,02-02-2025,Cancelled,7219.03
7849,7849,7849,5,06-06-2025,NA,11275.35
7850,7850,7850,9,05-08-2023,Completed,14203.72
7851,7851,7851,10,30-11-2024,Cancelled,104.95
7852,7852,7852,4,02-07-2025,Pending,12597.61
7853,7853,7853,7,18-11-2025,Pending,12085.12
7854,7854,7854,5,13-03-2025,NA,4468.76
7855,7855,7855,0,25-11-2025,Completed,13812.37
7856,7856,7856,4,07-07-2023,Completed,5591.44
7857,7857,7857,3,23-08-2025,NA,242.17
7858,7858,7858,9,22-02-2025,NA,6378.48
7859,7859,7859,4,03-03-2024,Cancelled,14087.85
7860,7860,7860,8,26-11-2023,Completed,7467.88
7861,7861,7861,3,17-12-2023,Completed,6578.76
7862,7862,7862,3,05-12-2024,NA,9675.85
7863,7863,7863,2,11-12-2024,Pending,6462.38
7864,7864,7864,9,27-01-2025,Completed,6697.35
7865,7865,7865,0,30-01-2024,Completed,8852.37
7866,7866,7866,1,20-05-2024,NA,5152.21
7867,7867,7867,9,18-01-2025,Completed,12724.53
7868,7868,7868,9,05-10-2024,Pending,13742.85
7869,7869,7869,4,27-11-2023,Completed,10781.4
7870,7870,7870,4,13-05-2024,NA,14485.94
7871,7871,7871,10,24-11-2023,Cancelled,13028.42
7872,7872,7872,-2,14-10-2024,Completed,8047
7873,7873,7873,6,17-04-2024,NA,10736.65
7874,7874,7874,8,07-03-2025,Pending,3539.1
7875,7875,7875,4,24-04-2026,Pending,11841.23
7876,7876,7876,8,27-10-2023,Completed,320.83
7877,7877,7877,7,11-09-2023,NA,13464.42
7878,7878,7878,1,26-08-2023,Completed,11925.67
7879,7879,7879,7,20-10-2023,Completed,10597.29
7880,7880,7880,5,31-08-2023,Pending,8644.99
7881,7881,7881,0,13-06-2023,Cancelled,9613.79
7882,7882,7882,9,18-06-2025,Completed,1050.47
7883,7883,7883,7,22-07-2023,Cancelled,6859.9
7884,7884,7884,5,10-03-2025,Completed,1954.48
7885,7885,7885,0,15-04-2025,Completed,3198.7
7886,7886,7886,0,27-10-2024,Cancelled,13348.71
7887,7887,7887,2,02-04-2026,Cancelled,4970.77
7888,7888,7888,8,01-05-2026,Completed,8358.03
7889,7889,7889,0,13-05-2025,NA,3339.59
7890,7890,7890,6,03-01-2024,Cancelled,474.98
7891,7891,7891,5,02-03-2024,Completed,2457.93
7892,7892,7892,8,14-06-2025,Completed,10168.51
7893,7893,7893,10,19-08-2024,NA,6199.05
7894,7894,7894,10,24-02-2024,NA,10747.39
7895,7895,7895,1,21-08-2024,Pending,2568.83
7896,7896,7896,-2,27-02-2025,Cancelled,4160.98
7897,7897,7897,2,04-09-2023,Cancelled,12592.25
7898,7898,7898,4,28-06-2025,NA,4481.25
7899,7899,7899,7,19-07-2024,NA,1539.88
7900,7900,7900,7,09-04-2024,Completed,9483.42
7901,7901,7901,1,19-04-2025,NA,5558.97
7902,7902,7902,8,27-11-2023,Cancelled,10297.3
7903,7903,7903,5,24-04-2024,Completed,12728.41
7904,7904,7904,-2,21-04-2026,NA,3632.34
7905,7905,7905,-2,14-07-2023,Pending,5543.21
7906,7906,7906,3,13-12-2024,Completed,9545.95
7907,7907,7907,9,01-06-2023,NA,9657.88
7908,7908,7908,-2,19-08-2025,Cancelled,3520.55
7909,7909,7909,1,20-07-2024,Cancelled,3714
7910,7910,7910,4,12-09-2024,Completed,3859.15
7911,7911,7911,-2,05-06-2024,Cancelled,7953.67
7912,7912,7912,4,27-02-2024,Pending,1887.82
7913,7913,7913,0,05-02-2026,Completed,8020.47
7914,7914,7914,2,08-05-2024,Completed,7111.8
7915,7915,7915,6,16-07-2023,Pending,2906.85
7916,7916,7916,0,07-05-2024,Pending,7576.45
7917,7917,7917,5,20-09-2023,Completed,13927.19
7918,7918,7918,5,28-07-2023,Completed,10453.18
7919,7919,7919,7,25-04-2024,NA,7805.86
7920,7920,7920,2,10-06-2023,NA,6174.64
7921,7921,7921,1,07-08-2024,Pending,13104.14
7922,7922,7922,7,22-07-2025,NA,9572.94
7923,7923,7923,3,26-09-2023,Completed,3895.91
7924,7924,7924,7,18-12-2023,Pending,1985.27
7925,7925,7925,10,28-11-2025,Cancelled,4303.66
7926,7926,7926,3,07-06-2025,Completed,1769.77
7927,7927,7927,-2,15-02-2024,Completed,1587.06
7928,7928,7928,-2,14-02-2026,NA,9845.25
7929,7929,7929,5,02-03-2025,Cancelled,4265.45
7930,7930,7930,9,20-03-2024,Completed,8990.01
7931,7931,7931,7,07-06-2023,Cancelled,11925.76
7932,7932,7932,0,21-01-2025,Pending,0
7933,7933,7933,7,14-08-2023,Cancelled,1296.47
7934,7934,7934,4,08-05-2024,Pending,8035.12
7935,7935,7935,8,24-05-2024,Cancelled,22.19
7936,7936,7936,9,11-08-2025,Cancelled,11757.17
7937,7937,7937,5,03-09-2024,NA,8806.15
7938,7938,7938,3,28-02-2025,Completed,3042.09
7939,7939,7939,2,01-09-2023,Pending,5952.85
7940,7940,7940,5,20-08-2023,Pending,5217.13
7941,7941,7941,2,22-05-2024,Pending,3093.93
7942,7942,7942,4,05-09-2024,Completed,3466
7943,7943,7943,4,27-10-2025,NA,9441.44
7944,7944,7944,0,31-08-2024,Pending,12514.71
7945,7945,7945,5,20-09-2023,NA,11762.01
7946,7946,7946,2,15-08-2024,NA,3735.08
7947,7947,7947,6,16-04-2026,Completed,3360.08
7948,7948,7948,4,10-08-2025,Completed,2930
7949,7949,7949,3,01-06-2024,Completed,9009.65
7950,7950,7950,7,18-04-2025,Completed,14204.15
7951,7951,7951,4,08-09-2024,Completed,7751.17
7952,7952,7952,2,24-12-2025,NA,11059.95
7953,7953,7953,10,17-01-2025,Cancelled,9483.24
7954,7954,7954,4,24-08-2024,Completed,8846.07
7955,7955,7955,0,22-10-2025,NA,7317.36
7956,7956,7956,4,10-04-2026,Completed,14085.21
7957,7957,7957,1,25-04-2025,Completed,5879.79
7958,7958,7958,-2,18-12-2023,Completed,12439.69
7959,7959,7959,6,12-05-2023,Completed,10272.83
7960,7960,7960,0,22-11-2023,NA,12098.82
7961,7961,7961,6,24-08-2024,NA,0
7962,7962,7962,2,24-12-2023,Completed,0
7963,7963,7963,9,22-01-2024,Cancelled,3267.13
7964,7964,7964,-2,29-11-2025,NA,6337.11
7965,7965,7965,9,10-07-2023,Pending,5551.27
7966,7966,7966,2,26-04-2026,Completed,14781.18
7967,7967,7967,3,19-07-2025,Pending,6492.4
7968,7968,7968,5,22-03-2024,Pending,0
7969,7969,7969,9,10-06-2023,NA,7692.07
7970,7970,7970,2,31-07-2024,Pending,683.16
7971,7971,7971,8,09-11-2023,NA,8564.32
7972,7972,7972,3,16-03-2026,NA,9742.84
7973,7973,7973,4,12-01-2026,NA,11514.03
7974,7974,7974,8,07-11-2023,Completed,11650.38
7975,7975,7975,8,19-08-2023,NA,14733.24
7976,7976,7976,-2,09-12-2025,NA,6986.99
7977,7977,7977,1,28-07-2024,NA,8434.44
7978,7978,7978,1,16-01-2024,Pending,2207.34
7979,7979,7979,7,18-12-2025,NA,3039.27
7980,7980,7980,3,27-07-2025,NA,5706.24
7981,7981,7981,4,12-03-2025,Completed,6887.71
7982,7982,7982,10,07-08-2025,NA,3458.25
7983,7983,7983,4,07-04-2026,NA,7952.97
7984,7984,7984,9,20-06-2023,NA,7634.3
7985,7985,7985,4,04-12-2023,Completed,1242.31
7986,7986,7986,8,05-11-2025,Completed,8347.87
7987,7987,7987,6,28-07-2025,Completed,2095.2
7988,7988,7988,9,03-02-2026,Cancelled,376.74
7989,7989,7989,4,07-12-2025,Completed,2246.92
7990,7990,7990,10,31-08-2023,Cancelled,2881.79
7991,7991,7991,0,15-01-2024,NA,9582.67
7992,7992,7992,3,31-10-2025,Cancelled,879.4
7993,7993,7993,4,16-05-2023,Cancelled,9113.06
7994,7994,7994,0,06-07-2024,NA,0
7995,7995,7995,3,07-04-2026,Cancelled,6770.48
7996,7996,7996,1,29-11-2023,Completed,2703.74
7997,7997,7997,2,09-05-2025,Pending,12073.92
7998,7998,7998,10,29-09-2023,NA,14584.67
7999,7999,7999,3,25-07-2024,Completed,3811.02
8000,8000,8000,3,13-08-2024,Completed,185.35
8001,8001,8001,3,20-07-2024,Pending,1987.81
8002,8002,8002,9,03-09-2024,Pending,8421.91
8003,8003,8003,2,30-10-2025,NA,8422.17
8004,8004,8004,0,13-07-2024,Completed,4582.93
8005,8005,8005,4,09-12-2024,Cancelled,5438.32
8006,8006,8006,0,18-07-2024,NA,13812.28
8007,8007,8007,5,11-01-2025,Cancelled,4365.43
8008,8008,8008,6,05-03-2024,Cancelled,12249.21
8009,8009,8009,1,22-01-2026,Completed,14952.94
8010,8010,8010,7,13-12-2024,NA,1345.48
8011,8011,8011,3,05-12-2025,Pending,10680.62
8012,8012,8012,8,16-07-2025,Pending,2535.62
8013,8013,8013,3,19-03-2024,Completed,13854.91
8014,8014,8014,8,03-04-2025,Completed,340.89
8015,8015,8015,6,09-01-2024,NA,2833.02
8016,8016,8016,3,12-02-2026,Completed,5474.07
8017,8017,8017,-2,06-04-2026,Pending,10965.72
8018,8018,8018,0,31-01-2025,Completed,4359.98
8019,8019,8019,4,30-07-2023,NA,0
8020,8020,8020,-2,22-01-2025,NA,5567.27
8021,8021,8021,-2,07-04-2025,Completed,4285.6
8022,8022,8022,5,09-12-2025,Completed,11746.85
8023,8023,8023,6,05-07-2025,Pending,14269.97
8024,8024,8024,2,08-05-2025,Cancelled,3384.6
8025,8025,8025,9,01-11-2025,Completed,2838.22
8026,8026,8026,8,30-09-2025,NA,7560.56
8027,8027,8027,9,01-09-2023,Cancelled,5469.61
8028,8028,8028,6,31-03-2026,Pending,6108.78
8029,8029,8029,0,31-08-2025,Pending,5823.78
8030,8030,8030,4,31-07-2024,NA,28.51
8031,8031,8031,4,04-10-2025,NA,5812.35
8032,8032,8032,1,09-10-2024,NA,13622.26
8033,8033,8033,2,29-03-2025,Completed,13586.73
8034,8034,8034,0,17-08-2025,NA,1549.86
8035,8035,8035,-2,24-12-2025,Pending,2119.44
8036,8036,8036,-2,03-09-2023,NA,2461.19
8037,8037,8037,0,23-11-2024,Pending,6651.81
8038,8038,8038,8,09-03-2026,Completed,12076.91
8039,8039,8039,7,26-04-2025,NA,14725.98
8040,8040,8040,0,20-03-2025,Cancelled,12972.47
8041,8041,8041,0,23-02-2025,Completed,11800.55
8042,8042,8042,-2,10-05-2025,Completed,2058.86
8043,8043,8043,4,12-12-2025,Pending,10190.8
8044,8044,8044,2,28-07-2024,NA,5599.69
8045,8045,8045,7,12-03-2025,Cancelled,12197.31
8046,8046,8046,6,03-05-2026,Completed,13580.75
8047,8047,8047,1,16-09-2023,Pending,1403.95
8048,8048,8048,0,10-11-2025,NA,4752.29
8049,8049,8049,7,21-03-2025,Completed,13303.82
8050,8050,8050,4,05-06-2023,Pending,8090.88
8051,8051,8051,6,04-02-2024,Completed,10462.68
8052,8052,8052,7,15-08-2025,Cancelled,8089.04
8053,8053,8053,7,29-05-2023,Completed,2449.07
8054,8054,8054,3,19-08-2024,Completed,2379.63
8055,8055,8055,2,20-05-2025,Completed,9501.94
8056,8056,8056,0,24-12-2025,Completed,6434.78
8057,8057,8057,4,19-12-2023,NA,11665.79
8058,8058,8058,5,01-06-2024,NA,13949.36
8059,8059,8059,0,01-10-2025,Completed,490.07
8060,8060,8060,4,13-09-2023,Pending,481.25
8061,8061,8061,3,18-10-2023,Completed,0
8062,8062,8062,9,26-11-2024,Completed,12178.52
8063,8063,8063,6,28-03-2024,Pending,4959.63
8064,8064,8064,8,02-02-2026,Cancelled,8578.34
8065,8065,8065,8,16-05-2023,Pending,8253.15
8066,8066,8066,5,09-04-2024,NA,10010.96
8067,8067,8067,2,06-02-2026,NA,14316.92
8068,8068,8068,1,07-10-2023,Cancelled,1572.08
8069,8069,8069,0,05-01-2025,Completed,5075.04
8070,8070,8070,9,06-04-2024,NA,4410.79
8071,8071,8071,1,25-01-2026,Completed,1654.65
8072,8072,8072,0,29-11-2023,Completed,10095.66
8073,8073,8073,-2,02-02-2026,Completed,774.31
8074,8074,8074,7,07-11-2024,NA,7360.17
8075,8075,8075,3,23-04-2025,Pending,622.77
8076,8076,8076,8,10-01-2024,Cancelled,13940.32
8077,8077,8077,6,23-06-2023,Pending,5773.22
8078,8078,8078,10,02-03-2024,Completed,7437.93
8079,8079,8079,9,18-03-2024,Pending,1272.14
8080,8080,8080,1,24-03-2025,Completed,11244.13
8081,8081,8081,-2,15-06-2023,Completed,11326.36
8082,8082,8082,9,03-06-2024,Completed,2016.27
8083,8083,8083,5,11-10-2025,Completed,671.42
8084,8084,8084,-2,13-09-2023,Pending,1400.73
8085,8085,8085,7,02-07-2024,NA,0
8086,8086,8086,10,29-06-2025,Completed,1177.71
8087,8087,8087,5,04-06-2025,Cancelled,8493.72
8088,8088,8088,7,30-12-2024,Completed,456.53
8089,8089,8089,4,24-07-2023,Completed,4740.95
8090,8090,8090,8,24-02-2026,Cancelled,10878.76
8091,8091,8091,1,25-03-2024,Completed,12617.81
8092,8092,8092,9,17-08-2023,Completed,14790.01
8093,8093,8093,9,22-08-2023,Completed,4642.56
8094,8094,8094,1,08-11-2024,Completed,13251.9
8095,8095,8095,7,27-04-2024,Pending,10941.06
8096,8096,8096,5,14-04-2026,Cancelled,2420.35
8097,8097,8097,1,09-07-2023,Completed,1144.51
8098,8098,8098,10,11-10-2023,Completed,8668.71
8099,8099,8099,5,05-03-2024,NA,12991.44
8100,8100,8100,4,23-06-2024,Cancelled,14495.76
8101,8101,8101,3,17-02-2025,Cancelled,6052.83
8102,8102,8102,4,22-09-2024,Pending,900.3
8103,8103,8103,0,08-05-2023,NA,9000.5
8104,8104,8104,-2,01-03-2024,NA,11375.97
8105,8105,8105,4,23-08-2025,Pending,4117.02
8106,8106,8106,4,06-07-2024,Completed,0
8107,8107,8107,9,14-04-2024,NA,0
8108,8108,8108,3,07-07-2024,NA,10284.34
8109,8109,8109,10,04-06-2023,Completed,12686.24
8110,8110,8110,3,02-03-2025,NA,4368.67
8111,8111,8111,10,26-03-2024,NA,2941.6
8112,8112,8112,0,18-07-2024,Cancelled,10744.86
8113,8113,8113,4,10-06-2023,Completed,5863.77
8114,8114,8114,4,13-04-2026,Completed,3097.17
8115,8115,8115,8,23-03-2024,Cancelled,625.79
8116,8116,8116,9,13-03-2025,Completed,14936.06
8117,8117,8117,-2,01-09-2024,NA,12941.14
8118,8118,8118,0,31-12-2025,Completed,8523.79
8119,8119,8119,-2,07-03-2026,Completed,12626.2
8120,8120,8120,10,02-08-2024,Completed,0
8121,8121,8121,1,06-10-2023,Completed,1975.61
8122,8122,8122,6,28-07-2024,NA,10813.64
8123,8123,8123,8,23-05-2023,Pending,14896.02
8124,8124,8124,5,19-06-2024,Completed,11497.16
8125,8125,8125,0,26-02-2026,Cancelled,0
8126,8126,8126,9,13-03-2024,Completed,1538.47
8127,8127,8127,8,22-10-2023,Pending,4449.61
8128,8128,8128,1,31-12-2025,Completed,10881.78
8129,8129,8129,1,26-05-2024,NA,2555.23
8130,8130,8130,4,10-01-2025,Cancelled,7618.26
8131,8131,8131,3,18-11-2025,NA,13936.71
8132,8132,8132,1,15-09-2025,Cancelled,14897.52
8133,8133,8133,4,29-06-2025,NA,10257.75
8134,8134,8134,3,09-10-2025,Pending,3949.1
8135,8135,8135,6,29-10-2025,Pending,6729.38
8136,8136,8136,4,13-07-2025,Completed,1680.76
8137,8137,8137,3,24-04-2025,Completed,11467.66
8138,8138,8138,7,10-11-2025,Completed,6865.16
8139,8139,8139,1,29-10-2024,Cancelled,3251.47
8140,8140,8140,-2,26-09-2025,Completed,10737.44
8141,8141,8141,5,27-09-2023,NA,3299.58
8142,8142,8142,8,10-03-2026,Completed,5999.92
8143,8143,8143,4,25-05-2024,NA,14318.24
8144,8144,8144,6,30-09-2024,Completed,8717.37
8145,8145,8145,4,20-07-2023,Pending,4472.18
8146,8146,8146,1,14-03-2025,Pending,1452.23
8147,8147,8147,3,16-09-2024,NA,3248.8
8148,8148,8148,-2,19-08-2023,Completed,1737.81
8149,8149,8149,6,21-09-2025,Pending,13463.84
8150,8150,8150,1,28-04-2026,NA,1066.14
8151,8151,8151,9,04-07-2023,Cancelled,14188.5
8152,8152,8152,-2,30-12-2024,Completed,10619.27
8153,8153,8153,7,02-02-2026,Cancelled,8093.89
8154,8154,8154,2,03-12-2025,Pending,6069.12
8155,8155,8155,6,26-10-2023,Completed,7956.08
8156,8156,8156,3,19-01-2024,NA,4632.87
8157,8157,8157,2,16-04-2026,Pending,9732.1
8158,8158,8158,2,01-06-2024,NA,12719.67
8159,8159,8159,3,29-04-2024,Completed,10309.26
8160,8160,8160,2,29-03-2025,NA,1641.71
8161,8161,8161,4,23-07-2024,Completed,11462.25
8162,8162,8162,3,21-06-2023,Pending,466.12
8163,8163,8163,4,08-10-2023,Cancelled,13486.04
8164,8164,8164,4,17-01-2026,NA,1503.72
8165,8165,8165,7,14-01-2024,NA,13958.11
8166,8166,8166,10,30-07-2023,Pending,9041.21
8167,8167,8167,6,19-12-2025,Cancelled,13134.47
8168,8168,8168,4,16-02-2026,Completed,2134.85
8169,8169,8169,1,23-03-2024,Cancelled,2197.29
8170,8170,8170,9,18-10-2024,Completed,14036.18
8171,8171,8171,1,18-11-2025,Pending,0
8172,8172,8172,9,29-12-2023,Completed,8073.02
8173,8173,8173,-2,18-09-2024,Cancelled,10536.46
8174,8174,8174,4,23-10-2023,Completed,378.13
8175,8175,8175,10,17-07-2024,Cancelled,12173.29
8176,8176,8176,6,03-12-2023,Cancelled,6840.08
8177,8177,8177,5,15-07-2023,Pending,10780.46
8178,8178,8178,0,10-05-2023,Completed,6607.04
8179,8179,8179,3,11-11-2024,Pending,6033.22
8180,8180,8180,0,02-01-2024,Cancelled,9828.84
8181,8181,8181,6,11-04-2025,NA,6132.53
8182,8182,8182,8,12-09-2025,NA,1047.67
8183,8183,8183,4,27-02-2025,Pending,5365.49
8184,8184,8184,4,17-10-2023,NA,1800.56
8185,8185,8185,6,19-03-2025,Pending,1917.89
8186,8186,8186,3,01-03-2026,Completed,2695.94
8187,8187,8187,5,09-01-2025,Cancelled,663.44
8188,8188,8188,9,06-04-2025,NA,1484.4
8189,8189,8189,2,11-08-2023,Pending,9608.99
8190,8190,8190,0,05-06-2023,NA,9734.56
8191,8191,8191,1,09-12-2023,Cancelled,6084.2
8192,8192,8192,0,13-01-2026,Pending,11631.87
8193,8193,8193,10,14-04-2025,Completed,0
8194,8194,8194,5,11-07-2023,Cancelled,8195.55
8195,8195,8195,5,10-04-2026,Cancelled,13117.04
8196,8196,8196,1,19-07-2024,Completed,8770.98
8197,8197,8197,1,16-09-2025,Completed,10916.33
8198,8198,8198,9,03-11-2023,Completed,6142.72
8199,8199,8199,1,28-12-2025,Pending,4888.87
8200,8200,8200,7,03-08-2025,Pending,12379.61
8201,8201,8201,9,23-04-2024,Cancelled,11190.63
8202,8202,8202,3,24-12-2025,Completed,12426.32
8203,8203,8203,5,16-01-2025,NA,831.68
8204,8204,8204,6,17-03-2025,NA,11150.46
8205,8205,8205,2,19-03-2024,Pending,13106.33
8206,8206,8206,4,26-06-2024,Completed,2122.27
8207,8207,8207,1,26-11-2023,NA,9274.87
8208,8208,8208,0,14-06-2024,Completed,1336.13
8209,8209,8209,-2,30-06-2025,Cancelled,0
8210,8210,8210,2,13-09-2025,Completed,894.64
8211,8211,8211,2,08-07-2024,NA,11318.39
8212,8212,8212,4,21-12-2023,Cancelled,3533.59
8213,8213,8213,4,14-09-2024,Pending,5699
8214,8214,8214,1,27-09-2024,Completed,10744.17
8215,8215,8215,4,18-09-2023,Completed,10608.56
8216,8216,8216,4,10-05-2023,Cancelled,9212.32
8217,8217,8217,4,24-07-2024,Completed,11685.39
8218,8218,8218,3,28-10-2023,NA,11407.4
8219,8219,8219,4,18-01-2025,Cancelled,8394.98
8220,8220,8220,1,31-03-2026,Completed,7604.15
8221,8221,8221,7,05-10-2023,Completed,12179.26
8222,8222,8222,2,23-12-2024,Completed,4761.34
8223,8223,8223,5,05-12-2023,Completed,5727.42
8224,8224,8224,8,28-09-2023,NA,4544.45
8225,8225,8225,4,08-08-2025,NA,3423.98
8226,8226,8226,9,01-09-2025,Completed,12506.36
8227,8227,8227,-2,24-11-2025,Completed,13486.42
8228,8228,8228,4,15-08-2023,Pending,0
8229,8229,8229,10,09-12-2025,Completed,8548.73
8230,8230,8230,-2,31-05-2025,Cancelled,9299.59
8231,8231,8231,1,16-01-2024,Pending,6757.45
8232,8232,8232,7,17-11-2024,NA,4350.88
8233,8233,8233,2,22-11-2025,Completed,5961.7
8234,8234,8234,4,29-07-2025,Cancelled,7403.28
8235,8235,8235,8,16-03-2025,Pending,4643.03
8236,8236,8236,0,03-11-2023,Pending,14862.15
8237,8237,8237,2,06-01-2024,Completed,9597.39
8238,8238,8238,10,22-03-2025,Completed,19.56
8239,8239,8239,0,09-04-2024,Completed,5955.25
8240,8240,8240,7,04-10-2024,Cancelled,7331.98
8241,8241,8241,7,10-09-2025,Cancelled,7108.38
8242,8242,8242,0,31-03-2025,NA,12199.68
8243,8243,8243,-2,14-06-2024,NA,6761.16
8244,8244,8244,3,19-12-2023,Cancelled,2018.86
8245,8245,8245,-2,12-03-2026,NA,9750.14
8246,8246,8246,7,28-09-2024,NA,2756.83
8247,8247,8247,9,29-07-2023,Pending,6856.69
8248,8248,8248,0,05-05-2026,NA,3476.02
8249,8249,8249,4,30-04-2024,Pending,4931.16
8250,8250,8250,7,16-12-2023,Completed,10582.7
8251,8251,8251,6,03-04-2026,Pending,0
8252,8252,8252,2,17-12-2023,Cancelled,11996.29
8253,8253,8253,5,04-05-2024,Pending,4969.77
8254,8254,8254,0,15-12-2025,Completed,5653.45
8255,8255,8255,3,22-06-2023,Pending,6826.68
8256,8256,8256,4,16-05-2025,Pending,9870.08
8257,8257,8257,6,19-03-2025,Completed,40.89
8258,8258,8258,-2,11-03-2026,NA,14129.26
8259,8259,8259,-2,01-10-2025,Completed,2939.19
8260,8260,8260,4,17-07-2023,Completed,7800.08
8261,8261,8261,9,15-01-2025,Completed,9787.78
8262,8262,8262,1,27-02-2025,Completed,5161.18
8263,8263,8263,4,05-04-2025,Cancelled,5951.38
8264,8264,8264,9,22-04-2025,Pending,0
8265,8265,8265,0,01-04-2024,Completed,13187.42
8266,8266,8266,4,24-11-2025,Completed,7195.06
8267,8267,8267,2,13-05-2025,Cancelled,643.81
8268,8268,8268,2,07-07-2023,NA,2188.68
8269,8269,8269,8,14-06-2024,Completed,5167.17
8270,8270,8270,2,25-10-2023,Completed,0
8271,8271,8271,10,20-11-2024,Pending,1531.9
8272,8272,8272,1,17-01-2025,Completed,9507.39
8273,8273,8273,7,29-06-2025,Cancelled,11081.68
8274,8274,8274,3,11-07-2023,Cancelled,4520.21
8275,8275,8275,2,01-02-2024,NA,1763.07
8276,8276,8276,7,27-08-2024,Pending,6310.93
8277,8277,8277,0,25-09-2024,NA,11264.99
8278,8278,8278,-2,11-10-2024,NA,7551.35
8279,8279,8279,8,15-06-2023,Cancelled,2615.62
8280,8280,8280,0,18-12-2024,NA,9025.32
8281,8281,8281,4,28-05-2024,Completed,4209.41
8282,8282,8282,8,21-07-2024,Pending,3898.3
8283,8283,8283,4,15-05-2025,Cancelled,9194.87
8284,8284,8284,2,20-10-2023,Completed,5022.52
8285,8285,8285,0,21-02-2025,NA,10687.63
8286,8286,8286,4,18-10-2025,Pending,14245.31
8287,8287,8287,7,02-02-2025,Cancelled,14117.77
8288,8288,8288,4,06-06-2023,Completed,13231.21
8289,8289,8289,10,20-11-2025,Pending,10942.24
8290,8290,8290,4,11-01-2024,Cancelled,850.01
8291,8291,8291,7,19-01-2025,NA,8244.68
8292,8292,8292,5,29-01-2026,Cancelled,459.67
8293,8293,8293,4,24-12-2025,Cancelled,10393.33
8294,8294,8294,5,26-02-2026,Completed,12860.19
8295,8295,8295,2,25-06-2023,Completed,13671.45
8296,8296,8296,0,21-10-2024,Completed,12172.89
8297,8297,8297,9,27-10-2023,Completed,4936.68
8298,8298,8298,7,19-07-2023,NA,11359.74
8299,8299,8299,5,22-08-2025,Cancelled,3817.23
8300,8300,8300,8,21-08-2025,Pending,5560.37
8301,8301,8301,10,19-06-2023,Pending,3286.76
8302,8302,8302,5,05-02-2025,Completed,12153.82
8303,8303,8303,9,25-02-2024,Cancelled,5492
8304,8304,8304,6,11-12-2023,Completed,8339.85
8305,8305,8305,6,21-05-2024,NA,7361.5
8306,8306,8306,3,23-11-2025,Cancelled,9637.11
8307,8307,8307,8,23-03-2025,Cancelled,13841.18
8308,8308,8308,1,03-08-2025,Completed,2345.73
8309,8309,8309,6,30-05-2025,Completed,8747.36
8310,8310,8310,10,29-10-2024,Cancelled,13726.64
8311,8311,8311,5,26-05-2025,Completed,1020.06
8312,8312,8312,2,14-06-2023,Cancelled,7940.85
8313,8313,8313,2,08-08-2024,Cancelled,10093.92
8314,8314,8314,3,10-04-2026,Completed,4247.96
8315,8315,8315,10,10-05-2023,Cancelled,9304.48
8316,8316,8316,0,02-05-2024,Completed,1015.47
8317,8317,8317,4,04-01-2024,Completed,13710.19
8318,8318,8318,10,02-11-2024,Pending,3868.32
8319,8319,8319,2,22-02-2026,Completed,13574.54
8320,8320,8320,10,03-12-2025,Completed,1935.32
8321,8321,8321,0,22-11-2025,Completed,7733.45
8322,8322,8322,3,16-07-2023,Cancelled,10389.31
8323,8323,8323,7,22-10-2023,Completed,10799.74
8324,8324,8324,6,11-08-2023,Cancelled,8086.33
8325,8325,8325,5,12-08-2023,Completed,1842.63
8326,8326,8326,5,19-09-2025,Cancelled,3885.49
8327,8327,8327,5,20-02-2026,Pending,6513.92
8328,8328,8328,7,21-10-2023,Cancelled,0
8329,8329,8329,7,19-02-2025,Completed,475.6
8330,8330,8330,4,17-09-2025,Completed,3268.18
8331,8331,8331,-2,24-05-2023,Cancelled,4779.89
8332,8332,8332,2,27-09-2023,NA,2724.42
8333,8333,8333,3,16-08-2024,Completed,11850.39
8334,8334,8334,9,07-06-2023,NA,8599.66
8335,8335,8335,10,05-04-2026,Completed,1755.67
8336,8336,8336,2,10-04-2024,Pending,4973.66
8337,8337,8337,0,18-02-2024,NA,267.38
8338,8338,8338,2,26-10-2025,Completed,2470.79
8339,8339,8339,5,12-09-2023,Completed,6673
8340,8340,8340,7,10-12-2025,Pending,5298.96
8341,8341,8341,4,24-09-2024,Completed,6422.9
8342,8342,8342,10,26-03-2025,NA,4090.45
8343,8343,8343,6,03-08-2025,NA,9210.99
8344,8344,8344,10,01-06-2023,Completed,9584.28
8345,8345,8345,5,12-12-2024,Pending,5368.71
8346,8346,8346,9,05-05-2025,NA,3493.53
8347,8347,8347,7,18-05-2023,Completed,3857.34
8348,8348,8348,2,21-09-2024,Completed,3698.83
8349,8349,8349,10,26-02-2025,Cancelled,7861.96
8350,8350,8350,4,28-12-2025,Cancelled,1985.18
8351,8351,8351,9,06-02-2025,Cancelled,3175.71
8352,8352,8352,4,16-10-2025,NA,11826.56
8353,8353,8353,0,23-06-2025,NA,415.81
8354,8354,8354,0,13-06-2023,Pending,7638.74
8355,8355,8355,5,14-10-2023,Pending,1788
8356,8356,8356,4,04-04-2025,Pending,0
8357,8357,8357,4,13-11-2024,Completed,1966.53
8358,8358,8358,2,13-08-2023,Pending,619.03
8359,8359,8359,1,09-04-2024,NA,254.83
8360,8360,8360,1,26-06-2024,NA,14842.41
8361,8361,8361,7,19-05-2024,Completed,8738.99
8362,8362,8362,5,24-06-2023,Pending,10279.38
8363,8363,8363,2,10-08-2025,Cancelled,4335.64
8364,8364,8364,4,15-08-2025,Completed,2484.87
8365,8365,8365,8,21-01-2026,Completed,3067.92
8366,8366,8366,-2,16-08-2024,Cancelled,12135.27
8367,8367,8367,5,24-04-2026,Completed,14050.29
8368,8368,8368,10,09-05-2024,Pending,11406.24
8369,8369,8369,0,12-08-2024,Completed,7672.21
8370,8370,8370,-2,13-08-2025,Completed,191.22
8371,8371,8371,1,10-06-2024,NA,4574.97
8372,8372,8372,1,17-09-2025,Completed,12265.09
8373,8373,8373,7,02-12-2025,Pending,12912.71
8374,8374,8374,0,15-12-2024,Completed,0
8375,8375,8375,9,08-01-2024,NA,1957.31
8376,8376,8376,5,13-11-2023,Completed,6315.74
8377,8377,8377,0,26-02-2026,Pending,3352.25
8378,8378,8378,3,19-07-2025,Completed,1852.92
8379,8379,8379,4,18-12-2025,Cancelled,2994.55
8380,8380,8380,10,28-05-2023,Completed,995.75
8381,8381,8381,6,02-07-2025,Completed,1483.41
8382,8382,8382,6,17-07-2025,Completed,10809.14
8383,8383,8383,4,25-12-2023,Pending,925.66
8384,8384,8384,10,29-08-2023,Cancelled,4200.41
8385,8385,8385,4,15-12-2025,NA,13788.29
8386,8386,8386,2,28-05-2025,Pending,6222.5
8387,8387,8387,4,23-08-2025,Completed,4138.69
8388,8388,8388,9,09-02-2024,Completed,3289.9
8389,8389,8389,5,23-05-2025,Completed,13492.73
8390,8390,8390,7,19-02-2026,Pending,2610.32
8391,8391,8391,7,28-11-2024,Cancelled,7530.1
8392,8392,8392,1,06-06-2023,NA,9292.39
8393,8393,8393,9,20-12-2025,Completed,10067.31
8394,8394,8394,10,17-10-2025,Completed,4593.13
8395,8395,8395,6,10-09-2024,Completed,2452.52
8396,8396,8396,1,11-10-2023,Completed,7131.65
8397,8397,8397,9,18-12-2023,NA,10573.07
8398,8398,8398,0,03-04-2026,Cancelled,927.74
8399,8399,8399,5,30-09-2024,Completed,8419.99
8400,8400,8400,0,22-06-2023,NA,0
8401,8401,8401,2,06-10-2024,Completed,12440.41
8402,8402,8402,2,01-01-2024,Cancelled,11994.83
8403,8403,8403,6,15-10-2024,Pending,7504.38
8404,8404,8404,1,27-10-2025,Cancelled,11130.43
8405,8405,8405,2,12-06-2024,Completed,8096.09
8406,8406,8406,1,01-12-2023,Completed,8004.31
8407,8407,8407,0,25-03-2025,Pending,10466.77
8408,8408,8408,3,18-08-2023,NA,14189.1
8409,8409,8409,2,24-02-2026,Completed,820.07
8410,8410,8410,2,20-07-2023,Pending,10727.75
8411,8411,8411,2,10-09-2023,Cancelled,3317.92
8412,8412,8412,0,23-07-2023,Cancelled,8002.98
8413,8413,8413,5,12-07-2025,Pending,10476.62
8414,8414,8414,7,28-10-2025,Cancelled,7363.97
8415,8415,8415,9,13-09-2023,Pending,6925.2
8416,8416,8416,0,08-01-2026,Completed,4865.72
8417,8417,8417,9,21-11-2025,Pending,13970.92
8418,8418,8418,4,19-09-2025,Completed,13799.85
8419,8419,8419,3,03-04-2024,NA,7904.98
8420,8420,8420,9,26-10-2023,Pending,924.57
8421,8421,8421,0,08-06-2023,Cancelled,4455.77
8422,8422,8422,-2,29-01-2024,Cancelled,7721.12
8423,8423,8423,4,06-11-2024,Cancelled,8530.59
8424,8424,8424,9,06-11-2023,NA,12712.08
8425,8425,8425,4,12-06-2024,Pending,14794.08
8426,8426,8426,4,18-12-2023,Cancelled,10595.15
8427,8427,8427,-2,05-03-2026,Cancelled,11094.2
8428,8428,8428,4,07-08-2024,Cancelled,13338.93
8429,8429,8429,8,24-11-2025,Cancelled,8068.09
8430,8430,8430,-2,24-08-2025,Pending,14597.45
8431,8431,8431,7,28-07-2025,NA,6911.35
8432,8432,8432,3,02-09-2023,Pending,2678.26
8433,8433,8433,1,16-06-2023,Pending,7174.09
8434,8434,8434,5,14-07-2023,NA,6669.04
8435,8435,8435,8,17-01-2024,Completed,2080.97
8436,8436,8436,6,17-08-2024,Pending,802.94
8437,8437,8437,6,12-02-2026,NA,7258.59
8438,8438,8438,2,07-12-2025,NA,5535.2
8439,8439,8439,-2,27-03-2025,Pending,9790.44
8440,8440,8440,5,28-04-2024,Pending,1174.77
8441,8441,8441,9,21-12-2024,Completed,9447.34
8442,8442,8442,2,24-01-2025,Completed,2141.86
8443,8443,8443,4,13-06-2023,NA,876.35
8444,8444,8444,7,27-03-2026,NA,3307.44
8445,8445,8445,6,02-01-2024,Completed,8795.39
8446,8446,8446,10,05-01-2024,Pending,12221.86
8447,8447,8447,4,25-06-2024,Completed,10406.87
8448,8448,8448,1,16-10-2024,Cancelled,13845.62
8449,8449,8449,4,10-12-2024,Completed,7342.22
8450,8450,8450,5,14-11-2023,Completed,13755.95
8451,8451,8451,4,08-04-2025,Pending,2726.34
8452,8452,8452,9,11-07-2025,Completed,14543.36
8453,8453,8453,4,28-12-2023,Completed,13291.17
8454,8454,8454,10,16-12-2025,Completed,596.86
8455,8455,8455,7,28-09-2023,Pending,8264.65
8456,8456,8456,1,16-11-2024,NA,9915.62
8457,8457,8457,3,10-05-2024,Cancelled,5086.29
8458,8458,8458,8,26-06-2025,Completed,6939.04
8459,8459,8459,7,19-03-2025,Cancelled,8347.96
8460,8460,8460,2,10-03-2026,NA,11826.91
8461,8461,8461,1,16-03-2024,Cancelled,14863.43
8462,8462,8462,2,06-12-2023,Cancelled,7514.85
8463,8463,8463,0,18-11-2025,Completed,7920.67
8464,8464,8464,1,16-01-2025,NA,1873.11
8465,8465,8465,5,13-03-2024,Completed,889.48
8466,8466,8466,4,27-08-2025,Pending,6259.29
8467,8467,8467,10,12-05-2025,Pending,197.07
8468,8468,8468,4,10-04-2026,Cancelled,14458.04
8469,8469,8469,2,24-04-2024,Cancelled,6367.51
8470,8470,8470,2,19-06-2024,Completed,6568.36
8471,8471,8471,3,10-08-2023,Completed,10612.75
8472,8472,8472,0,15-12-2023,Completed,4014.15
8473,8473,8473,3,30-11-2023,Pending,6988.59
8474,8474,8474,8,14-12-2024,NA,4818.3
8475,8475,8475,7,25-01-2026,Completed,535.36
8476,8476,8476,5,03-12-2025,Cancelled,8692.25
8477,8477,8477,4,23-02-2024,NA,10768.27
8478,8478,8478,4,17-07-2025,Completed,2167.71
8479,8479,8479,5,09-11-2023,Completed,9241.46
8480,8480,8480,4,20-03-2026,Cancelled,9452.76
8481,8481,8481,1,02-08-2025,NA,8953.93
8482,8482,8482,9,16-04-2026,Completed,6422.19
8483,8483,8483,4,17-03-2024,NA,5258.31
8484,8484,8484,0,04-08-2024,Completed,8993.57
8485,8485,8485,-2,25-05-2023,Pending,6926.43
8486,8486,8486,8,07-06-2024,Completed,9138.08
8487,8487,8487,1,24-07-2025,NA,13007.1
8488,8488,8488,8,26-01-2026,NA,11316.35
8489,8489,8489,0,05-02-2024,Pending,1728.14
8490,8490,8490,6,19-09-2025,Cancelled,2358.27
8491,8491,8491,4,26-03-2026,NA,11288.61
8492,8492,8492,7,29-07-2024,Pending,9878.03
8493,8493,8493,10,17-05-2024,Completed,7811.44
8494,8494,8494,4,19-01-2024,Pending,3456.35
8495,8495,8495,5,15-03-2025,NA,14192.46
8496,8496,8496,6,13-04-2026,NA,2726.56
8497,8497,8497,3,02-12-2024,Pending,2149.41
8498,8498,8498,4,16-02-2026,Completed,13555.67
8499,8499,8499,4,26-03-2026,NA,13319.48
8500,8500,8500,0,10-10-2025,Pending,0
8501,8501,8501,2,09-04-2025,Completed,2546.33
8502,8502,8502,4,16-09-2023,NA,12532.7
8503,8503,8503,1,20-10-2025,Completed,7714.85
8504,8504,8504,4,12-03-2024,Pending,11550.88
8505,8505,8505,0,31-07-2023,Cancelled,4888.8
8506,8506,8506,4,15-04-2025,Completed,11774.35
8507,8507,8507,1,04-05-2026,Completed,10024.4
8508,8508,8508,-2,08-12-2023,Pending,1209.77
8509,8509,8509,3,27-07-2025,Cancelled,4239.73
8510,8510,8510,10,10-10-2024,Pending,5981.71
8511,8511,8511,9,08-07-2025,NA,13272.08
8512,8512,8512,5,28-05-2025,Pending,2168.27
8513,8513,8513,3,01-11-2024,NA,2005.29
8514,8514,8514,0,26-07-2023,Pending,5778.15
8515,8515,8515,9,01-01-2026,Pending,13442.73
8516,8516,8516,4,26-04-2025,Pending,7540.87
8517,8517,8517,-2,10-09-2023,NA,9418.48
8518,8518,8518,4,24-04-2024,Cancelled,12906.36
8519,8519,8519,4,06-05-2024,Completed,3579.43
8520,8520,8520,3,16-01-2026,Pending,4992.92
8521,8521,8521,10,30-09-2023,Pending,14581.56
8522,8522,8522,8,21-09-2025,Cancelled,11582.59
8523,8523,8523,10,17-05-2023,Pending,3044.23
8524,8524,8524,0,15-01-2025,Completed,0
8525,8525,8525,4,23-02-2025,Completed,5040.31
8526,8526,8526,3,01-01-2025,NA,1003.62
8527,8527,8527,7,29-01-2025,Pending,1003.43
8528,8528,8528,3,27-08-2025,NA,14792.84
8529,8529,8529,5,30-10-2024,Pending,2992.95
8530,8530,8530,6,06-07-2025,NA,2613.49
8531,8531,8531,8,18-12-2024,Completed,11266.72
8532,8532,8532,5,27-08-2024,Cancelled,6697.14
8533,8533,8533,8,18-04-2025,Cancelled,2441.58
8534,8534,8534,7,13-11-2023,NA,4844.68
8535,8535,8535,0,03-10-2025,Completed,210.9
8536,8536,8536,8,23-08-2024,Completed,3829.99
8537,8537,8537,4,26-04-2025,Completed,10325.51
8538,8538,8538,6,10-02-2025,Completed,3996.83
8539,8539,8539,1,11-04-2026,Cancelled,5776.68
8540,8540,8540,3,30-10-2024,NA,7779.53
8541,8541,8541,7,23-04-2024,Cancelled,10617.29
8542,8542,8542,-2,30-09-2025,Completed,6354.96
8543,8543,8543,1,25-09-2024,NA,0
8544,8544,8544,0,21-05-2025,NA,376.73
8545,8545,8545,5,27-10-2025,Completed,1047.76
8546,8546,8546,-2,07-01-2026,Completed,2067.77
8547,8547,8547,1,05-10-2024,Completed,4329.51
8548,8548,8548,0,18-06-2024,NA,0
8549,8549,8549,4,19-05-2025,Completed,12420.08
8550,8550,8550,8,10-08-2025,Completed,3029.75
8551,8551,8551,3,13-06-2024,Completed,11978.13
8552,8552,8552,1,02-02-2026,Pending,3404.39
8553,8553,8553,-2,15-10-2025,Completed,12365.62
8554,8554,8554,8,12-10-2023,NA,10967.82
8555,8555,8555,9,28-07-2024,Pending,6324.96
8556,8556,8556,4,05-05-2025,Completed,5781.44
8557,8557,8557,6,10-07-2024,Completed,10131.19
8558,8558,8558,5,28-02-2024,Completed,88.09
8559,8559,8559,8,23-12-2024,Pending,91.94
8560,8560,8560,3,19-03-2024,Pending,6594.59
8561,8561,8561,8,17-04-2026,Completed,14928.05
8562,8562,8562,0,19-01-2024,NA,10213
8563,8563,8563,5,17-06-2023,Completed,2098.08
8564,8564,8564,4,02-11-2024,Completed,13856.32
8565,8565,8565,2,09-09-2023,NA,14755.03
8566,8566,8566,4,23-05-2025,Completed,241.5
8567,8567,8567,10,24-12-2024,Completed,6332.46
8568,8568,8568,4,29-03-2025,Completed,7964.82
8569,8569,8569,-2,25-12-2025,NA,1490.87
8570,8570,8570,4,24-02-2025,NA,12971.38
8571,8571,8571,2,11-08-2024,Completed,6514.54
8572,8572,8572,5,24-07-2024,Pending,8415.52
8573,8573,8573,10,12-06-2023,Cancelled,2258.82
8574,8574,8574,2,31-05-2024,Completed,8534.28
8575,8575,8575,4,04-12-2023,Completed,14818.99
8576,8576,8576,5,05-01-2026,Completed,896.81
8577,8577,8577,4,15-12-2023,Completed,3440.67
8578,8578,8578,9,28-03-2024,NA,6242.34
8579,8579,8579,1,25-05-2025,Cancelled,5968.38
8580,8580,8580,5,17-02-2026,Completed,7273.97
8581,8581,8581,-2,15-10-2025,Completed,13141.56
8582,8582,8582,0,16-07-2023,Completed,10185.59
8583,8583,8583,0,13-08-2023,Cancelled,11741.21
8584,8584,8584,-2,18-06-2023,Cancelled,14645.01
8585,8585,8585,6,11-11-2023,NA,6332.05
8586,8586,8586,4,08-06-2025,Completed,4964.85
8587,8587,8587,9,13-12-2023,Completed,13135.62
8588,8588,8588,3,10-02-2026,Completed,9124.18
8589,8589,8589,9,30-01-2025,Cancelled,10166.5
8590,8590,8590,4,29-03-2024,NA,5267.27
8591,8591,8591,2,16-03-2025,Completed,2315.82
8592,8592,8592,6,25-07-2025,Completed,7513.68
8593,8593,8593,2,30-11-2023,Completed,11770.86
8594,8594,8594,3,22-05-2024,Completed,13039.36
8595,8595,8595,2,30-12-2023,Pending,2448.23
8596,8596,8596,4,13-09-2024,Pending,8404.13
8597,8597,8597,5,01-11-2023,Cancelled,7753.91
8598,8598,8598,-2,11-08-2023,Completed,6066.07
8599,8599,8599,2,20-03-2026,Completed,11062.02
8600,8600,8600,3,28-08-2024,Completed,5106.06
8601,8601,8601,6,03-10-2024,Completed,12169.3
8602,8602,8602,10,30-03-2025,Pending,13227.7
8603,8603,8603,5,18-08-2025,Completed,0
8604,8604,8604,9,04-12-2025,Cancelled,925.3
8605,8605,8605,8,31-03-2026,Pending,13482.04
8606,8606,8606,0,06-08-2025,NA,1470.89
8607,8607,8607,10,22-10-2024,Completed,38.43
8608,8608,8608,4,13-11-2023,Completed,5863.56
8609,8609,8609,9,06-06-2025,Pending,13580.2
8610,8610,8610,4,24-05-2025,Cancelled,12169.56
8611,8611,8611,8,15-03-2026,Pending,10800.67
8612,8612,8612,4,29-12-2025,Completed,399.24
8613,8613,8613,2,30-07-2023,Pending,12936.08
8614,8614,8614,5,16-06-2024,Cancelled,1504.38
8615,8615,8615,1,15-10-2025,Cancelled,387.14
8616,8616,8616,5,30-11-2025,Completed,12157.71
8617,8617,8617,0,05-07-2025,Completed,10179.65
8618,8618,8618,4,03-08-2023,NA,4020.23
8619,8619,8619,4,09-02-2026,Cancelled,13134.68
8620,8620,8620,4,30-11-2025,NA,13010.54
8621,8621,8621,-2,24-12-2023,Completed,7702.43
8622,8622,8622,4,05-02-2024,Cancelled,3730.97
8623,8623,8623,10,22-12-2025,Completed,4167.82
8624,8624,8624,0,25-08-2023,Cancelled,0
8625,8625,8625,-2,04-05-2025,Cancelled,2140.18
8626,8626,8626,4,29-12-2025,Pending,12346.49
8627,8627,8627,3,17-02-2026,Pending,10305.72
8628,8628,8628,10,13-05-2023,Pending,10904.7
8629,8629,8629,9,06-01-2026,Cancelled,9248.47
8630,8630,8630,4,22-10-2025,Completed,9830.09
8631,8631,8631,6,11-05-2024,Pending,10826.48
8632,8632,8632,10,15-11-2023,NA,125.73
8633,8633,8633,-2,21-12-2023,Cancelled,0
8634,8634,8634,9,02-08-2024,Completed,1672.29
8635,8635,8635,8,24-08-2025,Completed,5508.68
8636,8636,8636,9,30-03-2025,NA,1901.34
8637,8637,8637,1,18-01-2025,Completed,12920.11
8638,8638,8638,1,11-11-2025,Pending,1135.22
8639,8639,8639,2,26-03-2026,Pending,10317.21
8640,8640,8640,0,15-03-2026,Cancelled,12218.98
8641,8641,8641,2,03-03-2024,NA,9528.1
8642,8642,8642,2,03-07-2023,Cancelled,11009.66
8643,8643,8643,5,06-07-2023,NA,7220.51
8644,8644,8644,9,27-10-2024,NA,14512.76
8645,8645,8645,9,14-01-2025,Completed,4176.6
8646,8646,8646,0,10-04-2024,Pending,9119.74
8647,8647,8647,-2,29-08-2024,Pending,10690.97
8648,8648,8648,1,12-05-2025,Cancelled,2949.76
8649,8649,8649,6,22-01-2026,Completed,14512.51
8650,8650,8650,5,11-03-2025,Completed,12037.8
8651,8651,8651,3,28-07-2025,Completed,7412.74
8652,8652,8652,8,12-06-2025,NA,0
8653,8653,8653,6,22-11-2023,Cancelled,6820.68
8654,8654,8654,9,07-07-2023,Completed,2532.08
8655,8655,8655,9,13-02-2025,Completed,3124.38
8656,8656,8656,10,05-04-2024,NA,773.97
8657,8657,8657,9,23-06-2025,Cancelled,2433.9
8658,8658,8658,4,23-07-2023,Completed,9628.54
8659,8659,8659,9,24-07-2025,Pending,9395.65
8660,8660,8660,10,16-03-2025,Completed,3868.47
8661,8661,8661,2,24-03-2026,Pending,1518.56
8662,8662,8662,3,09-01-2026,NA,9813.21
8663,8663,8663,9,07-01-2025,Cancelled,6579.95
8664,8664,8664,-2,15-01-2025,Completed,8585.04
8665,8665,8665,2,05-10-2025,Completed,6000.62
8666,8666,8666,10,19-06-2025,Cancelled,9983.07
8667,8667,8667,6,23-12-2024,Pending,3502
8668,8668,8668,4,12-11-2024,Cancelled,12983.35
8669,8669,8669,2,22-10-2023,NA,2832.93
8670,8670,8670,8,16-11-2025,Pending,1062.95
8671,8671,8671,4,21-06-2025,NA,10558.92
8672,8672,8672,-2,13-05-2023,NA,1855.66
8673,8673,8673,10,21-07-2023,Pending,9764.22
8674,8674,8674,4,14-10-2024,Completed,7582.27
8675,8675,8675,2,13-02-2025,Cancelled,6176.38
8676,8676,8676,6,29-01-2024,Cancelled,2411.85
8677,8677,8677,3,30-07-2024,Pending,972.91
8678,8678,8678,8,23-08-2024,Pending,6104.35
8679,8679,8679,4,08-07-2024,NA,384.1
8680,8680,8680,1,18-10-2023,NA,6786.79
8681,8681,8681,3,16-02-2025,Pending,3217.14
8682,8682,8682,5,05-04-2024,NA,9282.18
8683,8683,8683,10,29-03-2024,Completed,9427.26
8684,8684,8684,6,18-07-2024,NA,12446.39
8685,8685,8685,1,11-03-2025,Completed,5784.12
8686,8686,8686,9,27-10-2024,Completed,1374.41
8687,8687,8687,10,23-06-2025,NA,8978.13
8688,8688,8688,9,10-08-2024,NA,3102.76
8689,8689,8689,10,07-01-2025,Pending,8230.89
8690,8690,8690,9,18-10-2023,Completed,5474.13
8691,8691,8691,1,12-08-2023,NA,12989.56
8692,8692,8692,5,15-07-2025,Cancelled,9437.38
8693,8693,8693,4,04-09-2023,Pending,7518.35
8694,8694,8694,10,10-12-2023,Cancelled,4486.26
8695,8695,8695,1,17-12-2023,NA,3948.63
8696,8696,8696,10,07-02-2026,Cancelled,9499.29
8697,8697,8697,4,06-09-2024,NA,8260.88
8698,8698,8698,9,08-08-2023,Completed,10035.06
8699,8699,8699,3,22-06-2023,Completed,4232.56
8700,8700,8700,9,20-12-2024,NA,1746.28
8701,8701,8701,3,12-09-2023,Completed,5018.29
8702,8702,8702,5,22-12-2025,Completed,3233.32
8703,8703,8703,1,11-03-2026,Completed,7915.87
8704,8704,8704,3,02-11-2025,Completed,7099.08
8705,8705,8705,7,09-07-2024,Pending,1708.25
8706,8706,8706,8,16-09-2025,Cancelled,759.6
8707,8707,8707,4,10-01-2025,NA,3597.67
8708,8708,8708,6,14-07-2025,Completed,11664.33
8709,8709,8709,4,30-12-2024,Completed,552.5
8710,8710,8710,-2,13-08-2024,Completed,10814.15
8711,8711,8711,10,11-10-2023,Pending,9627.91
8712,8712,8712,5,06-06-2025,Pending,8829.5
8713,8713,8713,-2,23-08-2025,Completed,3304.72
8714,8714,8714,8,19-12-2024,Pending,7151.62
8715,8715,8715,5,25-05-2024,Pending,12313.21
8716,8716,8716,10,26-07-2024,Cancelled,12285.81
8717,8717,8717,9,01-09-2025,Completed,5413.57
8718,8718,8718,8,09-01-2024,Completed,7546.32
8719,8719,8719,4,19-05-2024,Completed,9606.68
8720,8720,8720,5,17-10-2024,Pending,511
8721,8721,8721,6,05-07-2024,Pending,9504.02
8722,8722,8722,8,04-07-2025,Pending,0
8723,8723,8723,9,21-08-2023,Completed,1879.55
8724,8724,8724,3,23-06-2024,Completed,2240.6
8725,8725,8725,4,24-07-2023,NA,4314.66
8726,8726,8726,2,24-02-2024,NA,14820.47
8727,8727,8727,6,21-08-2023,Cancelled,9069.82
8728,8728,8728,2,14-03-2024,NA,7418.42
8729,8729,8729,-2,12-02-2026,Completed,9833.58
8730,8730,8730,10,15-12-2024,Cancelled,4279.2
8731,8731,8731,8,13-12-2024,Completed,4808.09
8732,8732,8732,10,12-07-2024,Cancelled,11039.79
8733,8733,8733,9,03-08-2024,NA,6268.56
8734,8734,8734,-2,07-01-2026,Completed,5994.12
8735,8735,8735,2,03-07-2024,Completed,9555.26
8736,8736,8736,3,12-07-2024,Completed,3058.34
8737,8737,8737,8,08-01-2025,Completed,1997.72
8738,8738,8738,7,14-10-2023,NA,12607.51
8739,8739,8739,6,02-06-2023,Cancelled,0
8740,8740,8740,6,19-04-2025,Completed,12982.66
8741,8741,8741,6,20-02-2026,Pending,3921.5
8742,8742,8742,1,08-11-2023,Pending,3542.35
8743,8743,8743,3,14-03-2025,Completed,9678.51
8744,8744,8744,5,21-04-2024,NA,8430.29
8745,8745,8745,-2,24-11-2023,NA,1643.78
8746,8746,8746,7,30-07-2025,Completed,4868.38
8747,8747,8747,-2,28-08-2024,Pending,277.68
8748,8748,8748,9,03-08-2023,Pending,13676.91
8749,8749,8749,4,04-06-2023,Completed,3012.18
8750,8750,8750,7,19-12-2024,Cancelled,3941.32
8751,8751,8751,4,06-09-2023,Cancelled,3451.74
8752,8752,8752,-2,11-05-2023,Cancelled,6925.26
8753,8753,8753,-2,15-04-2024,NA,10851.97
8754,8754,8754,9,06-10-2023,Completed,11412.14
8755,8755,8755,1,27-04-2024,Cancelled,7222.89
8756,8756,8756,4,05-08-2025,Pending,2128.9
8757,8757,8757,9,16-03-2026,Completed,3600.28
8758,8758,8758,7,12-01-2026,NA,7115.62
8759,8759,8759,9,12-02-2026,Pending,13189.16
8760,8760,8760,5,24-10-2023,Completed,8045.47
8761,8761,8761,3,08-09-2024,Pending,10133.53
8762,8762,8762,6,29-10-2025,NA,3182.68
8763,8763,8763,2,13-09-2023,Pending,8518.53
8764,8764,8764,4,29-08-2024,Completed,12723.52
8765,8765,8765,1,01-08-2024,NA,3290.75
8766,8766,8766,2,16-09-2025,Cancelled,7819.67
8767,8767,8767,5,10-02-2026,Pending,14119.99
8768,8768,8768,1,26-12-2023,Cancelled,6703.52
8769,8769,8769,10,03-07-2025,Completed,2817.02
8770,8770,8770,7,18-02-2024,NA,9330.85
8771,8771,8771,10,08-10-2024,Completed,8874.12
8772,8772,8772,7,06-08-2023,NA,6564.9
8773,8773,8773,0,25-04-2026,NA,5469.1
8774,8774,8774,7,14-07-2025,NA,7139.99
8775,8775,8775,1,11-10-2023,Completed,9933.76
8776,8776,8776,4,09-02-2025,Completed,8716.65
8777,8777,8777,-2,11-04-2024,Pending,12080.49
8778,8778,8778,5,22-03-2025,Completed,3970.13
8779,8779,8779,4,21-04-2024,Completed,8690.12
8780,8780,8780,4,12-01-2024,Completed,13443.89
8781,8781,8781,6,09-10-2025,Cancelled,7266.63
8782,8782,8782,8,16-05-2024,Completed,6038.99
8783,8783,8783,3,17-01-2026,Completed,9750.31
8784,8784,8784,-2,25-08-2025,Cancelled,9740.77
8785,8785,8785,9,09-03-2026,Completed,7987.58
8786,8786,8786,6,30-07-2025,Pending,1869.39
8787,8787,8787,2,05-03-2026,NA,3546.95
8788,8788,8788,2,13-08-2023,NA,0
8789,8789,8789,1,29-12-2025,NA,2055.01
8790,8790,8790,7,17-08-2024,Completed,3849.39
8791,8791,8791,6,08-05-2025,Completed,14084.33
8792,8792,8792,0,27-08-2024,Pending,13281.33
8793,8793,8793,8,28-05-2024,NA,12003.7
8794,8794,8794,3,19-09-2024,Completed,569.01
8795,8795,8795,6,30-10-2024,Pending,14538.14
8796,8796,8796,4,07-10-2023,NA,5834.99
8797,8797,8797,5,05-02-2024,Pending,6417.21
8798,8798,8798,3,17-02-2025,NA,1957.36
8799,8799,8799,5,23-08-2025,Completed,5133.65
8800,8800,8800,9,25-09-2025,Pending,13411.95
8801,8801,8801,8,11-09-2025,NA,6279.18
8802,8802,8802,6,05-10-2025,Cancelled,846.71
8803,8803,8803,6,24-09-2024,Completed,9615.96
8804,8804,8804,5,29-10-2024,Pending,10975.12
8805,8805,8805,1,13-06-2025,Pending,13060.63
8806,8806,8806,2,08-02-2024,Completed,8781.83
8807,8807,8807,3,05-07-2025,NA,13785.55
8808,8808,8808,4,04-03-2025,Completed,9297.93
8809,8809,8809,-2,25-09-2024,Completed,13590.89
8810,8810,8810,5,25-01-2024,Pending,6589.11
8811,8811,8811,7,24-02-2025,Cancelled,13158.95
8812,8812,8812,5,06-10-2025,Cancelled,11703.36
8813,8813,8813,4,01-09-2023,Pending,8366.57
8814,8814,8814,5,22-01-2026,NA,12181.32
8815,8815,8815,0,30-11-2025,Completed,13251.68
8816,8816,8816,8,25-04-2025,NA,4708.97
8817,8817,8817,2,26-04-2024,Completed,10530.07
8818,8818,8818,6,10-12-2023,Completed,7591.96
8819,8819,8819,-2,20-08-2024,Cancelled,3822.42
8820,8820,8820,4,14-01-2025,Completed,3108.23
8821,8821,8821,3,04-06-2024,Pending,10092.05
8822,8822,8822,4,14-06-2023,NA,3810.44
8823,8823,8823,8,19-03-2026,Pending,380.28
8824,8824,8824,9,01-04-2025,Completed,5143.67
8825,8825,8825,3,27-10-2024,Completed,13864.99
8826,8826,8826,3,24-11-2025,NA,3917.03
8827,8827,8827,2,25-10-2024,Cancelled,1619.81
8828,8828,8828,5,28-07-2025,NA,14640.62
8829,8829,8829,1,02-03-2026,Cancelled,5714.92
8830,8830,8830,2,30-03-2024,Completed,11293.32
8831,8831,8831,0,26-07-2025,Completed,7215.54
8832,8832,8832,4,24-12-2024,Pending,13667.49
8833,8833,8833,0,12-12-2024,Completed,10845.29
8834,8834,8834,10,01-05-2025,Pending,13758.3
8835,8835,8835,7,02-10-2024,Pending,0
8836,8836,8836,9,08-12-2025,Pending,5961.45
8837,8837,8837,2,25-04-2025,Cancelled,0
8838,8838,8838,3,25-05-2023,NA,2547.36
8839,8839,8839,4,04-04-2025,Pending,4524.25
8840,8840,8840,10,22-01-2026,Completed,4605.87
8841,8841,8841,9,22-08-2024,Pending,4056.02
8842,8842,8842,10,07-02-2024,Completed,1486.92
8843,8843,8843,0,17-07-2025,Completed,6899.72
8844,8844,8844,2,09-09-2023,Completed,5533.6
8845,8845,8845,0,25-09-2023,Cancelled,0
8846,8846,8846,5,17-11-2023,Completed,8571.7
8847,8847,8847,8,26-07-2025,Completed,1597.05
8848,8848,8848,0,27-11-2025,Cancelled,14803.62
8849,8849,8849,3,06-03-2025,Completed,2878.24
8850,8850,8850,7,15-03-2025,NA,1703.5
8851,8851,8851,0,11-07-2023,Pending,913.31
8852,8852,8852,2,10-09-2025,NA,9811.33
8853,8853,8853,1,15-05-2023,Completed,553.99
8854,8854,8854,2,16-01-2024,Pending,3903.97
8855,8855,8855,1,10-09-2024,Cancelled,12015.19
8856,8856,8856,1,30-03-2024,Cancelled,3975.81
8857,8857,8857,2,09-03-2025,Completed,11171.16
8858,8858,8858,7,02-04-2024,Completed,13844.98
8859,8859,8859,9,21-03-2025,Completed,2468.85
8860,8860,8860,4,02-12-2025,Completed,4031.76
8861,8861,8861,4,15-12-2025,Completed,8518.89
8862,8862,8862,0,05-12-2023,Completed,1388.35
8863,8863,8863,5,25-12-2024,Completed,867.73
8864,8864,8864,5,08-02-2024,Completed,1445.92
8865,8865,8865,2,30-05-2025,Completed,13373.31
8866,8866,8866,2,16-03-2025,Completed,7576.28
8867,8867,8867,10,18-05-2023,NA,12625.94
8868,8868,8868,0,04-05-2025,Cancelled,4270.1
8869,8869,8869,6,25-08-2023,Completed,804.58
8870,8870,8870,4,31-03-2024,Completed,12455.05
8871,8871,8871,8,11-03-2026,NA,4709.56
8872,8872,8872,4,15-06-2024,Pending,2167.35
8873,8873,8873,4,09-11-2023,NA,1482
8874,8874,8874,9,05-06-2023,Completed,9407.67
8875,8875,8875,5,24-11-2024,Pending,12088.18
8876,8876,8876,-2,05-03-2026,Completed,3073.73
8877,8877,8877,2,15-04-2026,Completed,10431.84
8878,8878,8878,1,26-07-2025,Completed,9104.07
8879,8879,8879,7,26-03-2024,Completed,7380.03
8880,8880,8880,10,04-10-2023,Completed,14779.74
8881,8881,8881,0,09-11-2024,Completed,11059.41
8882,8882,8882,8,18-12-2023,Cancelled,12880.51
8883,8883,8883,-2,25-12-2023,Cancelled,4391.53
8884,8884,8884,4,20-09-2025,Completed,5308.59
8885,8885,8885,10,05-11-2023,Completed,10740.18
8886,8886,8886,4,12-05-2024,Completed,1143.09
8887,8887,8887,5,25-10-2025,Completed,11957.34
8888,8888,8888,4,27-04-2026,NA,7671.68
8889,8889,8889,4,14-09-2025,Pending,7115.43
8890,8890,8890,-2,07-04-2026,Completed,5655.17
8891,8891,8891,-2,25-06-2023,Completed,5721.68
8892,8892,8892,7,27-12-2024,Pending,2270.86
8893,8893,8893,7,28-10-2023,Pending,1167.09
8894,8894,8894,2,07-03-2026,Completed,54.58
8895,8895,8895,3,31-12-2025,Pending,9154.54
8896,8896,8896,10,09-06-2023,Pending,224.42
8897,8897,8897,0,09-03-2024,NA,1511.63
8898,8898,8898,0,26-05-2023,Completed,4139.52
8899,8899,8899,0,28-11-2025,NA,12227.05
8900,8900,8900,5,30-06-2023,Completed,2448.79
8901,8901,8901,0,25-07-2023,Completed,9048.58
8902,8902,8902,3,14-07-2023,Completed,8416.84
8903,8903,8903,9,30-07-2024,Cancelled,8164.07
8904,8904,8904,8,08-06-2024,Completed,10221.57
8905,8905,8905,10,06-06-2024,Completed,13036.34
8906,8906,8906,-2,02-12-2024,Pending,11864.8
8907,8907,8907,6,16-10-2024,NA,13202.26
8908,8908,8908,1,08-01-2025,NA,9422.45
8909,8909,8909,7,17-05-2024,Completed,14179.85
8910,8910,8910,-2,12-03-2024,Cancelled,11273.3
8911,8911,8911,8,05-08-2024,Pending,11870.2
8912,8912,8912,1,28-03-2024,Cancelled,442.06
8913,8913,8913,8,22-02-2024,Cancelled,14766.17
8914,8914,8914,7,23-11-2025,Pending,9581.15
8915,8915,8915,4,17-03-2026,Cancelled,7181.32
8916,8916,8916,3,26-09-2023,Completed,13649.03
8917,8917,8917,6,11-06-2023,Completed,9682.8
8918,8918,8918,9,10-05-2024,Cancelled,7825.8
8919,8919,8919,6,24-03-2026,Cancelled,6008.59
8920,8920,8920,4,02-03-2025,NA,64.05
8921,8921,8921,2,14-04-2026,Completed,2179.48
8922,8922,8922,10,11-07-2025,Pending,497.02
8923,8923,8923,4,27-02-2026,Cancelled,1152.7
8924,8924,8924,6,25-10-2024,Cancelled,1059.93
8925,8925,8925,6,10-02-2026,Completed,2891.37
8926,8926,8926,0,15-09-2024,Completed,5608.45
8927,8927,8927,9,25-03-2025,Completed,6767.9
8928,8928,8928,-2,15-09-2024,Completed,4504.57
8929,8929,8929,2,19-10-2023,Completed,4997.65
8930,8930,8930,-2,15-06-2024,Completed,6350.81
8931,8931,8931,-2,21-04-2026,Pending,2384.26
8932,8932,8932,6,23-01-2024,Cancelled,14702.46
8933,8933,8933,5,29-06-2025,Completed,13615.07
8934,8934,8934,1,25-01-2026,Completed,370.36
8935,8935,8935,5,13-10-2025,Pending,2014.31
8936,8936,8936,1,08-08-2025,Pending,5092.83
8937,8937,8937,9,11-07-2025,Completed,6088.61
8938,8938,8938,3,03-06-2025,Pending,1183.63
8939,8939,8939,3,15-09-2024,Completed,1149.82
8940,8940,8940,9,21-02-2026,Pending,12834.91
8941,8941,8941,3,20-05-2025,Completed,9175.61
8942,8942,8942,10,04-01-2025,Completed,1458.48
8943,8943,8943,8,18-11-2023,Pending,4727.56
8944,8944,8944,3,03-09-2023,Cancelled,5410.72
8945,8945,8945,4,19-09-2025,Cancelled,2413.51
8946,8946,8946,7,31-10-2023,Completed,8379.99
8947,8947,8947,0,02-11-2024,Cancelled,10613.61
8948,8948,8948,1,08-03-2024,Completed,6438.58
8949,8949,8949,4,16-08-2023,Completed,3874.75
8950,8950,8950,0,07-02-2024,Pending,7153.36
8951,8951,8951,7,07-01-2025,Completed,11492.85
8952,8952,8952,5,18-02-2025,Cancelled,7756.81
8953,8953,8953,-2,12-01-2025,Completed,2649.37
8954,8954,8954,0,17-08-2025,NA,4445.03
8955,8955,8955,-2,18-03-2025,Completed,12134.74
8956,8956,8956,6,14-02-2024,NA,4176.34
8957,8957,8957,4,11-10-2023,Completed,10449.72
8958,8958,8958,3,03-03-2025,Completed,10966.5
8959,8959,8959,1,06-07-2025,Completed,14866.97
8960,8960,8960,10,01-09-2024,NA,1631.71
8961,8961,8961,4,08-10-2025,Cancelled,12340.7
8962,8962,8962,5,13-09-2025,Completed,14746.45
8963,8963,8963,8,11-01-2025,Pending,12910.6
8964,8964,8964,0,13-11-2025,Completed,9696.36
8965,8965,8965,9,23-10-2025,NA,11416.32
8966,8966,8966,8,11-08-2023,Completed,13782.58
8967,8967,8967,3,04-01-2025,Cancelled,12986.71
8968,8968,8968,8,06-12-2024,Completed,3422.02
8969,8969,8969,0,11-11-2024,NA,5242.97
8970,8970,8970,0,17-05-2025,Completed,12550.46
8971,8971,8971,3,25-03-2026,Pending,11358.16
8972,8972,8972,9,29-08-2025,Completed,8292.2
8973,8973,8973,7,27-07-2024,Cancelled,13521.18
8974,8974,8974,1,21-12-2023,Completed,14104.51
8975,8975,8975,7,24-12-2023,Pending,2894.35
8976,8976,8976,8,01-07-2025,NA,5810.48
8977,8977,8977,3,31-12-2023,Pending,4072.88
8978,8978,8978,3,07-09-2023,Pending,7866.08
8979,8979,8979,4,18-02-2026,Cancelled,7899.87
8980,8980,8980,0,31-10-2024,Completed,10411.37
8981,8981,8981,1,18-07-2025,Pending,2170.22
8982,8982,8982,7,02-06-2024,Completed,182.92
8983,8983,8983,4,03-01-2026,Cancelled,7820.53
8984,8984,8984,2,23-02-2024,NA,14064.18
8985,8985,8985,5,01-12-2023,NA,11925.82
8986,8986,8986,6,05-08-2024,Completed,5060.36
8987,8987,8987,9,17-06-2023,NA,1873.37
8988,8988,8988,8,03-04-2025,Completed,1970.73
8989,8989,8989,0,02-05-2026,Completed,3679.23
8990,8990,8990,8,20-06-2024,NA,8176.05
8991,8991,8991,6,19-06-2024,Pending,1351.72
8992,8992,8992,4,27-02-2024,Completed,3077.79
8993,8993,8993,7,29-09-2023,Completed,5851.27
8994,8994,8994,4,07-03-2025,Completed,9074.3
8995,8995,8995,4,20-09-2025,Completed,8279.85
8996,8996,8996,0,15-11-2024,Completed,8088.07
8997,8997,8997,4,27-05-2025,Completed,10403.63
8998,8998,8998,2,29-08-2023,Completed,1749.85
8999,8999,8999,4,17-07-2024,NA,14976.56
9000,9000,9000,5,21-04-2026,Completed,11682.63
9001,9001,9001,8,08-08-2023,Completed,9576.92
9002,9002,9002,4,15-05-2023,Completed,2285.17
9003,9003,9003,5,08-06-2025,Completed,6922.1
9004,9004,9004,6,22-05-2024,NA,12757.24
9005,9005,9005,8,09-03-2025,Completed,3344.04
9006,9006,9006,4,13-03-2026,Completed,5337.81
9007,9007,9007,0,18-06-2023,Cancelled,2668.78
9008,9008,9008,8,30-10-2023,Completed,12945.86
9009,9009,9009,5,30-01-2024,Completed,10574.69
9010,9010,9010,8,31-03-2026,Cancelled,14988.18
9011,9011,9011,8,22-02-2026,Pending,3250.15
9012,9012,9012,0,27-11-2024,Pending,13688.52
9013,9013,9013,8,16-01-2025,Completed,632.42
9014,9014,9014,3,05-04-2025,Cancelled,346.3
9015,9015,9015,9,04-06-2025,NA,6776.57
9016,9016,9016,10,03-09-2024,Cancelled,7806.32
9017,9017,9017,-2,27-07-2025,Completed,10470.64
9018,9018,9018,1,26-03-2024,Pending,2136.43
9019,9019,9019,2,09-12-2024,Cancelled,12665.21
9020,9020,9020,4,11-11-2024,Cancelled,13751.78
9021,9021,9021,10,12-06-2023,Completed,10310.81
9022,9022,9022,10,26-02-2025,Cancelled,734.03
9023,9023,9023,5,03-06-2024,Completed,8680.38
9024,9024,9024,2,31-10-2024,Completed,0
9025,9025,9025,1,14-06-2024,Completed,8060.52
9026,9026,9026,1,07-03-2024,Completed,9334.97
9027,9027,9027,4,26-06-2023,Completed,6149.57
9028,9028,9028,7,07-12-2023,Completed,8254.7
9029,9029,9029,5,02-09-2023,Pending,2180.83
9030,9030,9030,-2,26-09-2025,NA,13531.67
9031,9031,9031,9,22-07-2023,Completed,98.39
9032,9032,9032,4,01-01-2025,Cancelled,8467.03
9033,9033,9033,1,01-01-2024,Pending,5934.72
9034,9034,9034,4,30-04-2026,Cancelled,11166.68
9035,9035,9035,7,08-02-2025,NA,2442.1
9036,9036,9036,6,27-11-2023,Pending,7382.41
9037,9037,9037,3,09-10-2024,Cancelled,7731
9038,9038,9038,6,18-05-2025,Completed,0
9039,9039,9039,7,16-05-2023,NA,9721.65
9040,9040,9040,0,08-07-2025,Completed,3427.29
9041,9041,9041,2,17-12-2025,Completed,6346.63
9042,9042,9042,1,24-08-2024,NA,4085.86
9043,9043,9043,3,29-08-2025,NA,2959.23
9044,9044,9044,5,10-01-2026,Completed,2598.4
9045,9045,9045,9,26-10-2024,Cancelled,8316.66
9046,9046,9046,1,18-03-2025,NA,11702.78
9047,9047,9047,3,22-06-2025,Completed,14161.56
9048,9048,9048,8,17-06-2023,Cancelled,0
9049,9049,9049,5,10-01-2026,NA,8906.79
9050,9050,9050,1,22-09-2024,Pending,2435.97
9051,9051,9051,1,17-09-2025,Cancelled,0
9052,9052,9052,10,19-04-2024,NA,14838.08
9053,9053,9053,6,07-08-2023,NA,1321.63
9054,9054,9054,0,12-06-2025,Completed,7750.21
9055,9055,9055,1,23-05-2023,Cancelled,3412.6
9056,9056,9056,4,22-10-2025,Completed,6602.6
9057,9057,9057,4,08-11-2025,Completed,10245.42
9058,9058,9058,4,24-02-2025,Pending,13293.67
9059,9059,9059,4,27-01-2026,Completed,1305.23
9060,9060,9060,7,18-02-2025,NA,3020.82
9061,9061,9061,4,19-07-2024,Pending,10408.1
9062,9062,9062,0,16-03-2026,Completed,9051.34
9063,9063,9063,4,01-10-2023,NA,11097.59
9064,9064,9064,4,06-05-2023,NA,2206.73
9065,9065,9065,6,15-11-2024,NA,11734.41
9066,9066,9066,2,10-09-2023,Completed,3221.71
9067,9067,9067,-2,06-12-2025,Cancelled,13932.95
9068,9068,9068,4,06-11-2025,Pending,14234.6
9069,9069,9069,7,25-10-2024,Cancelled,11971.21
9070,9070,9070,4,19-07-2023,Completed,6497.65
9071,9071,9071,9,03-11-2025,Completed,12648.57
9072,9072,9072,10,26-09-2025,NA,13642.64
9073,9073,9073,1,31-10-2023,NA,2703.18
9074,9074,9074,2,09-11-2024,Completed,3853.1
9075,9075,9075,5,15-04-2024,NA,259.42
9076,9076,9076,3,04-06-2023,Cancelled,8718.07
9077,9077,9077,7,23-03-2026,Cancelled,12606.18
9078,9078,9078,8,22-07-2024,Cancelled,7626.23
9079,9079,9079,8,17-07-2023,Completed,4502.46
9080,9080,9080,-2,05-05-2026,Pending,14936.82
9081,9081,9081,2,03-05-2024,Pending,14134.21
9082,9082,9082,10,26-02-2025,Completed,11384.02
9083,9083,9083,4,17-10-2024,Completed,13584.59
9084,9084,9084,10,01-09-2025,Cancelled,12850.19
9085,9085,9085,9,12-06-2024,NA,12323.84
9086,9086,9086,10,30-03-2025,NA,2092.95
9087,9087,9087,0,14-09-2025,Cancelled,4840.71
9088,9088,9088,4,09-12-2023,Completed,11535.59
9089,9089,9089,8,30-05-2024,Cancelled,2360.23
9090,9090,9090,2,13-01-2024,Completed,0
9091,9091,9091,1,11-05-2023,Completed,12763
9092,9092,9092,1,16-12-2023,Completed,13951.07
9093,9093,9093,9,15-09-2023,Completed,1299.75
9094,9094,9094,2,28-04-2024,Pending,544.99
9095,9095,9095,7,27-06-2024,Completed,4858.84
9096,9096,9096,7,06-04-2025,Completed,12948.89
9097,9097,9097,7,20-08-2023,Completed,8317.72
9098,9098,9098,3,03-07-2025,Completed,9906.66
9099,9099,9099,4,14-09-2024,NA,10397.81
9100,9100,9100,-2,23-09-2024,NA,9142.09
9101,9101,9101,8,24-04-2026,Completed,13418.35
9102,9102,9102,9,15-11-2025,NA,9717.85
9103,9103,9103,3,27-06-2024,Cancelled,10707.85
9104,9104,9104,5,29-03-2024,NA,2584.37
9105,9105,9105,5,03-07-2023,NA,3729.17
9106,9106,9106,5,26-05-2023,Pending,5283.18
9107,9107,9107,0,13-05-2025,NA,9562.08
9108,9108,9108,2,07-03-2024,Completed,4646.58
9109,9109,9109,3,25-09-2023,Cancelled,9821.27
9110,9110,9110,-2,13-08-2025,Completed,8476.05
9111,9111,9111,8,01-01-2024,Cancelled,12441.91
9112,9112,9112,8,28-06-2024,Pending,14628.01
9113,9113,9113,0,25-08-2025,Cancelled,9718.96
9114,9114,9114,0,26-05-2025,Completed,1356.4
9115,9115,9115,2,15-03-2026,Completed,3927.69
9116,9116,9116,1,04-07-2025,Completed,9507.4
9117,9117,9117,10,16-07-2025,Completed,4064.63
9118,9118,9118,3,08-12-2023,Completed,5034.62
9119,9119,9119,4,22-06-2024,NA,7879.17
9120,9120,9120,7,18-07-2023,Pending,3159.64
9121,9121,9121,3,24-11-2024,Completed,4390.75
9122,9122,9122,3,28-11-2024,Pending,9322.26
9123,9123,9123,4,14-09-2024,Completed,474.66
9124,9124,9124,4,28-05-2024,Completed,8760.65
9125,9125,9125,8,02-06-2024,Completed,1980.01
9126,9126,9126,9,02-09-2024,Pending,298.15
9127,9127,9127,10,03-07-2024,Completed,12334.27
9128,9128,9128,3,20-04-2024,NA,7281.63
9129,9129,9129,3,07-08-2024,NA,11049.22
9130,9130,9130,6,21-09-2023,Completed,11816.11
9131,9131,9131,6,18-09-2024,NA,161.16
9132,9132,9132,4,10-08-2025,NA,489.95
9133,9133,9133,3,20-12-2023,NA,2699.01
9134,9134,9134,0,20-02-2024,NA,2472.36
9135,9135,9135,6,27-10-2024,Pending,2499.76
9136,9136,9136,4,09-06-2023,NA,12562.55
9137,9137,9137,0,17-02-2026,NA,12775.35
9138,9138,9138,4,19-10-2025,Cancelled,10757.3
9139,9139,9139,1,02-01-2026,Completed,9552.49
9140,9140,9140,0,22-06-2023,NA,8641.64
9141,9141,9141,7,16-06-2025,Completed,13294.16
9142,9142,9142,3,22-07-2024,Pending,7529.32
9143,9143,9143,0,03-11-2024,NA,2319.32
9144,9144,9144,9,12-11-2024,Completed,3507.12
9145,9145,9145,9,22-06-2025,Cancelled,6860.18
9146,9146,9146,7,31-01-2026,NA,5550.84
9147,9147,9147,8,27-11-2025,NA,7156.09
9148,9148,9148,3,21-09-2024,Completed,10874.65
9149,9149,9149,0,01-01-2024,Completed,3407.83
9150,9150,9150,10,12-03-2024,Pending,12870.93
9151,9151,9151,0,24-04-2025,Completed,13761.86
9152,9152,9152,7,25-07-2024,NA,3084.87
9153,9153,9153,6,08-06-2023,Completed,8597.31
9154,9154,9154,1,15-04-2026,Pending,4068.44
9155,9155,9155,7,30-04-2025,NA,8235.63
9156,9156,9156,10,09-06-2023,NA,4112.16
9157,9157,9157,0,08-03-2025,Completed,13526.46
9158,9158,9158,4,09-10-2024,Pending,2966.04
9159,9159,9159,1,30-12-2025,Completed,2973.45
9160,9160,9160,1,29-05-2024,Completed,2224.93
9161,9161,9161,2,19-02-2024,Completed,815.97
9162,9162,9162,-2,17-01-2025,NA,3883.48
9163,9163,9163,2,01-08-2025,NA,9907.25
9164,9164,9164,2,27-12-2023,NA,11893.62
9165,9165,9165,3,01-08-2024,NA,13464.73
9166,9166,9166,6,18-06-2024,NA,2963.34
9167,9167,9167,0,18-04-2024,Cancelled,10406.45
9168,9168,9168,10,20-08-2024,Completed,12292.16
9169,9169,9169,7,27-05-2025,NA,7135.38
9170,9170,9170,9,16-03-2024,Pending,19.16
9171,9171,9171,7,21-01-2025,Cancelled,14895.3
9172,9172,9172,10,27-07-2024,Completed,5992.5
9173,9173,9173,6,05-11-2023,Completed,6637.36
9174,9174,9174,1,30-08-2024,Completed,10315.61
9175,9175,9175,5,12-01-2024,NA,8751.05
9176,9176,9176,4,20-12-2023,Pending,12783.34
9177,9177,9177,1,12-09-2024,Completed,4649.43
9178,9178,9178,4,08-04-2026,Cancelled,4085.96
9179,9179,9179,9,09-04-2026,Pending,13017.57
9180,9180,9180,4,16-02-2024,Completed,2615.05
9181,9181,9181,2,12-07-2024,NA,9378.63
9182,9182,9182,5,21-01-2025,NA,8636.42
9183,9183,9183,10,13-12-2023,Completed,13217.12
9184,9184,9184,4,28-10-2025,Pending,6265.65
9185,9185,9185,1,15-02-2025,NA,12713.71
9186,9186,9186,4,11-08-2023,Completed,14967.43
9187,9187,9187,4,25-08-2025,Completed,8106.89
9188,9188,9188,1,11-02-2025,Pending,1280.32
9189,9189,9189,0,30-06-2023,Completed,5487.2
9190,9190,9190,-2,04-03-2025,Completed,7407.86
9191,9191,9191,10,13-03-2024,NA,3636.8
9192,9192,9192,5,02-02-2025,Cancelled,12746.36
9193,9193,9193,7,25-03-2024,Cancelled,11321.64
9194,9194,9194,0,19-11-2024,Completed,14767.14
9195,9195,9195,-2,09-09-2023,Completed,1010.1
9196,9196,9196,4,04-11-2024,Cancelled,4700.22
9197,9197,9197,1,12-08-2024,Pending,0
9198,9198,9198,7,09-03-2024,NA,9115.5
9199,9199,9199,9,16-03-2024,Cancelled,4663.15
9200,9200,9200,7,11-05-2024,Completed,14967.68
9201,9201,9201,7,06-06-2023,NA,0
9202,9202,9202,1,13-01-2026,Completed,7045.57
9203,9203,9203,8,18-12-2023,Cancelled,7130.17
9204,9204,9204,9,29-04-2024,Cancelled,7806.03
9205,9205,9205,10,18-06-2023,Completed,3498.47
9206,9206,9206,2,09-07-2025,Cancelled,14687.43
9207,9207,9207,5,02-01-2025,NA,1163.99
9208,9208,9208,3,12-09-2023,Pending,12281.88
9209,9209,9209,6,05-09-2024,Completed,7665.96
9210,9210,9210,7,06-02-2024,Cancelled,11970.03
9211,9211,9211,7,26-02-2024,NA,6775.53
9212,9212,9212,7,06-07-2024,Cancelled,13264
9213,9213,9213,7,02-05-2026,Cancelled,410.58
9214,9214,9214,10,20-04-2024,Completed,7834.11
9215,9215,9215,9,13-04-2026,Completed,12518.21
9216,9216,9216,4,02-03-2024,Completed,5329.74
9217,9217,9217,5,06-01-2024,Cancelled,6703.01
9218,9218,9218,9,22-07-2025,Completed,13485.76
9219,9219,9219,9,22-11-2023,NA,4663.36
9220,9220,9220,4,07-01-2024,Completed,5307.54
9221,9221,9221,6,09-06-2023,NA,8783.6
9222,9222,9222,6,12-05-2024,Pending,9260.51
9223,9223,9223,10,16-11-2024,Pending,1099.9
9224,9224,9224,4,12-12-2024,Completed,12696.4
9225,9225,9225,9,21-05-2025,Completed,931.81
9226,9226,9226,8,04-01-2024,Completed,4254.12
9227,9227,9227,4,19-09-2023,Completed,10977.08
9228,9228,9228,4,29-10-2025,Cancelled,1484.79
9229,9229,9229,-2,20-04-2026,Pending,11846.82
9230,9230,9230,9,03-01-2025,NA,14163.04
9231,9231,9231,5,29-08-2025,NA,12613.15
9232,9232,9232,2,25-04-2024,Cancelled,14873.56
9233,9233,9233,4,04-12-2024,Pending,10951.95
9234,9234,9234,7,14-05-2023,Cancelled,8607.93
9235,9235,9235,4,29-07-2024,Pending,12087.99
9236,9236,9236,8,20-10-2023,NA,11132.5
9237,9237,9237,0,27-04-2025,Pending,5858.82
9238,9238,9238,10,11-04-2025,NA,5006.91
9239,9239,9239,6,14-02-2026,NA,4237.28
9240,9240,9240,9,13-04-2026,Cancelled,13715.74
9241,9241,9241,6,11-06-2023,Completed,0
9242,9242,9242,1,20-11-2024,NA,10059.9
9243,9243,9243,8,21-11-2023,Pending,10873.96
9244,9244,9244,-2,23-02-2025,Completed,1230.35
9245,9245,9245,4,11-08-2025,NA,7697.77
9246,9246,9246,5,15-08-2025,NA,9388.88
9247,9247,9247,5,08-07-2023,NA,9761.65
9248,9248,9248,9,09-03-2025,Pending,10493.57
9249,9249,9249,0,12-11-2023,Completed,11639.24
9250,9250,9250,10,10-11-2024,Completed,5248.25
9251,9251,9251,5,24-09-2025,Completed,14042.14
9252,9252,9252,4,26-06-2024,NA,13051.4
9253,9253,9253,3,09-03-2026,Pending,11804.23
9254,9254,9254,-2,04-04-2025,NA,4283.7
9255,9255,9255,8,23-10-2024,Completed,6225
9256,9256,9256,1,01-04-2024,Pending,9552.52
9257,9257,9257,4,24-01-2026,Cancelled,6663.22
9258,9258,9258,0,04-12-2023,Completed,768.74
9259,9259,9259,9,16-04-2024,Completed,7570.35
9260,9260,9260,4,24-10-2025,Cancelled,4723.46
9261,9261,9261,1,21-10-2023,Completed,5903.52
9262,9262,9262,0,26-12-2024,Pending,3379.78
9263,9263,9263,3,16-03-2026,Completed,12477.98
9264,9264,9264,7,13-11-2025,Cancelled,14928.77
9265,9265,9265,4,17-05-2025,Cancelled,11628.3
9266,9266,9266,1,08-06-2023,Completed,13505.04
9267,9267,9267,2,21-05-2024,Completed,5706.38
9268,9268,9268,2,19-02-2026,Completed,4226.82
9269,9269,9269,0,12-01-2025,Cancelled,11154.46
9270,9270,9270,3,06-10-2025,Completed,9552.28
9271,9271,9271,2,09-07-2025,NA,10197
9272,9272,9272,10,04-10-2025,NA,5033.05
9273,9273,9273,6,19-06-2023,Completed,4982.64
9274,9274,9274,2,28-12-2023,Completed,8059.12
9275,9275,9275,0,27-03-2026,Completed,0
9276,9276,9276,10,04-08-2025,NA,11009.83
9277,9277,9277,-2,03-08-2025,NA,3829.15
9278,9278,9278,8,01-02-2025,Completed,115.07
9279,9279,9279,0,23-03-2024,Cancelled,3135.06
9280,9280,9280,-2,28-04-2025,Pending,12183.29
9281,9281,9281,7,08-08-2023,NA,3462.82
9282,9282,9282,0,14-10-2024,Completed,6460.46
9283,9283,9283,6,02-02-2025,NA,2504.73
9284,9284,9284,1,30-11-2023,Completed,3898.94
9285,9285,9285,4,30-03-2025,Completed,6684.53
9286,9286,9286,2,09-11-2024,Completed,2137.12
9287,9287,9287,4,15-02-2025,Completed,5796.63
9288,9288,9288,4,18-05-2025,NA,1106.69
9289,9289,9289,-2,07-09-2025,Completed,5089.59
9290,9290,9290,4,04-01-2024,NA,7470.08
9291,9291,9291,5,25-03-2026,Completed,3020.22
9292,9292,9292,-2,10-12-2023,Cancelled,10653.57
9293,9293,9293,5,30-07-2023,Pending,3791.9
9294,9294,9294,5,11-09-2025,Pending,10068.22
9295,9295,9295,9,12-05-2024,Completed,9443.68
9296,9296,9296,4,31-01-2026,Completed,7480.98
9297,9297,9297,7,05-12-2025,Cancelled,3940.04
9298,9298,9298,8,27-04-2026,Completed,12883.78
9299,9299,9299,4,16-11-2023,NA,14363.49
9300,9300,9300,10,04-01-2025,Cancelled,10163.89
9301,9301,9301,4,23-12-2023,Cancelled,2130.32
9302,9302,9302,2,17-12-2025,NA,10284.19
9303,9303,9303,10,11-09-2025,Cancelled,8412.74
9304,9304,9304,3,23-11-2025,Completed,13293.1
9305,9305,9305,0,30-03-2024,Completed,9055.63
9306,9306,9306,6,17-12-2025,Completed,7936.16
9307,9307,9307,4,21-07-2024,Completed,4890.3
9308,9308,9308,3,28-09-2023,Pending,14390.75
9309,9309,9309,0,26-09-2025,NA,10642.91
9310,9310,9310,7,05-04-2025,NA,10150.67
9311,9311,9311,5,04-09-2023,Cancelled,6406.86
9312,9312,9312,6,15-03-2026,Cancelled,2904.82
9313,9313,9313,5,11-11-2023,Pending,14283.4
9314,9314,9314,5,06-07-2024,Pending,1655.18
9315,9315,9315,4,02-10-2023,NA,6358.1
9316,9316,9316,1,13-10-2024,Completed,9751.13
9317,9317,9317,6,26-08-2024,Completed,7700.65
9318,9318,9318,-2,11-01-2026,Completed,3270.75
9319,9319,9319,9,29-11-2023,NA,2959.61
9320,9320,9320,3,14-08-2025,Pending,4952.53
9321,9321,9321,-2,20-08-2025,NA,14530.74
9322,9322,9322,7,05-01-2024,Completed,4395.19
9323,9323,9323,9,20-03-2024,NA,6972.45
9324,9324,9324,4,19-05-2023,Cancelled,6772.36
9325,9325,9325,9,18-01-2026,Cancelled,14783.38
9326,9326,9326,0,19-03-2025,NA,8837.03
9327,9327,9327,-2,21-09-2023,Completed,9682.15
9328,9328,9328,5,12-09-2024,Pending,1745.76
9329,9329,9329,0,23-11-2024,Cancelled,14217.22
9330,9330,9330,1,30-05-2024,NA,7192.98
9331,9331,9331,7,03-05-2026,Cancelled,10520.88
9332,9332,9332,6,13-06-2025,Pending,9622.53
9333,9333,9333,5,24-04-2025,Pending,12170.58
9334,9334,9334,5,18-09-2025,Completed,122.47
9335,9335,9335,5,31-12-2023,Cancelled,13694.6
9336,9336,9336,0,20-06-2024,NA,5436.05
9337,9337,9337,10,04-12-2024,Cancelled,14976.59
9338,9338,9338,3,27-07-2025,Completed,12888.97
9339,9339,9339,4,27-09-2024,Cancelled,11781.01
9340,9340,9340,9,13-03-2024,NA,4915.1
9341,9341,9341,4,22-06-2023,Completed,367.36
9342,9342,9342,-2,11-11-2024,Completed,5959.17
9343,9343,9343,6,22-06-2023,Cancelled,11483.22
9344,9344,9344,10,01-12-2025,Completed,2888.82
9345,9345,9345,3,02-07-2025,Pending,3227.27
9346,9346,9346,9,31-01-2026,Completed,11858.89
9347,9347,9347,8,22-03-2024,Cancelled,10661.14
9348,9348,9348,9,03-01-2025,Cancelled,12325.82
9349,9349,9349,1,20-02-2025,Completed,6354.55
9350,9350,9350,8,25-06-2025,NA,9400.67
9351,9351,9351,0,28-12-2024,NA,11456.33
9352,9352,9352,10,31-08-2024,Pending,7069.93
9353,9353,9353,-2,31-12-2024,Cancelled,6196.43
9354,9354,9354,2,08-06-2024,Cancelled,3188.48
9355,9355,9355,7,15-02-2024,NA,0
9356,9356,9356,6,09-12-2023,Completed,10303.79
9357,9357,9357,8,30-06-2024,Cancelled,4719.31
9358,9358,9358,3,25-01-2025,NA,4926.58
9359,9359,9359,9,01-03-2024,Completed,7024.3
9360,9360,9360,5,06-03-2024,Pending,13985.31
9361,9361,9361,8,04-04-2026,Pending,10885.47
9362,9362,9362,2,30-01-2024,Completed,6343.4
9363,9363,9363,10,08-10-2025,Cancelled,13634.24
9364,9364,9364,3,13-07-2025,Cancelled,13013.12
9365,9365,9365,5,03-11-2023,Cancelled,13302.97
9366,9366,9366,5,05-10-2025,Completed,6416.16
9367,9367,9367,9,26-12-2025,Cancelled,14375.55
9368,9368,9368,6,23-03-2024,Cancelled,12865.3
9369,9369,9369,10,28-12-2024,Completed,9390.97
9370,9370,9370,4,12-11-2023,Completed,4437.3
9371,9371,9371,0,19-08-2025,Cancelled,10624.08
9372,9372,9372,10,27-12-2025,NA,13873.91
9373,9373,9373,10,24-02-2025,Cancelled,13943.32
9374,9374,9374,5,22-11-2023,Completed,1276.08
9375,9375,9375,-2,23-08-2024,NA,11201.84
9376,9376,9376,4,09-05-2023,Completed,6554.7
9377,9377,9377,8,27-12-2023,Completed,6112.98
9378,9378,9378,4,22-07-2025,Completed,9828.77
9379,9379,9379,4,25-03-2025,Pending,1170.2
9380,9380,9380,9,06-07-2025,NA,8730.75
9381,9381,9381,1,13-05-2025,NA,10201.87
9382,9382,9382,3,13-02-2026,Completed,2890.78
9383,9383,9383,0,06-05-2023,Completed,8820.5
9384,9384,9384,0,10-02-2025,NA,3016.62
9385,9385,9385,8,05-09-2023,Pending,13116.59
9386,9386,9386,9,20-03-2025,Completed,2971.98
9387,9387,9387,2,29-03-2026,Cancelled,8784.59
9388,9388,9388,4,05-10-2025,Cancelled,6420.17
9389,9389,9389,4,12-05-2025,Completed,9479.66
9390,9390,9390,4,21-11-2025,Completed,13681.24
9391,9391,9391,7,16-05-2024,Pending,5346.24
9392,9392,9392,8,06-08-2023,NA,10429.29
9393,9393,9393,0,24-04-2026,NA,5239.73
9394,9394,9394,3,07-06-2025,Pending,5642.94
9395,9395,9395,4,08-10-2024,Cancelled,382.92
9396,9396,9396,1,09-10-2023,NA,9943.78
9397,9397,9397,2,05-09-2025,Cancelled,12647.86
9398,9398,9398,8,13-11-2025,Cancelled,4233.99
9399,9399,9399,8,04-02-2026,Cancelled,14448.61
9400,9400,9400,9,01-05-2024,Cancelled,1035.79
9401,9401,9401,7,08-03-2026,Completed,1521.2
9402,9402,9402,1,19-06-2025,Pending,5545.86
9403,9403,9403,-2,03-11-2025,Pending,782.48
9404,9404,9404,2,13-07-2023,Completed,13798.71
9405,9405,9405,9,27-10-2024,Completed,13875.06
9406,9406,9406,2,24-03-2024,Pending,6958.24
9407,9407,9407,6,16-03-2026,Completed,1371.86
9408,9408,9408,0,19-01-2024,Completed,11852.31
9409,9409,9409,-2,24-02-2026,Cancelled,8563.9
9410,9410,9410,10,19-08-2025,Pending,8438.23
9411,9411,9411,9,21-03-2025,Pending,4055.17
9412,9412,9412,4,14-06-2023,Completed,979.19
9413,9413,9413,5,22-09-2024,NA,1361.51
9414,9414,9414,0,05-05-2024,Pending,3705.91
9415,9415,9415,1,27-05-2023,NA,12538.15
9416,9416,9416,3,26-05-2024,Cancelled,9503.45
9417,9417,9417,4,28-09-2023,NA,4618.13
9418,9418,9418,1,14-01-2024,Completed,8707.57
9419,9419,9419,9,20-05-2024,Completed,10682.17
9420,9420,9420,8,23-09-2023,Cancelled,1731.81
9421,9421,9421,7,16-08-2025,Pending,8584.44
9422,9422,9422,4,18-08-2025,Pending,5197.08
9423,9423,9423,9,09-03-2025,Cancelled,12620.01
9424,9424,9424,3,10-07-2023,Completed,1168.87
9425,9425,9425,3,21-02-2026,Completed,6175.88
9426,9426,9426,3,21-11-2023,NA,1617.59
9427,9427,9427,1,29-11-2024,Completed,14474.31
9428,9428,9428,10,05-12-2025,NA,5713.15
9429,9429,9429,6,13-09-2023,Completed,5096.69
9430,9430,9430,-2,12-07-2024,Completed,4123.89
9431,9431,9431,-2,22-01-2025,Pending,8328.28
9432,9432,9432,2,30-06-2025,Completed,12612.87
9433,9433,9433,9,16-10-2023,NA,13884.01
9434,9434,9434,-2,13-04-2025,Cancelled,209.13
9435,9435,9435,7,10-12-2023,Completed,4642.98
9436,9436,9436,4,28-09-2024,Completed,2907.64
9437,9437,9437,-2,10-09-2023,Completed,5341.03
9438,9438,9438,4,24-11-2023,Cancelled,11262.5
9439,9439,9439,1,06-08-2023,NA,3563.89
9440,9440,9440,4,13-11-2024,Pending,9847.74
9441,9441,9441,0,23-09-2023,NA,9769.55
9442,9442,9442,-2,27-02-2024,Completed,11785.86
9443,9443,9443,3,24-02-2026,Completed,9838.08
9444,9444,9444,8,26-04-2026,Completed,11479.9
9445,9445,9445,-2,21-07-2023,Cancelled,8810.21
9446,9446,9446,10,07-04-2026,Completed,5245.38
9447,9447,9447,3,12-04-2026,Completed,11691.47
9448,9448,9448,7,10-12-2024,Cancelled,14159.08
9449,9449,9449,6,13-01-2025,Completed,1700.14
9450,9450,9450,-2,14-11-2023,Completed,10081.9
9451,9451,9451,6,26-10-2025,Cancelled,2391.12
9452,9452,9452,4,01-04-2025,Pending,621.4
9453,9453,9453,4,29-10-2024,Cancelled,1575.46
9454,9454,9454,6,27-02-2026,Pending,14406.5
9455,9455,9455,-2,26-08-2024,Completed,14826.75
9456,9456,9456,0,24-12-2024,Completed,10125.28
9457,9457,9457,5,05-01-2026,Completed,11558.63
9458,9458,9458,6,26-01-2026,NA,0
9459,9459,9459,5,07-01-2026,Completed,0
9460,9460,9460,5,13-03-2026,Pending,0
9461,9461,9461,10,31-05-2023,Pending,3817.43
9462,9462,9462,0,02-05-2026,NA,12140.06
9463,9463,9463,2,01-01-2026,Pending,6899.57
9464,9464,9464,6,02-02-2026,NA,11461.51
9465,9465,9465,6,12-05-2025,Cancelled,1059.26
9466,9466,9466,6,30-04-2025,Completed,3516.72
9467,9467,9467,4,23-08-2023,Pending,14403.34
9468,9468,9468,7,16-10-2024,Pending,3720.94
9469,9469,9469,7,12-01-2024,Pending,977.9
9470,9470,9470,4,11-04-2025,Cancelled,1902.68
9471,9471,9471,9,03-12-2024,Pending,5439.63
9472,9472,9472,2,09-02-2026,Completed,4520.49
9473,9473,9473,4,18-05-2025,NA,6191.64
9474,9474,9474,4,23-09-2025,NA,1548.72
9475,9475,9475,8,21-12-2023,Pending,11759.57
9476,9476,9476,5,14-12-2023,Pending,5072.62
9477,9477,9477,1,28-02-2024,Completed,13091.84
9478,9478,9478,4,06-06-2025,Completed,7130.85
9479,9479,9479,3,21-03-2024,Completed,11651.59
9480,9480,9480,1,18-12-2025,Pending,8338.97
9481,9481,9481,4,21-10-2025,Completed,3515.56
9482,9482,9482,10,30-05-2023,Completed,13389.42
9483,9483,9483,5,09-03-2024,Completed,10752.55
9484,9484,9484,3,17-06-2025,Completed,3116.22
9485,9485,9485,-2,18-09-2024,Cancelled,7248.23
9486,9486,9486,4,19-01-2024,Completed,9060.27
9487,9487,9487,4,01-06-2023,Pending,8679.19
9488,9488,9488,2,11-09-2024,Cancelled,2728.62
9489,9489,9489,4,13-11-2023,Completed,11468.18
9490,9490,9490,0,14-08-2024,Pending,13874.11
9491,9491,9491,6,08-03-2024,Completed,2544.82
9492,9492,9492,4,25-11-2025,Pending,9307.31
9493,9493,9493,3,14-11-2024,NA,14180.77
9494,9494,9494,4,01-07-2024,Completed,3635.64
9495,9495,9495,9,15-11-2023,Completed,2176.8
9496,9496,9496,0,10-12-2025,NA,205.31
9497,9497,9497,2,02-02-2025,Cancelled,4172.15
9498,9498,9498,0,16-06-2025,Cancelled,8117.45
9499,9499,9499,5,24-04-2026,Completed,10436.08
9500,9500,9500,-2,08-10-2025,Completed,12977.05
9501,9501,9501,4,12-11-2023,Pending,8545.24
9502,9502,9502,5,30-10-2024,Pending,10981.79
9503,9503,9503,9,12-02-2026,Pending,10641.6
9504,9504,9504,0,09-08-2023,Cancelled,3850.44
9505,9505,9505,3,01-10-2025,Completed,14052.57
9506,9506,9506,2,25-12-2023,Cancelled,8507.2
9507,9507,9507,2,10-01-2024,Completed,13838.37
9508,9508,9508,2,27-05-2025,Completed,12764.27
9509,9509,9509,7,25-04-2026,Completed,8984.95
9510,9510,9510,8,27-01-2026,Completed,2797.08
9511,9511,9511,4,11-02-2025,Completed,3365.84
9512,9512,9512,-2,15-04-2024,NA,12139.16
9513,9513,9513,5,22-12-2025,Completed,4066.74
9514,9514,9514,3,25-11-2023,NA,8738.18
9515,9515,9515,1,10-02-2026,Pending,2969.13
9516,9516,9516,3,15-06-2023,Completed,0
9517,9517,9517,3,24-02-2024,Cancelled,10317.24
9518,9518,9518,10,06-09-2024,Cancelled,14777.97
9519,9519,9519,8,17-03-2026,Pending,0
9520,9520,9520,9,13-05-2025,Pending,10315.99
9521,9521,9521,4,16-07-2024,NA,10519.72
9522,9522,9522,5,11-04-2024,Completed,1428.22
9523,9523,9523,2,23-04-2024,Cancelled,6542.26
9524,9524,9524,4,01-07-2025,Completed,13793.41
9525,9525,9525,2,13-06-2024,Completed,11580.76
9526,9526,9526,8,24-07-2025,Completed,11190.81
9527,9527,9527,3,26-08-2023,NA,7909.93
9528,9528,9528,9,17-09-2025,Cancelled,14954.09
9529,9529,9529,1,08-06-2024,Pending,8448.81
9530,9530,9530,3,28-03-2024,Cancelled,125.84
9531,9531,9531,3,10-04-2026,Completed,4291.65
9532,9532,9532,-2,25-11-2024,Completed,13005.35
9533,9533,9533,4,21-08-2023,Pending,5503.43
9534,9534,9534,6,15-12-2025,Completed,9753.78
9535,9535,9535,-2,18-03-2026,Completed,7166.49
9536,9536,9536,4,23-08-2025,Pending,7248.54
9537,9537,9537,5,08-11-2024,Completed,12535.25
9538,9538,9538,3,09-11-2023,Pending,14186.11
9539,9539,9539,4,07-06-2024,Cancelled,11391.74
9540,9540,9540,4,30-07-2024,Cancelled,5715.36
9541,9541,9541,6,14-09-2023,Completed,1412.24
9542,9542,9542,7,03-12-2025,Pending,9416.42
9543,9543,9543,3,12-03-2024,NA,5845.87
9544,9544,9544,4,10-04-2024,Cancelled,5085.05
9545,9545,9545,8,22-10-2023,Completed,3250.72
9546,9546,9546,5,29-06-2024,Cancelled,11597.23
9547,9547,9547,4,09-08-2025,Pending,14609.5
9548,9548,9548,1,29-05-2024,Cancelled,10799.64
9549,9549,9549,4,26-11-2023,NA,12575.73
9550,9550,9550,-2,13-01-2025,Completed,11032.1
9551,9551,9551,8,15-04-2025,Cancelled,13487.08
9552,9552,9552,5,08-07-2024,NA,695.76
9553,9553,9553,2,15-10-2025,Cancelled,10.99
9554,9554,9554,9,21-07-2023,Completed,8818.04
9555,9555,9555,0,05-04-2025,Completed,8040.11
9556,9556,9556,-2,05-09-2024,Pending,9013.1
9557,9557,9557,0,22-11-2023,Completed,3307.95
9558,9558,9558,7,27-02-2026,NA,6593.1
9559,9559,9559,-2,03-08-2023,Completed,315.87
9560,9560,9560,6,23-02-2026,Completed,1384.87
9561,9561,9561,1,04-10-2024,Cancelled,449
9562,9562,9562,9,07-06-2025,Completed,5231.19
9563,9563,9563,0,16-04-2024,Completed,10007.32
9564,9564,9564,7,08-11-2023,Cancelled,4568.33
9565,9565,9565,7,09-04-2025,Completed,12941.08
9566,9566,9566,0,26-10-2025,NA,11463.44
9567,9567,9567,7,25-07-2023,Completed,7392.68
9568,9568,9568,6,10-08-2025,Cancelled,8455.85
9569,9569,9569,4,03-09-2024,Pending,13746.26
9570,9570,9570,1,29-12-2024,Pending,4013.06
9571,9571,9571,10,25-08-2023,Completed,6561.66
9572,9572,9572,10,29-08-2025,NA,4874.07
9573,9573,9573,2,29-12-2025,Pending,14465.56
9574,9574,9574,9,29-07-2023,Completed,1273.49
9575,9575,9575,0,08-10-2025,Pending,2336.58
9576,9576,9576,8,27-08-2025,Pending,14595.72
9577,9577,9577,5,19-12-2024,Completed,8934.07
9578,9578,9578,4,10-01-2026,NA,10645.81
9579,9579,9579,5,27-12-2025,Completed,3244.02
9580,9580,9580,4,14-06-2023,NA,9670.93
9581,9581,9581,5,27-04-2024,Pending,1300.41
9582,9582,9582,-2,04-10-2023,Completed,8384.51
9583,9583,9583,4,17-10-2025,Pending,5460.53
9584,9584,9584,9,25-09-2023,Pending,9594.35
9585,9585,9585,9,27-11-2025,Completed,5226.91
9586,9586,9586,-2,19-06-2023,Pending,14013.55
9587,9587,9587,10,04-06-2024,NA,13311.95
9588,9588,9588,6,07-04-2024,Cancelled,12617.85
9589,9589,9589,4,29-05-2023,Completed,295.39
9590,9590,9590,-2,25-09-2025,Pending,3436.92
9591,9591,9591,10,20-02-2024,Completed,14004
9592,9592,9592,4,09-10-2023,Cancelled,5530.07
9593,9593,9593,10,15-10-2023,Cancelled,9295.94
9594,9594,9594,2,02-03-2026,Pending,11302.6
9595,9595,9595,-2,16-01-2024,Completed,10196.44
9596,9596,9596,5,16-10-2023,Pending,0
9597,9597,9597,1,01-09-2024,Pending,5490.6
9598,9598,9598,0,03-04-2024,Completed,1775.42
9599,9599,9599,4,16-10-2024,NA,12986
9600,9600,9600,4,10-06-2023,Completed,2147.99
9601,9601,9601,5,23-02-2025,Cancelled,12188.56
9602,9602,9602,4,06-12-2023,Completed,12282.16
9603,9603,9603,4,07-05-2023,NA,6696.09
9604,9604,9604,4,17-05-2023,Cancelled,13650.91
9605,9605,9605,8,27-11-2023,Completed,8396.04
9606,9606,9606,4,01-09-2024,Completed,10175.63
9607,9607,9607,8,20-04-2024,NA,13487.83
9608,9608,9608,9,15-10-2024,NA,7380.48
9609,9609,9609,1,29-04-2026,Pending,6524.63
9610,9610,9610,9,08-11-2025,Cancelled,1890.01
9611,9611,9611,10,15-10-2025,Pending,9571.3
9612,9612,9612,7,15-06-2025,Pending,13609.52
9613,9613,9613,6,18-05-2023,Cancelled,8227.72
9614,9614,9614,3,10-03-2026,Completed,14178.19
9615,9615,9615,2,30-08-2023,Cancelled,14036.49
9616,9616,9616,9,17-07-2025,Cancelled,8367.29
9617,9617,9617,9,05-07-2024,Cancelled,2726.72
9618,9618,9618,4,12-07-2025,NA,13714.4
9619,9619,9619,-2,07-05-2024,Pending,11944.47
9620,9620,9620,10,29-08-2023,Completed,12223.56
9621,9621,9621,1,15-07-2024,Cancelled,4510.91
9622,9622,9622,4,17-08-2023,NA,1789.54
9623,9623,9623,7,19-11-2023,Completed,3791.04
9624,9624,9624,2,23-09-2023,Completed,11053.48
9625,9625,9625,4,21-03-2024,Cancelled,13873.4
9626,9626,9626,-2,15-12-2025,Pending,8649.09
9627,9627,9627,-2,27-10-2025,NA,14596.75
9628,9628,9628,4,04-08-2023,Completed,5871.7
9629,9629,9629,7,30-03-2026,Pending,11670.75
9630,9630,9630,-2,26-09-2023,Cancelled,14081.24
9631,9631,9631,0,02-02-2025,NA,10965.16
9632,9632,9632,1,12-12-2025,NA,3352.28
9633,9633,9633,6,07-10-2024,Completed,1572.15
9634,9634,9634,6,29-06-2023,Cancelled,12085.33
9635,9635,9635,-2,02-04-2025,Cancelled,3629.09
9636,9636,9636,10,28-08-2023,NA,7004.52
9637,9637,9637,7,25-05-2023,Completed,8898.81
9638,9638,9638,7,16-08-2023,NA,6158.72
9639,9639,9639,7,08-10-2024,Completed,1656
9640,9640,9640,1,12-07-2024,Cancelled,3628.77
9641,9641,9641,4,07-01-2026,NA,6663.31
9642,9642,9642,9,02-11-2023,NA,10825.34
9643,9643,9643,1,08-01-2025,Pending,4192.16
9644,9644,9644,1,30-12-2024,Completed,12532.99
9645,9645,9645,0,29-11-2023,Cancelled,14529.79
9646,9646,9646,7,15-12-2024,Cancelled,2372.9
9647,9647,9647,5,21-01-2024,Pending,1180.44
9648,9648,9648,4,06-03-2026,Completed,1644.84
9649,9649,9649,4,08-12-2023,NA,11910
9650,9650,9650,4,03-07-2023,Completed,1056.58
9651,9651,9651,2,09-03-2024,Pending,0
9652,9652,9652,4,10-01-2024,Pending,7455.52
9653,9653,9653,1,21-01-2025,Pending,5480.12
9654,9654,9654,1,08-02-2026,Completed,0
9655,9655,9655,5,16-01-2024,Completed,6783.36
9656,9656,9656,1,01-11-2024,Pending,9373.52
9657,9657,9657,2,24-02-2025,Completed,6377.45
9658,9658,9658,4,31-10-2025,Completed,9692.77
9659,9659,9659,0,06-02-2025,Completed,7660.64
9660,9660,9660,5,09-06-2023,Completed,2275.85
9661,9661,9661,7,07-09-2024,Pending,11555.84
9662,9662,9662,-2,25-09-2025,Completed,11572.23
9663,9663,9663,8,24-05-2025,Completed,14409.24
9664,9664,9664,0,19-10-2024,NA,0
9665,9665,9665,8,02-09-2025,Completed,6175.11
9666,9666,9666,1,04-08-2024,Pending,12734.67
9667,9667,9667,4,20-01-2024,Pending,8702.85
9668,9668,9668,1,01-08-2024,Pending,1387.31
9669,9669,9669,3,30-11-2025,Completed,14882.23
9670,9670,9670,5,12-08-2023,Completed,8742.98
9671,9671,9671,4,14-09-2025,Completed,9471.85
9672,9672,9672,7,15-06-2024,Cancelled,922.94
9673,9673,9673,4,26-06-2023,Completed,7090.34
9674,9674,9674,1,05-01-2024,Pending,11157.54
9675,9675,9675,2,15-01-2025,Completed,2315.17
9676,9676,9676,3,16-01-2025,Completed,0
9677,9677,9677,4,23-05-2023,Completed,13460.94
9678,9678,9678,10,23-12-2023,Completed,2608.81
9679,9679,9679,10,06-04-2026,Completed,13288.27
9680,9680,9680,10,05-07-2024,Pending,9084.16
9681,9681,9681,2,16-04-2026,Completed,5234.42
9682,9682,9682,8,15-11-2023,Completed,10110.73
9683,9683,9683,4,15-06-2023,Pending,7329.88
9684,9684,9684,-2,10-12-2024,NA,3323.1
9685,9685,9685,3,19-03-2026,Cancelled,8191
9686,9686,9686,5,07-12-2023,Completed,1963.06
9687,9687,9687,9,14-12-2025,Cancelled,6475.16
9688,9688,9688,10,25-11-2023,NA,9997.43
9689,9689,9689,9,26-02-2026,Cancelled,1716.44
9690,9690,9690,6,07-08-2023,Pending,3582.47
9691,9691,9691,6,17-10-2023,Completed,6598.64
9692,9692,9692,5,02-05-2025,Completed,13630.6
9693,9693,9693,0,02-02-2025,NA,8613.44
9694,9694,9694,5,17-05-2024,Pending,3526.11
9695,9695,9695,9,24-10-2024,Completed,5273.34
9696,9696,9696,9,14-10-2024,Completed,2819.74
9697,9697,9697,-2,20-12-2025,Cancelled,2442.11
9698,9698,9698,7,05-08-2023,NA,10043.86
9699,9699,9699,9,29-05-2023,Cancelled,4056.22
9700,9700,9700,0,18-08-2025,Cancelled,4599.85
9701,9701,9701,6,02-03-2025,NA,1687.85
9702,9702,9702,10,29-04-2025,NA,14301.55
9703,9703,9703,8,29-02-2024,Cancelled,5410.95
9704,9704,9704,4,31-10-2025,Completed,4913.45
9705,9705,9705,3,04-08-2023,NA,11768.15
9706,9706,9706,5,01-10-2025,NA,120.23
9707,9707,9707,3,15-09-2023,Completed,7292.55
9708,9708,9708,4,20-03-2026,Completed,4877.91
9709,9709,9709,2,12-09-2023,Cancelled,6975.3
9710,9710,9710,7,07-08-2023,NA,0
9711,9711,9711,-2,27-01-2025,Pending,9856.14
9712,9712,9712,2,04-08-2024,NA,3947.02
9713,9713,9713,9,22-07-2025,Cancelled,7053.76
9714,9714,9714,7,11-08-2023,Pending,5555.21
9715,9715,9715,4,02-04-2026,Pending,3926.8
9716,9716,9716,-2,01-06-2024,Completed,12596.07
9717,9717,9717,1,17-04-2026,Cancelled,6274.49
9718,9718,9718,7,12-06-2025,NA,5715.46
9719,9719,9719,4,18-02-2026,NA,3104.87
9720,9720,9720,9,22-03-2024,Cancelled,13717.83
9721,9721,9721,2,04-10-2025,Pending,11872.77
9722,9722,9722,6,07-12-2023,Completed,12447.34
9723,9723,9723,7,05-08-2025,Pending,5325.72
9724,9724,9724,2,15-05-2024,Completed,14073.53
9725,9725,9725,10,24-04-2024,Completed,1637.77
9726,9726,9726,2,02-10-2024,Cancelled,7916.84
9727,9727,9727,2,25-02-2025,Pending,9835.76
9728,9728,9728,-2,05-03-2024,Completed,9794.93
9729,9729,9729,3,29-04-2026,Completed,7666.12
9730,9730,9730,5,13-07-2024,Completed,9060.76
9731,9731,9731,10,24-02-2025,Pending,9022.06
9732,9732,9732,3,12-03-2024,Completed,2991.56
9733,9733,9733,8,27-02-2025,Cancelled,11946.72
9734,9734,9734,4,17-02-2026,Pending,9168.02
9735,9735,9735,1,30-09-2024,NA,9970.12
9736,9736,9736,2,25-06-2024,Completed,373.06
9737,9737,9737,4,13-09-2025,Completed,9367.64
9738,9738,9738,9,22-06-2023,NA,3820.06
9739,9739,9739,0,02-07-2024,Cancelled,4090.02
9740,9740,9740,1,16-04-2025,NA,137.18
9741,9741,9741,6,12-09-2024,NA,10151.32
9742,9742,9742,-2,04-06-2024,Pending,3878.46
9743,9743,9743,10,08-02-2024,Completed,11500.91
9744,9744,9744,-2,14-01-2025,Completed,11989.6
9745,9745,9745,10,25-06-2025,NA,12175.1
9746,9746,9746,4,22-02-2024,Pending,1273.57
9747,9747,9747,8,23-06-2024,Completed,10748.93
9748,9748,9748,4,10-02-2024,NA,3390.97
9749,9749,9749,4,09-05-2023,Pending,25.8
9750,9750,9750,9,26-08-2025,Cancelled,7320.68
9751,9751,9751,4,25-07-2025,NA,10659.31
9752,9752,9752,6,25-05-2023,Completed,6389.99
9753,9753,9753,8,08-08-2025,Completed,2822.11
9754,9754,9754,8,04-05-2026,NA,14803.24
9755,9755,9755,5,28-09-2024,Completed,8534.32
9756,9756,9756,4,28-06-2023,Cancelled,12919.86
9757,9757,9757,2,03-03-2024,NA,6730.87
9758,9758,9758,5,28-10-2025,NA,2068.33
9759,9759,9759,-2,15-09-2025,Completed,2374.96
9760,9760,9760,5,12-01-2024,Pending,4744.99
9761,9761,9761,2,28-07-2024,NA,12068.79
9762,9762,9762,3,26-02-2024,Completed,5659.41
9763,9763,9763,3,03-05-2025,Cancelled,3939.97
9764,9764,9764,4,11-09-2024,Completed,1233.61
9765,9765,9765,1,12-06-2024,NA,14125.61
9766,9766,9766,4,14-06-2025,Pending,8871.56
9767,9767,9767,-2,08-07-2025,NA,2050.12
9768,9768,9768,10,05-08-2023,Completed,8829.28
9769,9769,9769,10,28-12-2024,Completed,4752.54
9770,9770,9770,3,13-09-2024,Completed,5371.92
9771,9771,9771,6,10-05-2023,Completed,2475.34
9772,9772,9772,4,05-08-2023,Cancelled,14585.58
9773,9773,9773,9,06-03-2025,Completed,6473.26
9774,9774,9774,3,10-01-2024,Cancelled,4206.74
9775,9775,9775,10,31-03-2025,Completed,1946.88
9776,9776,9776,3,22-04-2026,Completed,8808.63
9777,9777,9777,5,31-01-2024,Completed,14873.7
9778,9778,9778,-2,09-06-2023,Pending,14717.11
9779,9779,9779,6,11-10-2023,Cancelled,1868.49
9780,9780,9780,-2,21-05-2024,Cancelled,2616.16
9781,9781,9781,4,19-02-2025,NA,11218.39
9782,9782,9782,7,06-11-2024,Completed,6676.23
9783,9783,9783,6,19-07-2025,Completed,2982.64
9784,9784,9784,0,12-09-2025,Completed,3298
9785,9785,9785,6,01-04-2026,Pending,8120.76
9786,9786,9786,4,06-05-2024,Pending,13614.83
9787,9787,9787,3,26-05-2025,Completed,2409.79
9788,9788,9788,6,12-02-2024,Completed,7800.06
9789,9789,9789,8,13-04-2026,NA,1459.01
9790,9790,9790,10,15-04-2025,Completed,12669.46
9791,9791,9791,-2,18-08-2023,Pending,13165.96
9792,9792,9792,1,03-08-2025,Completed,13369.16
9793,9793,9793,8,28-06-2024,Cancelled,10311.69
9794,9794,9794,8,24-08-2023,NA,1855.72
9795,9795,9795,1,28-08-2024,Cancelled,10108.37
9796,9796,9796,6,27-02-2025,Completed,11021.57
9797,9797,9797,4,15-04-2025,Completed,13296.07
9798,9798,9798,8,18-09-2023,NA,8322.82
9799,9799,9799,9,30-11-2025,Pending,11382.48
9800,9800,9800,2,29-12-2025,Cancelled,7335.12
9801,9801,9801,7,05-02-2026,Completed,3831.3
9802,9802,9802,2,25-07-2024,Completed,13991.73
9803,9803,9803,0,28-11-2025,NA,9734.12
9804,9804,9804,5,22-07-2025,Pending,7582.44
9805,9805,9805,7,23-08-2023,Cancelled,222.48
9806,9806,9806,1,17-04-2025,NA,12963.43
9807,9807,9807,1,26-07-2023,Completed,2476.92
9808,9808,9808,3,02-04-2025,Completed,1485.16
9809,9809,9809,7,28-02-2026,Cancelled,10342.76
9810,9810,9810,3,13-04-2025,Completed,7159.07
9811,9811,9811,6,28-02-2025,Completed,3839.33
9812,9812,9812,-2,26-07-2024,Cancelled,159.86
9813,9813,9813,0,24-10-2024,Cancelled,0
9814,9814,9814,9,20-03-2026,Pending,10054.78
9815,9815,9815,3,08-04-2026,Cancelled,4202.47
9816,9816,9816,5,05-03-2025,Cancelled,12683.32
9817,9817,9817,6,27-10-2024,NA,10267.56
9818,9818,9818,1,10-11-2025,Completed,12381.28
9819,9819,9819,9,14-01-2026,Completed,5936.66
9820,9820,9820,7,07-07-2024,Pending,12023.21
9821,9821,9821,4,11-01-2024,Completed,13329.36
9822,9822,9822,8,18-09-2025,Cancelled,1494.88
9823,9823,9823,4,05-02-2026,Pending,1523.01
9824,9824,9824,2,10-08-2023,Completed,1190.9
9825,9825,9825,-2,03-08-2025,Pending,1554.84
9826,9826,9826,2,22-03-2024,NA,1218.32
9827,9827,9827,10,28-06-2025,NA,0
9828,9828,9828,4,22-08-2024,Completed,13138.86
9829,9829,9829,1,21-02-2024,Completed,6571.19
9830,9830,9830,7,06-01-2025,NA,9898.85
9831,9831,9831,0,22-06-2024,Completed,12772.43
9832,9832,9832,3,16-02-2025,Pending,13831.6
9833,9833,9833,10,23-07-2025,NA,3732.64
9834,9834,9834,1,09-02-2024,Pending,5862.13
9835,9835,9835,7,01-02-2024,Completed,6190.02
9836,9836,9836,10,19-07-2025,Pending,9732.09
9837,9837,9837,4,29-09-2023,NA,0
9838,9838,9838,8,02-12-2023,Cancelled,127.08
9839,9839,9839,4,23-11-2025,Completed,8066.21
9840,9840,9840,7,10-04-2026,Completed,4952.59
9841,9841,9841,9,04-02-2026,Pending,11401.25
9842,9842,9842,0,19-05-2024,Cancelled,14120.66
9843,9843,9843,10,14-12-2024,Completed,11146.48
9844,9844,9844,7,29-01-2024,Pending,633.06
9845,9845,9845,4,01-05-2025,Completed,883.72
9846,9846,9846,8,05-09-2025,Cancelled,9980.21
9847,9847,9847,-2,22-03-2026,Completed,9253.31
9848,9848,9848,3,19-06-2025,Completed,9218.39
9849,9849,9849,-2,20-01-2025,Completed,4535.48
9850,9850,9850,2,14-04-2024,Completed,11027.18
9851,9851,9851,5,16-09-2025,Completed,8611.7
9852,9852,9852,2,08-05-2023,Cancelled,397.05
9853,9853,9853,3,05-03-2026,Cancelled,6545.67
9854,9854,9854,-2,01-04-2024,Completed,2567.46
9855,9855,9855,3,17-05-2024,Cancelled,3698.38
9856,9856,9856,5,11-07-2024,Completed,3848.21
9857,9857,9857,9,07-02-2025,Completed,9488.08
9858,9858,9858,4,02-06-2025,Completed,10729.11
9859,9859,9859,3,03-07-2023,Pending,9873.66
9860,9860,9860,8,08-05-2025,NA,13333.77
9861,9861,9861,5,14-04-2024,NA,1398.68
9862,9862,9862,-2,02-01-2024,Completed,0
9863,9863,9863,4,17-07-2024,Completed,7392.86
9864,9864,9864,3,28-02-2025,Pending,9255.51
9865,9865,9865,9,18-11-2023,NA,4749.81
9866,9866,9866,3,23-10-2023,Cancelled,7320.06
9867,9867,9867,8,17-09-2024,Completed,632.48
9868,9868,9868,6,02-05-2025,NA,3946.39
9869,9869,9869,3,26-04-2026,NA,4183.96
9870,9870,9870,4,05-08-2023,NA,581.12
9871,9871,9871,6,21-02-2026,NA,8710.37
9872,9872,9872,4,20-04-2026,Completed,4406.77
9873,9873,9873,8,08-01-2026,Pending,3974.82
9874,9874,9874,4,24-03-2024,Cancelled,920.48
9875,9875,9875,5,17-07-2024,Pending,2307.08
9876,9876,9876,0,07-07-2023,Completed,11192.38
9877,9877,9877,-2,30-09-2025,Cancelled,8935.94
9878,9878,9878,0,20-11-2024,NA,14833.6
9879,9879,9879,4,26-02-2025,Completed,3087.99
9880,9880,9880,0,23-08-2024,Pending,12135.42
9881,9881,9881,10,30-12-2024,Completed,14830.29
9882,9882,9882,8,19-03-2024,NA,12169.25
9883,9883,9883,6,01-02-2025,Pending,11818.44
9884,9884,9884,6,14-08-2024,Pending,1997.08
9885,9885,9885,4,18-04-2026,Cancelled,6597.82
9886,9886,9886,-2,11-08-2023,NA,14553.66
9887,9887,9887,4,14-12-2025,Pending,8535.02
9888,9888,9888,-2,16-10-2025,Pending,10966.61
9889,9889,9889,0,10-11-2025,Completed,12430.13
9890,9890,9890,7,09-12-2025,Pending,2449.54
9891,9891,9891,3,01-09-2024,Cancelled,10332.17
9892,9892,9892,7,12-10-2023,Cancelled,7624.94
9893,9893,9893,2,19-05-2023,Completed,2104.77
9894,9894,9894,5,03-10-2025,Completed,6899.92
9895,9895,9895,3,11-04-2024,NA,13318.23
9896,9896,9896,1,30-01-2024,NA,13156.53
9897,9897,9897,0,04-10-2023,Cancelled,11984.83
9898,9898,9898,8,27-04-2024,Cancelled,4618.04
9899,9899,9899,7,24-07-2025,Pending,14222.38
9900,9900,9900,10,19-07-2023,Completed,0
9901,9901,9901,6,12-12-2023,Pending,14540.92
9902,9902,9902,5,02-09-2024,Completed,1746.62
9903,9903,9903,4,21-09-2025,Pending,0
9904,9904,9904,8,21-08-2023,NA,13209.72
9905,9905,9905,4,30-05-2025,Pending,4425.07
9906,9906,9906,4,23-06-2023,Completed,11843.23
9907,9907,9907,3,24-02-2024,NA,10113.74
9908,9908,9908,10,15-02-2024,Completed,1038.41
9909,9909,9909,5,30-03-2026,NA,3824.88
9910,9910,9910,6,09-07-2024,Cancelled,6159.86
9911,9911,9911,-2,28-01-2026,Completed,3709.98
9912,9912,9912,6,05-10-2025,Completed,10340.8
9913,9913,9913,8,18-10-2025,Cancelled,10912.32
9914,9914,9914,8,26-02-2024,Cancelled,9818
9915,9915,9915,2,10-01-2025,Completed,555.68
9916,9916,9916,7,28-11-2024,Completed,13230.59
9917,9917,9917,-2,13-09-2023,Pending,3746.41
9918,9918,9918,6,17-05-2023,NA,1612.66
9919,9919,9919,0,09-04-2026,Completed,0
9920,9920,9920,1,23-10-2024,Pending,10056.28
9921,9921,9921,1,07-01-2024,NA,2544.27
9922,9922,9922,6,01-11-2023,Completed,13813.52
9923,9923,9923,2,02-10-2025,Pending,6065.55
9924,9924,9924,4,09-06-2024,Completed,6267.73
9925,9925,9925,4,03-01-2025,Completed,4362.02
9926,9926,9926,1,27-08-2025,Cancelled,13817.26
9927,9927,9927,4,19-05-2024,Completed,6944.99
9928,9928,9928,4,21-10-2023,Pending,10227.36
9929,9929,9929,4,09-04-2024,Completed,10118.05
9930,9930,9930,6,23-08-2025,NA,9590.79
9931,9931,9931,1,07-10-2024,Cancelled,14059.73
9932,9932,9932,4,06-01-2024,Pending,8920.92
9933,9933,9933,-2,30-08-2025,Cancelled,3632.55
9934,9934,9934,9,18-01-2026,Completed,8938.31
9935,9935,9935,3,19-05-2023,NA,7350.54
9936,9936,9936,2,18-09-2023,Completed,5856.18
9937,9937,9937,7,26-08-2025,Cancelled,13311.14
9938,9938,9938,3,31-05-2025,Pending,13289.33
9939,9939,9939,5,26-05-2024,NA,0
9940,9940,9940,1,28-08-2023,NA,9603.88
9941,9941,9941,2,08-09-2023,Completed,12479.52
9942,9942,9942,8,12-07-2024,Cancelled,7832.15
9943,9943,9943,9,13-12-2023,Pending,11741.41
9944,9944,9944,4,17-08-2023,Pending,4112.28
9945,9945,9945,8,10-03-2025,Completed,441.38
9946,9946,9946,1,15-03-2026,Completed,14873.64
9947,9947,9947,5,28-05-2024,Completed,4575.63
9948,9948,9948,10,18-01-2024,Pending,9961.92
9949,9949,9949,5,07-05-2024,Completed,2155.06
9950,9950,9950,8,12-06-2024,Completed,8563.91
9951,9951,9951,3,17-07-2024,Completed,1022.14
9952,9952,9952,4,01-03-2024,Pending,1586.24
9953,9953,9953,4,19-07-2024,Cancelled,3049.44
9954,9954,9954,0,23-01-2025,Cancelled,6669.98
9955,9955,9955,6,14-05-2023,Completed,7630.37
9956,9956,9956,-2,19-07-2025,Completed,8469.32
9957,9957,9957,3,05-02-2024,Completed,14719.58
9958,9958,9958,7,21-03-2025,Completed,1896.79
9959,9959,9959,-2,28-03-2026,Pending,3199.59
9960,9960,9960,1,14-04-2026,Completed,7405.34
9961,9961,9961,6,30-06-2023,Completed,9881.25
9962,9962,9962,-2,14-01-2024,Completed,13219.71
9963,9963,9963,2,26-10-2025,Completed,1995.59
9964,9964,9964,10,21-11-2023,Completed,12692.9
9965,9965,9965,2,29-11-2025,Pending,7790.96
9966,9966,9966,10,05-11-2024,Cancelled,11243.59
9967,9967,9967,6,16-08-2024,Cancelled,5056.33
9968,9968,9968,4,08-05-2024,Pending,1259.45
9969,9969,9969,-2,20-10-2024,Pending,2923.72
9970,9970,9970,2,16-02-2026,Completed,2343.08
9971,9971,9971,0,22-07-2023,Cancelled,904.22
9972,9972,9972,10,09-06-2024,Completed,8176.36
9973,9973,9973,2,16-09-2025,Pending,11192.21
9974,9974,9974,-2,18-11-2024,NA,3509.42
9975,9975,9975,0,19-08-2023,NA,12734.3
9976,9976,9976,6,11-03-2024,Pending,7693.74
9977,9977,9977,4,29-05-2023,Completed,9243.97
9978,9978,9978,7,06-03-2026,Completed,6996.26
9979,9979,9979,1,08-07-2025,NA,10480.33
9980,9980,9980,6,07-11-2023,Cancelled,10663.95
9981,9981,9981,0,02-12-2025,Pending,5725.03
9982,9982,9982,6,29-08-2023,Pending,10301.71
9983,9983,9983,-2,29-07-2025,Pending,13485.57
9984,9984,9984,1,30-08-2024,Pending,4301.57
9985,9985,9985,0,06-01-2025,NA,11792.27
9986,9986,9986,3,13-02-2024,Completed,9875
9987,9987,9987,1,11-04-2026,Completed,12176.7
9988,9988,9988,4,24-11-2025,Cancelled,12619.01
9989,9989,9989,3,18-06-2023,Completed,6626.3
9990,9990,9990,1,21-09-2024,Cancelled,933.33
9991,9991,9991,5,20-09-2024,Cancelled,4553
9992,9992,9992,8,24-11-2023,NA,13362.17
9993,9993,9993,10,15-10-2023,NA,13360.22
9994,9994,9994,9,20-11-2024,Pending,0
9995,9995,9995,7,11-11-2025,NA,13409.22
9996,9996,9996,2,28-12-2025,NA,5397.72
9997,9997,9997,-2,11-04-2024,Completed,432.3
9998,9998,9998,3,19-04-2024,Cancelled,12256.27
9999,9999,9999,8,17-06-2025,Completed,5990.14
10000,10000,10000,2,22-11-2025,Completed,4119.78
10001,10001,10001,9,23-02-2026,Cancelled,12761.94
10002,10002,10002,4,21-01-2024,NA,12808.27
10003,10003,10003,10,22-06-2025,Completed,10942.12
10004,10004,10004,-2,20-05-2025,NA,1234.53
10005,10005,10005,9,12-06-2025,Completed,14458.68
10006,10006,10006,5,19-01-2026,NA,65.26
10007,10007,10007,6,22-07-2025,NA,5714.11
10008,10008,10008,6,07-07-2024,NA,11621.96
10009,10009,10009,5,07-07-2025,Cancelled,5743.41
10010,10010,10010,9,28-10-2023,Completed,9186.93
10011,10011,10011,9,21-09-2023,Completed,5583.3
10012,10012,10012,0,10-11-2023,NA,4494.7
10013,10013,10013,4,29-12-2023,NA,11440.56
10014,10014,10014,9,29-11-2023,Cancelled,5985.35
10015,10015,10015,4,12-06-2025,Completed,13482.93
10016,10016,10016,5,05-01-2024,Completed,505.05
10017,10017,10017,10,31-12-2025,Completed,1363.58
10018,10018,10018,2,25-11-2025,Completed,3361.22
10019,10019,10019,8,04-08-2025,NA,474.57
10020,10020,10020,4,03-07-2025,Completed,5456.25
10021,10021,10021,4,15-09-2025,Completed,12709.64
10022,10022,10022,5,19-05-2024,Cancelled,11941.6
10023,10023,10023,1,15-05-2023,Completed,4198.44
10024,10024,10024,4,29-10-2023,Completed,8534.54
10025,10025,10025,0,23-07-2023,NA,6198.88
10026,10026,10026,4,23-03-2024,NA,14638.32
10027,10027,10027,0,21-01-2026,Completed,11927.04
10028,10028,10028,1,08-09-2024,Cancelled,11315.31
10029,10029,10029,7,28-09-2024,NA,14709.94
10030,10030,10030,2,28-07-2025,Cancelled,0
10031,10031,10031,0,30-03-2026,Completed,12550.59
10032,10032,10032,4,09-05-2025,Completed,0
10033,10033,10033,-2,06-07-2025,Cancelled,3173.32
10034,10034,10034,10,25-06-2023,Pending,10100.32
10035,10035,10035,0,01-03-2025,Pending,4368.38
10036,10036,10036,1,08-07-2023,Pending,14374.71
10037,10037,10037,10,02-02-2025,Pending,8987.84
10038,10038,10038,10,13-12-2025,Pending,12654.34
10039,10039,10039,1,28-09-2024,NA,7533.05
10040,10040,10040,-2,24-07-2025,Completed,4171.27
10041,10041,10041,4,07-03-2024,Pending,5217.81
10042,10042,10042,-2,16-07-2024,Completed,1888.94
10043,10043,10043,8,01-10-2024,Completed,563.73
10044,10044,10044,10,20-02-2024,NA,0
10045,10045,10045,6,29-03-2024,Cancelled,12693.38
10046,10046,10046,9,05-06-2024,Completed,3772.68
10047,10047,10047,4,07-05-2024,NA,14031.92
10048,10048,10048,5,10-12-2024,Pending,14538.39
10049,10049,10049,0,09-05-2023,Cancelled,1572.85
10050,10050,10050,5,18-11-2024,Pending,3.47
10051,10051,10051,1,10-04-2025,Completed,9257.15
10052,10052,10052,4,17-07-2024,Pending,10740.68
10053,10053,10053,3,13-08-2023,NA,8922.38
10054,10054,10054,4,02-12-2023,Completed,2353.26
10055,10055,10055,8,02-12-2023,Cancelled,8541.47
10056,10056,10056,6,10-11-2023,Pending,13738.15
10057,10057,10057,2,22-02-2026,Completed,6796.14
10058,10058,10058,3,30-01-2025,Completed,0
10059,10059,10059,10,23-09-2025,NA,8402.17
10060,10060,10060,8,27-08-2023,Cancelled,13465.27
10061,10061,10061,4,11-06-2024,Pending,14144.09
10062,10062,10062,3,15-03-2026,Pending,6391.74
10063,10063,10063,10,04-02-2026,Completed,3711.1
10064,10064,10064,0,13-08-2025,Completed,3397.6
10065,10065,10065,-2,27-03-2026,NA,14101.29
10066,10066,10066,3,04-12-2025,Pending,11788.7
10067,10067,10067,0,23-02-2026,Completed,4795.81
10068,10068,10068,10,01-08-2025,Completed,2762.1
10069,10069,10069,8,26-06-2025,Completed,9639.95
10070,10070,10070,9,06-10-2023,Cancelled,3101.2
10071,10071,10071,6,26-09-2023,Pending,13749.84
10072,10072,10072,4,08-03-2026,Cancelled,5957.26
10073,10073,10073,10,23-10-2023,Cancelled,2542.5
10074,10074,10074,4,16-01-2024,Cancelled,14580.3
10075,10075,10075,2,13-09-2023,Pending,2007.36
10076,10076,10076,4,02-02-2025,Pending,0
10077,10077,10077,9,22-04-2026,NA,6444.09
10078,10078,10078,7,24-05-2024,Completed,2148.92
10079,10079,10079,4,25-03-2024,NA,14331.05
10080,10080,10080,6,28-07-2024,Pending,368.04
10081,10081,10081,0,26-02-2024,Completed,13600.57
10082,10082,10082,4,08-04-2025,Completed,955.89
10083,10083,10083,6,10-04-2025,Pending,9333.42
10084,10084,10084,3,23-05-2025,Pending,3511.53
10085,10085,10085,4,17-02-2024,NA,6069.73
10086,10086,10086,-2,02-06-2025,Pending,12330.8
10087,10087,10087,6,24-01-2024,NA,4406.92
10088,10088,10088,4,31-07-2024,Pending,0
10089,10089,10089,4,29-04-2025,Cancelled,10998.91
10090,10090,10090,8,23-08-2024,Completed,758.16
10091,10091,10091,5,20-09-2025,Cancelled,13600.46
10092,10092,10092,2,24-10-2025,Pending,1617.84
10093,10093,10093,9,01-03-2026,Completed,11638.15
10094,10094,10094,8,17-07-2025,NA,4678.54
10095,10095,10095,4,24-09-2023,Completed,8173.2
10096,10096,10096,0,21-11-2025,Completed,1683.63
10097,10097,10097,4,20-08-2023,NA,14959.88
10098,10098,10098,6,02-08-2025,NA,2252.82
10099,10099,10099,9,14-06-2025,Completed,14708.35
10100,10100,10100,0,08-10-2025,NA,13515.21
10101,10101,10101,-2,27-01-2024,NA,1187.69
10102,10102,10102,3,01-07-2023,Cancelled,5350.81
10103,10103,10103,0,09-10-2024,Pending,1011.21
10104,10104,10104,9,12-12-2025,Completed,10006.2
10105,10105,10105,7,04-01-2026,Completed,907.64
10106,10106,10106,3,22-04-2026,Cancelled,4914.32
10107,10107,10107,10,18-09-2024,Completed,7404.98
10108,10108,10108,8,20-10-2024,Completed,6104.6
10109,10109,10109,2,03-06-2025,Pending,9546.56
10110,10110,10110,4,25-11-2023,Completed,0
10111,10111,10111,6,12-09-2024,Completed,12163.74
10112,10112,10112,5,31-07-2025,Cancelled,9766.89
10113,10113,10113,-2,26-12-2023,Cancelled,3322.54
10114,10114,10114,3,26-05-2023,Pending,7837.42
10115,10115,10115,4,20-01-2024,Pending,3358.27
10116,10116,10116,7,10-03-2026,NA,10224.63
10117,10117,10117,2,22-12-2025,Cancelled,7893.68
10118,10118,10118,4,04-03-2025,Completed,8021.51
10119,10119,10119,-2,15-06-2023,Cancelled,8663.72
10120,10120,10120,9,25-05-2025,Pending,13538.06
10121,10121,10121,4,06-12-2024,NA,8357.75
10122,10122,10122,9,24-08-2024,Completed,385.57
10123,10123,10123,1,21-09-2025,Cancelled,11868.25
10124,10124,10124,-2,05-12-2025,Completed,11326.8
10125,10125,10125,6,08-06-2025,Pending,1281.03
10126,10126,10126,1,21-06-2025,Completed,11823.9
10127,10127,10127,3,09-02-2024,Completed,2158.06
10128,10128,10128,10,10-03-2025,Pending,6581.79
10129,10129,10129,10,27-12-2024,Completed,3415.56
10130,10130,10130,8,13-02-2025,Cancelled,9314.72
10131,10131,10131,3,11-04-2025,NA,8929.62
10132,10132,10132,9,16-08-2024,Completed,1845.72
10133,10133,10133,2,01-04-2024,Cancelled,9845.41
10134,10134,10134,4,08-06-2025,Cancelled,5119.04
10135,10135,10135,3,18-01-2026,Cancelled,9640.65
10136,10136,10136,7,03-07-2024,Completed,4180.09
10137,10137,10137,10,09-07-2023,Completed,7264.98
10138,10138,10138,4,16-12-2025,Pending,5475.77
10139,10139,10139,10,01-03-2024,Completed,5071.9
10140,10140,10140,-2,26-05-2025,Completed,13564.13
10141,10141,10141,5,27-05-2025,NA,969.42
10142,10142,10142,2,06-09-2023,Pending,3083.03
10143,10143,10143,8,24-06-2025,Cancelled,12873.92
10144,10144,10144,4,29-09-2024,Completed,9194.25
10145,10145,10145,4,14-10-2025,Completed,5853.61
10146,10146,10146,6,22-08-2025,NA,14478.34
10147,10147,10147,10,27-09-2025,NA,12070.99
10148,10148,10148,6,25-12-2023,Cancelled,9934.69
10149,10149,10149,6,24-03-2026,Cancelled,7587.55
10150,10150,10150,8,25-10-2023,Completed,0
10151,10151,10151,4,27-02-2026,Cancelled,880.97
10152,10152,10152,0,14-10-2025,NA,3354.66
10153,10153,10153,-2,15-05-2025,Pending,5343.89
10154,10154,10154,9,25-09-2023,Pending,955.55
10155,10155,10155,1,26-05-2023,Pending,9732.51
10156,10156,10156,4,30-08-2024,Completed,1174.71
10157,10157,10157,0,04-04-2024,Completed,5417.45
10158,10158,10158,7,28-08-2025,NA,2405.9
10159,10159,10159,9,19-11-2024,Completed,10959.46
10160,10160,10160,4,27-03-2024,Completed,10562.24
10161,10161,10161,10,02-07-2024,Cancelled,4247.26
10162,10162,10162,9,04-05-2026,Pending,10394.28
10163,10163,10163,4,21-01-2024,NA,4976.97
10164,10164,10164,4,01-11-2025,Completed,14042.99
10165,10165,10165,2,03-11-2024,Cancelled,2353.91
10166,10166,10166,7,24-01-2026,Completed,13590.29
10167,10167,10167,8,16-02-2026,NA,9410.94
10168,10168,10168,-2,26-04-2025,Pending,2069.78
10169,10169,10169,2,30-11-2025,Completed,6890.14
10170,10170,10170,7,23-06-2025,NA,14615.43
10171,10171,10171,0,06-01-2024,Pending,11872.05
10172,10172,10172,8,16-08-2023,Pending,8381.1
10173,10173,10173,0,15-11-2025,NA,11177.77
10174,10174,10174,9,22-09-2023,Completed,1126.66
10175,10175,10175,8,16-12-2023,Completed,14999.88
10176,10176,10176,7,27-06-2024,Completed,9118.01
10177,10177,10177,8,09-11-2023,Pending,2079.99
10178,10178,10178,9,27-02-2026,NA,13166.06
10179,10179,10179,5,07-04-2026,Completed,4767.84
10180,10180,10180,7,25-06-2025,Completed,11079.96
10181,10181,10181,3,23-07-2024,Cancelled,11935.58
10182,10182,10182,0,04-11-2025,Cancelled,642.58
10183,10183,10183,1,19-05-2023,NA,10856.15
10184,10184,10184,10,29-05-2024,Completed,6168.58
10185,10185,10185,7,29-12-2025,NA,9372.63
10186,10186,10186,4,13-02-2025,NA,603.41
10187,10187,10187,2,28-09-2024,Cancelled,13682.45
10188,10188,10188,8,22-04-2026,Cancelled,14005.68
10189,10189,10189,9,10-12-2025,NA,11425.44
10190,10190,10190,1,30-04-2024,Completed,9031.38
10191,10191,10191,9,30-08-2024,Cancelled,13624.56
10192,10192,10192,8,14-04-2026,Pending,13034.35
10193,10193,10193,0,05-03-2024,Cancelled,6402.46
10194,10194,10194,4,04-03-2026,Pending,1004.72
10195,10195,10195,2,01-10-2024,Completed,6805.26
10196,10196,10196,4,17-10-2023,Cancelled,12553.23
10197,10197,10197,8,25-12-2025,NA,8749.59
10198,10198,10198,7,24-11-2023,Pending,8181.51
10199,10199,10199,2,22-07-2023,Completed,11778.87
10200,10200,10200,6,10-01-2026,Pending,860.24
10201,10201,10201,-2,20-11-2024,Pending,4783.61
10202,10202,10202,10,06-02-2026,Completed,11125.91
10203,10203,10203,4,18-05-2023,Cancelled,503.32
10204,10204,10204,9,13-09-2023,Pending,5287.34
10205,10205,10205,2,02-03-2024,Cancelled,7297.77
10206,10206,10206,3,20-02-2026,Completed,6155.46
10207,10207,10207,0,02-02-2025,Completed,384.8
10208,10208,10208,-2,26-01-2026,Completed,10428.61
10209,10209,10209,3,02-12-2023,Cancelled,14905.74
10210,10210,10210,1,16-09-2025,Pending,0
10211,10211,10211,5,25-06-2025,Completed,13414.24
10212,10212,10212,1,15-03-2025,Completed,2077.71
10213,10213,10213,3,20-06-2023,Completed,8731.93
10214,10214,10214,5,09-01-2025,NA,14256.21
10215,10215,10215,3,26-10-2025,Completed,443.61
10216,10216,10216,4,31-03-2024,Pending,1772.38
10217,10217,10217,7,18-04-2025,Cancelled,7665.97
10218,10218,10218,0,15-11-2025,Completed,1205.74
10219,10219,10219,3,30-01-2025,NA,518.51
10220,10220,10220,0,31-03-2025,Completed,1954.62
10221,10221,10221,6,31-10-2025,Completed,10392.91
10222,10222,10222,8,13-07-2023,Completed,8144.17
10223,10223,10223,6,05-08-2025,Pending,0
10224,10224,10224,3,20-04-2025,Cancelled,4286.15
10225,10225,10225,-2,24-02-2024,Completed,12052.06
10226,10226,10226,4,08-02-2024,NA,13875.54
10227,10227,10227,3,17-05-2023,NA,2236.82
10228,10228,10228,4,04-09-2023,NA,14577.1
10229,10229,10229,2,06-12-2025,Pending,9846.21
10230,10230,10230,6,01-07-2024,Cancelled,2310.96
10231,10231,10231,4,23-04-2025,Completed,2010.73
10232,10232,10232,2,07-07-2025,Completed,2452.87
10233,10233,10233,7,30-11-2024,NA,10860.53
10234,10234,10234,5,20-01-2026,Cancelled,1891.66
10235,10235,10235,0,01-04-2024,NA,8759.18
10236,10236,10236,4,14-07-2025,Cancelled,4635.39
10237,10237,10237,4,30-04-2025,Completed,12523.55
10238,10238,10238,7,19-04-2025,Cancelled,1603.88
10239,10239,10239,-2,01-08-2025,Completed,0
10240,10240,10240,1,09-12-2023,Pending,7197.84
10241,10241,10241,10,06-05-2025,Pending,12080.13
10242,10242,10242,4,27-08-2024,Pending,9977.13
10243,10243,10243,-2,22-07-2023,Cancelled,2084.51
10244,10244,10244,1,08-12-2023,NA,13625.22
10245,10245,10245,-2,20-05-2024,Pending,13113.28
10246,10246,10246,3,13-08-2023,Pending,880.37
10247,10247,10247,7,20-10-2023,Completed,7687.19
10248,10248,10248,7,12-10-2025,NA,13230.82
10249,10249,10249,9,26-09-2025,Completed,12097.39
10250,10250,10250,2,17-06-2025,NA,12432.76
10251,10251,10251,1,11-01-2025,Pending,14579.56
10252,10252,10252,9,26-05-2024,Pending,2811.97
10253,10253,10253,10,10-06-2025,Completed,2410.51
10254,10254,10254,10,17-01-2026,Cancelled,8636.4
10255,10255,10255,1,08-02-2026,Cancelled,1350.11
10256,10256,10256,7,24-08-2025,Completed,5143.53
10257,10257,10257,0,10-03-2024,Completed,12884.87
10258,10258,10258,8,07-07-2025,NA,12338.94
10259,10259,10259,7,21-07-2023,NA,14887.92
10260,10260,10260,9,26-01-2025,Completed,4809.8
10261,10261,10261,2,11-12-2023,Completed,10808.95
10262,10262,10262,4,08-05-2024,Completed,14008.1
10263,10263,10263,2,14-04-2026,Cancelled,2398.19
10264,10264,10264,8,27-09-2024,Pending,7740.1
10265,10265,10265,2,28-06-2025,Completed,4164.54
10266,10266,10266,6,27-02-2025,Cancelled,2573.34
10267,10267,10267,7,02-09-2024,Completed,5000.26
10268,10268,10268,0,24-07-2025,Cancelled,8281.03
10269,10269,10269,8,31-01-2026,Pending,0
10270,10270,10270,2,09-03-2024,NA,4693.36
10271,10271,10271,1,03-05-2024,Pending,939.7
10272,10272,10272,7,17-04-2026,Completed,7983.97
10273,10273,10273,1,18-09-2025,Completed,4506.88
10274,10274,10274,7,30-07-2024,Pending,4339.86
10275,10275,10275,4,02-10-2024,Pending,4408.88
10276,10276,10276,9,19-08-2024,Completed,8008.02
10277,10277,10277,9,04-04-2026,Cancelled,5278.91
10278,10278,10278,1,14-05-2023,NA,1610.6
10279,10279,10279,7,24-10-2023,NA,9675.54
10280,10280,10280,1,28-01-2026,Completed,5090.62
10281,10281,10281,2,22-05-2025,NA,14517.54
10282,10282,10282,5,26-10-2023,Pending,4603.52
10283,10283,10283,4,04-08-2024,Completed,12582.69
10284,10284,10284,9,19-05-2024,Completed,1550.65
10285,10285,10285,5,03-11-2024,Pending,8768.46
10286,10286,10286,3,26-09-2023,Cancelled,6243.77
10287,10287,10287,10,23-02-2025,Cancelled,2937.79
10288,10288,10288,1,31-03-2024,Cancelled,2155.13
10289,10289,10289,4,15-09-2024,NA,6042.97
10290,10290,10290,0,31-01-2025,Pending,4089.37
10291,10291,10291,4,16-11-2023,Completed,6389.91
10292,10292,10292,10,02-06-2023,Cancelled,928.26
10293,10293,10293,7,10-09-2023,Cancelled,11452.76
10294,10294,10294,5,06-05-2025,Completed,11987.76
10295,10295,10295,8,08-12-2025,Pending,14609.1
10296,10296,10296,0,24-05-2024,Completed,3794.95
10297,10297,10297,-2,04-06-2023,NA,7001.09
10298,10298,10298,7,23-11-2025,Pending,9390.72
10299,10299,10299,4,20-07-2023,Completed,4967.4
10300,10300,10300,2,17-10-2024,NA,7734.29
10301,10301,10301,5,27-11-2025,Pending,3282.89
10302,10302,10302,-2,04-04-2026,Cancelled,8104.46
10303,10303,10303,7,25-10-2025,Completed,13386.93
10304,10304,10304,7,01-08-2025,Pending,7403.62
10305,10305,10305,0,25-04-2025,NA,11132.08
10306,10306,10306,3,16-03-2025,Pending,3747.96
10307,10307,10307,4,14-04-2025,Completed,14521.91
10308,10308,10308,4,23-03-2024,NA,5089.27
10309,10309,10309,7,08-07-2024,Pending,7882.81
10310,10310,10310,9,17-08-2025,Completed,12914.37
10311,10311,10311,4,16-03-2026,Pending,1098.84
10312,10312,10312,5,22-10-2024,Completed,2328.71
10313,10313,10313,4,14-09-2024,Completed,5288.29
10314,10314,10314,3,11-06-2024,NA,5482.57
10315,10315,10315,10,04-05-2026,NA,12118.95
10316,10316,10316,0,19-07-2025,NA,12202.74
10317,10317,10317,1,29-12-2025,Pending,8793.81
10318,10318,10318,8,25-11-2025,Completed,13438.53
10319,10319,10319,0,19-07-2023,NA,3435.74
10320,10320,10320,6,01-12-2024,NA,7613.54
10321,10321,10321,8,18-01-2025,Completed,7820.43
10322,10322,10322,4,30-08-2023,Pending,8809.27
10323,10323,10323,0,05-02-2024,Cancelled,6990.74
10324,10324,10324,0,06-01-2024,NA,13105.16
10325,10325,10325,10,03-10-2023,NA,4294.93
10326,10326,10326,8,19-01-2025,Pending,1633.38
10327,10327,10327,4,03-07-2025,NA,11013.96
10328,10328,10328,10,16-01-2026,Pending,1133.98
10329,10329,10329,0,08-03-2024,Pending,9953.78
10330,10330,10330,5,28-04-2026,Pending,2619.57
10331,10331,10331,9,22-07-2025,Completed,12702.82
10332,10332,10332,4,19-02-2025,Completed,5460.51
10333,10333,10333,0,26-10-2025,Cancelled,12833.81
10334,10334,10334,9,05-12-2023,Cancelled,4681.8
10335,10335,10335,4,17-06-2023,Cancelled,7391.61
10336,10336,10336,7,09-03-2026,Completed,4357.21
10337,10337,10337,5,05-05-2024,Cancelled,9590.89
10338,10338,10338,1,25-02-2026,Completed,8990.14
10339,10339,10339,9,05-07-2023,Completed,969.23
10340,10340,10340,9,07-06-2023,Cancelled,4689.31
10341,10341,10341,8,03-08-2024,Pending,9704.67
10342,10342,10342,4,11-04-2024,NA,7563.14
10343,10343,10343,1,03-02-2026,Pending,10487.35
10344,10344,10344,7,08-05-2025,Pending,6704.09
10345,10345,10345,-2,04-07-2024,Cancelled,7589.8
10346,10346,10346,6,17-12-2025,Completed,14141.18
10347,10347,10347,-2,05-02-2025,Completed,12181.44
10348,10348,10348,9,30-09-2024,Pending,12610.98
10349,10349,10349,5,08-09-2024,Pending,13117.02
10350,10350,10350,8,23-06-2025,Cancelled,14319.12
10351,10351,10351,9,08-01-2025,Pending,14455.45
10352,10352,10352,-2,14-02-2026,Cancelled,9040.65
10353,10353,10353,0,14-08-2025,Completed,3123.52
10354,10354,10354,4,25-11-2024,NA,14956.49
10355,10355,10355,1,15-12-2025,NA,3476.83
10356,10356,10356,4,05-03-2024,Cancelled,7854.46
10357,10357,10357,1,28-08-2024,Cancelled,8526.07
10358,10358,10358,8,22-03-2024,Cancelled,9259.09
10359,10359,10359,3,12-10-2023,Cancelled,11240.31
10360,10360,10360,6,24-02-2025,Completed,2694.02
10361,10361,10361,8,30-06-2023,NA,6412.17
10362,10362,10362,4,10-08-2025,Completed,4879.06
10363,10363,10363,10,24-10-2025,Pending,632.05
10364,10364,10364,7,07-11-2023,Completed,11400.07
10365,10365,10365,7,29-10-2024,NA,740.77
10366,10366,10366,7,23-10-2023,Pending,8451.27
10367,10367,10367,8,26-11-2024,Completed,2994.68
10368,10368,10368,0,02-10-2025,NA,10889.58
10369,10369,10369,10,08-07-2025,Pending,2356.31
10370,10370,10370,4,20-01-2026,Pending,1994.95
10371,10371,10371,9,24-06-2024,Pending,5510.68
10372,10372,10372,1,15-01-2026,Completed,0
10373,10373,10373,3,12-02-2024,Completed,12415.02
10374,10374,10374,9,30-09-2023,Completed,5549.98
10375,10375,10375,4,20-02-2025,Completed,10365.74
10376,10376,10376,10,13-10-2025,Completed,6952.33
10377,10377,10377,8,18-11-2025,Completed,13148.64
10378,10378,10378,4,01-12-2024,Pending,207.17
10379,10379,10379,-2,19-03-2024,Cancelled,2757.52
10380,10380,10380,4,24-11-2025,Completed,0
10381,10381,10381,8,21-09-2023,NA,14627.49
10382,10382,10382,4,11-10-2025,Cancelled,12589.9
10383,10383,10383,4,28-07-2025,NA,14306.04
10384,10384,10384,10,06-12-2023,Completed,14820.17
10385,10385,10385,6,23-11-2025,NA,7565.25
10386,10386,10386,9,26-07-2025,NA,9961.32
10387,10387,10387,7,14-07-2025,Pending,10733.14
10388,10388,10388,7,22-05-2023,Completed,14999.13
10389,10389,10389,2,12-06-2024,Pending,6698.18
10390,10390,10390,0,03-10-2025,Completed,5876.67
10391,10391,10391,4,25-05-2025,Completed,4885.49
10392,10392,10392,1,02-10-2024,Pending,12468.14
10393,10393,10393,3,02-11-2024,Pending,9612.69
10394,10394,10394,1,24-08-2023,Completed,9902.44
10395,10395,10395,6,10-02-2026,Completed,14993.17
10396,10396,10396,4,13-01-2024,Completed,9251.16
10397,10397,10397,2,03-12-2023,NA,536.9
10398,10398,10398,6,09-04-2025,Completed,9027.48
10399,10399,10399,6,03-02-2026,Pending,11343.3
10400,10400,10400,9,04-05-2024,Pending,3610.77
10401,10401,10401,10,31-10-2023,Completed,13043
10402,10402,10402,6,11-06-2024,Completed,565.75
10403,10403,10403,0,21-11-2023,Cancelled,8579.32
10404,10404,10404,3,07-06-2024,Pending,5068.31
10405,10405,10405,1,15-10-2025,Pending,5299.99
10406,10406,10406,6,24-06-2025,NA,6115.24
10407,10407,10407,10,28-06-2024,NA,9090.54
10408,10408,10408,0,27-10-2025,Completed,438.96
10409,10409,10409,7,19-11-2025,Completed,14982.72
10410,10410,10410,2,01-08-2023,NA,11742.13
10411,10411,10411,5,18-01-2025,Pending,2203.8
10412,10412,10412,2,12-10-2023,Completed,894.99
10413,10413,10413,2,29-08-2023,Completed,7159.53
10414,10414,10414,9,26-05-2024,Cancelled,7801.57
10415,10415,10415,10,07-03-2025,Cancelled,5885.83
10416,10416,10416,4,17-10-2023,NA,0
10417,10417,10417,7,18-07-2023,Pending,14391.2
10418,10418,10418,6,20-09-2024,Completed,8592.51
10419,10419,10419,3,03-07-2024,Pending,13821.64
10420,10420,10420,10,27-08-2025,Completed,2197.37
10421,10421,10421,3,21-06-2024,Completed,8604.14
10422,10422,10422,5,20-08-2025,Completed,7481.42
10423,10423,10423,1,26-07-2025,NA,2150.68
10424,10424,10424,9,13-02-2026,Completed,10848.93
10425,10425,10425,4,17-01-2026,Pending,3082.21
10426,10426,10426,2,11-01-2026,Cancelled,13618.52
10427,10427,10427,7,24-03-2024,Pending,1222.78
10428,10428,10428,7,30-06-2024,Completed,0
10429,10429,10429,0,17-01-2026,Cancelled,0
10430,10430,10430,2,21-09-2023,Cancelled,9429.03
10431,10431,10431,7,24-02-2025,Completed,2516.41
10432,10432,10432,3,17-08-2023,Cancelled,3782.19
10433,10433,10433,10,22-04-2024,Completed,4167.12
10434,10434,10434,5,07-05-2024,Completed,8656.34
10435,10435,10435,7,10-11-2025,Completed,1493.27
10436,10436,10436,7,25-02-2026,Pending,4139.63
10437,10437,10437,8,02-03-2026,Completed,13270.25
10438,10438,10438,1,30-05-2023,Completed,12570.36
10439,10439,10439,4,22-07-2024,Completed,1606.34
10440,10440,10440,4,17-01-2025,Pending,3631.27
10441,10441,10441,5,25-10-2024,NA,8219.04
10442,10442,10442,10,29-12-2024,Completed,10727.46
10443,10443,10443,9,30-07-2025,NA,1043.17
10444,10444,10444,7,30-03-2024,NA,3277.12
10445,10445,10445,1,18-11-2023,NA,7780.66
10446,10446,10446,3,31-01-2025,Completed,6454.71
10447,10447,10447,7,30-01-2025,NA,2528.79
10448,10448,10448,7,18-05-2023,Completed,8740.44
10449,10449,10449,3,28-03-2026,Pending,4379.98
10450,10450,10450,7,19-12-2024,Completed,9611.31
10451,10451,10451,9,08-10-2024,Completed,10392.94
10452,10452,10452,5,21-07-2024,NA,6530.05
10453,10453,10453,3,11-12-2025,Pending,949.74
10454,10454,10454,9,02-02-2026,NA,2016.91
10455,10455,10455,10,17-01-2025,Pending,2491.64
10456,10456,10456,0,21-04-2026,Completed,6220.86
10457,10457,10457,4,28-05-2023,Pending,9673.41
10458,10458,10458,1,20-06-2025,Completed,3923.84
10459,10459,10459,8,14-06-2024,Completed,3182.45
10460,10460,10460,1,25-10-2024,Completed,8727.36
10461,10461,10461,10,01-08-2023,NA,1865.28
10462,10462,10462,-2,21-04-2025,Completed,6253.81
10463,10463,10463,6,21-01-2025,Pending,10898.06
10464,10464,10464,4,23-04-2026,Pending,1490.82
10465,10465,10465,6,14-01-2024,Completed,12663.87
10466,10466,10466,0,22-04-2024,Completed,5586.01
10467,10467,10467,0,28-12-2025,Completed,11094.21
10468,10468,10468,10,20-02-2026,Completed,4852.43
10469,10469,10469,9,11-02-2026,Completed,14881.14
10470,10470,10470,8,11-09-2023,NA,14896.13
10471,10471,10471,4,26-08-2024,Pending,2793.35
10472,10472,10472,4,07-02-2024,Pending,2272.69
10473,10473,10473,5,03-06-2024,Pending,6464.12
10474,10474,10474,8,06-03-2024,Pending,13034.58
10475,10475,10475,8,04-05-2025,NA,13850.81
10476,10476,10476,4,08-08-2025,Cancelled,12693.89
10477,10477,10477,-2,18-02-2024,NA,12048.07
10478,10478,10478,0,28-06-2023,Completed,6911.32
10479,10479,10479,0,13-04-2025,Completed,6995.84
10480,10480,10480,1,03-04-2026,NA,6844.75
10481,10481,10481,8,01-04-2025,NA,1466.79
10482,10482,10482,1,23-06-2024,Completed,9218.68
10483,10483,10483,0,27-08-2025,Completed,11582.76
10484,10484,10484,5,02-02-2026,NA,2399.14
10485,10485,10485,8,09-09-2025,Completed,14998.19
10486,10486,10486,10,24-08-2024,Pending,2746.61
10487,10487,10487,9,26-02-2026,Cancelled,8645.63
10488,10488,10488,4,24-08-2025,Pending,6059.33
10489,10489,10489,2,06-09-2025,NA,14904.9
10490,10490,10490,9,24-03-2024,Completed,5731.22
10491,10491,10491,3,04-09-2024,Completed,10401.49
10492,10492,10492,4,22-08-2025,Completed,8425.71
10493,10493,10493,1,13-07-2024,Completed,6983.27
10494,10494,10494,9,23-03-2026,Completed,9410.46
10495,10495,10495,10,30-04-2024,NA,3069.02
10496,10496,10496,-2,06-07-2024,Cancelled,11493.37
10497,10497,10497,2,22-10-2025,Completed,5975.27
10498,10498,10498,-2,02-08-2025,Cancelled,14439.96
10499,10499,10499,10,27-01-2024,NA,14953.65
10500,10500,10500,4,09-08-2025,NA,7557.97
10501,10501,10501,5,27-12-2025,Cancelled,11002.47
10502,10502,10502,6,30-12-2025,NA,2627.58
10503,10503,10503,1,01-06-2024,Completed,12396.54
10504,10504,10504,9,29-04-2025,Completed,8743.15
10505,10505,10505,4,22-10-2025,Cancelled,832.36
10506,10506,10506,7,12-01-2025,Pending,2171.44
10507,10507,10507,4,19-06-2023,Pending,11546.64
10508,10508,10508,3,23-08-2025,Completed,14594.93
10509,10509,10509,1,26-04-2026,Completed,9680.48
10510,10510,10510,4,08-02-2024,Cancelled,14816.09
10511,10511,10511,4,19-01-2026,NA,1525
10512,10512,10512,4,25-06-2023,Pending,11701.72
10513,10513,10513,4,08-06-2024,Completed,2474.89
10514,10514,10514,7,04-10-2024,NA,1097.05
10515,10515,10515,0,05-02-2026,Cancelled,2526.18
10516,10516,10516,-2,28-03-2025,Pending,12780.05
10517,10517,10517,1,18-08-2024,Completed,14727.72
10518,10518,10518,10,19-02-2025,Cancelled,7427.45
10519,10519,10519,-2,26-03-2026,Completed,12055.99
10520,10520,10520,4,21-12-2023,Completed,4131.02
10521,10521,10521,2,13-04-2024,NA,8485.45
10522,10522,10522,-2,02-03-2026,NA,8118.18
10523,10523,10523,7,21-07-2025,Pending,12899.57
10524,10524,10524,-2,10-04-2024,Completed,14292.62
10525,10525,10525,4,26-10-2023,Completed,8294.84
10526,10526,10526,0,04-11-2025,Completed,10692.17
10527,10527,10527,0,16-04-2026,Completed,303.31
10528,10528,10528,4,24-02-2026,NA,13664.17
10529,10529,10529,3,04-07-2023,Pending,10522.07
10530,10530,10530,0,05-11-2024,Cancelled,13967.83
10531,10531,10531,0,27-06-2025,Completed,10136.31
10532,10532,10532,2,27-05-2025,Cancelled,14551.3
10533,10533,10533,5,11-10-2025,Completed,5361.27
10534,10534,10534,5,08-01-2026,NA,8637.79
10535,10535,10535,1,28-08-2023,Pending,12132.35
10536,10536,10536,8,20-11-2025,Completed,1185.71
10537,10537,10537,-2,29-08-2025,Completed,5194.72
10538,10538,10538,1,21-08-2024,Completed,1721.14
10539,10539,10539,10,19-01-2024,Cancelled,12638.15
10540,10540,10540,7,31-03-2025,NA,12482.14
10541,10541,10541,3,07-08-2023,Cancelled,6863.69
10542,10542,10542,8,03-01-2024,Cancelled,4566.84
10543,10543,10543,-2,12-03-2024,Cancelled,5662.28
10544,10544,10544,1,02-01-2026,Completed,5266.8
10545,10545,10545,4,29-01-2025,Pending,12761.07
10546,10546,10546,-2,04-12-2023,NA,1191.8
10547,10547,10547,8,01-02-2024,Cancelled,7338.02
10548,10548,10548,2,28-02-2025,Completed,5400.46
10549,10549,10549,2,03-05-2025,Cancelled,8954.07
10550,10550,10550,7,30-09-2023,Completed,1656.14
10551,10551,10551,4,02-12-2024,Cancelled,5918.44
10552,10552,10552,10,19-02-2025,Cancelled,14781.29
10553,10553,10553,-2,03-03-2025,Pending,8503.7
10554,10554,10554,10,17-08-2025,Completed,2124.69
10555,10555,10555,2,21-06-2023,Completed,5129.14
10556,10556,10556,0,16-05-2025,Cancelled,9570.23
10557,10557,10557,9,26-05-2025,Completed,14586.64
10558,10558,10558,1,09-08-2025,Completed,3203.18
10559,10559,10559,4,21-06-2025,Completed,2328.45
10560,10560,10560,4,08-12-2025,Completed,8368.6
10561,10561,10561,-2,23-07-2024,Completed,7970.78
10562,10562,10562,6,26-07-2023,NA,1244.45
10563,10563,10563,8,15-01-2026,Completed,12405.27
10564,10564,10564,9,01-05-2024,Pending,14537.85
10565,10565,10565,4,03-02-2026,Completed,12530.01
10566,10566,10566,3,15-02-2025,Completed,9429.81
10567,10567,10567,6,18-05-2023,Cancelled,1987.3
10568,10568,10568,6,28-01-2024,Completed,10325.32
10569,10569,10569,8,25-10-2024,Pending,7426.81
10570,10570,10570,-2,27-11-2024,Completed,10525.06
10571,10571,10571,3,02-03-2025,Completed,6387.52
10572,10572,10572,7,20-12-2023,NA,6110.05
10573,10573,10573,4,14-10-2025,Completed,13085.71
10574,10574,10574,9,30-09-2023,Pending,1265.9
10575,10575,10575,8,06-05-2024,Pending,12376.42
10576,10576,10576,8,26-05-2025,Pending,12235.55
10577,10577,10577,2,12-06-2024,Completed,13529.99
10578,10578,10578,0,12-06-2024,NA,8551.02
10579,10579,10579,10,24-06-2024,Completed,10746.16
10580,10580,10580,0,14-12-2025,NA,12870.24
10581,10581,10581,4,25-08-2023,NA,0
10582,10582,10582,5,08-03-2026,Completed,644.33
10583,10583,10583,4,11-11-2024,Pending,7706.94
10584,10584,10584,3,01-02-2024,Completed,5107.58
10585,10585,10585,4,31-01-2024,Completed,953
10586,10586,10586,7,07-01-2024,Completed,2200.47
10587,10587,10587,-2,03-02-2025,Completed,999.75
10588,10588,10588,4,13-08-2024,Pending,2601.49
10589,10589,10589,4,12-07-2023,Completed,1319.37
10590,10590,10590,10,11-01-2024,Cancelled,3608.55
10591,10591,10591,2,16-11-2023,NA,2246.31
10592,10592,10592,9,18-04-2024,NA,0
10593,10593,10593,2,13-02-2026,Completed,7604.7
10594,10594,10594,8,28-11-2023,Completed,2648.56
10595,10595,10595,9,19-12-2025,Completed,8191.48
10596,10596,10596,8,12-08-2023,Cancelled,8894.14
10597,10597,10597,4,15-12-2024,NA,2112.39
10598,10598,10598,-2,16-02-2026,Pending,6759.47
10599,10599,10599,-2,13-07-2025,Completed,750.08
10600,10600,10600,-2,16-09-2025,Completed,5613.3
10601,10601,10601,7,19-03-2025,Completed,2364.26
10602,10602,10602,2,13-11-2023,Completed,8605.97
10603,10603,10603,2,28-01-2026,Completed,9511.42
10604,10604,10604,8,16-11-2025,Cancelled,14573.65
10605,10605,10605,4,18-10-2025,Cancelled,6953.06
10606,10606,10606,1,19-11-2023,Cancelled,6015.58
10607,10607,10607,7,11-06-2023,Completed,7110.92
10608,10608,10608,7,17-12-2025,NA,6958.49
10609,10609,10609,0,02-01-2025,NA,9831.64
10610,10610,10610,3,05-11-2023,Pending,4469.08
10611,10611,10611,1,23-07-2024,Cancelled,1043.69
10612,10612,10612,6,16-02-2025,Cancelled,9535.75
10613,10613,10613,2,16-03-2024,Cancelled,6268.93
10614,10614,10614,3,07-01-2025,Completed,14359.82
10615,10615,10615,8,22-10-2025,Pending,4354.65
10616,10616,10616,4,12-04-2025,Cancelled,1681.56
10617,10617,10617,8,08-05-2025,Completed,2159.42
10618,10618,10618,0,10-01-2026,Pending,1141.98
10619,10619,10619,3,24-03-2025,Cancelled,8867.36
10620,10620,10620,5,24-04-2026,NA,14305.13
10621,10621,10621,3,30-11-2024,Pending,0
10622,10622,10622,6,25-11-2024,NA,12420.99
10623,10623,10623,-2,06-08-2025,Completed,7058.47
10624,10624,10624,10,14-02-2026,Completed,983.74
10625,10625,10625,2,15-09-2025,NA,5615.45
10626,10626,10626,5,31-12-2025,Completed,13248.7
10627,10627,10627,6,09-08-2025,Pending,9699.31
10628,10628,10628,5,07-06-2023,Cancelled,11533.75
10629,10629,10629,3,31-07-2023,Completed,7382.26
10630,10630,10630,-2,17-07-2025,Completed,120.44
10631,10631,10631,9,28-11-2024,Completed,11240.59
10632,10632,10632,7,31-10-2023,Completed,1018.7
10633,10633,10633,-2,20-02-2025,NA,6709.8
10634,10634,10634,9,01-03-2025,Completed,10594.73
10635,10635,10635,10,25-10-2023,Pending,7825.93
10636,10636,10636,7,05-05-2024,Cancelled,10363.12
10637,10637,10637,4,30-04-2024,Pending,7367.16
10638,10638,10638,9,03-09-2024,NA,10191.49
10639,10639,10639,9,03-02-2024,Pending,10016.3
10640,10640,10640,5,03-01-2026,NA,12100.48
10641,10641,10641,0,17-05-2023,Completed,4803.19
10642,10642,10642,0,15-07-2024,Cancelled,13285.5
10643,10643,10643,3,09-11-2025,Pending,2681.52
10644,10644,10644,4,05-11-2025,Cancelled,5169.02
10645,10645,10645,8,07-06-2024,Completed,14939.98
10646,10646,10646,5,20-09-2025,Completed,10474.98
10647,10647,10647,4,05-02-2025,NA,10320.88
10648,10648,10648,7,30-06-2025,Cancelled,2810.44
10649,10649,10649,1,19-11-2025,Pending,5742.69
10650,10650,10650,10,01-06-2024,Completed,4538.3
10651,10651,10651,2,17-06-2023,Cancelled,7289.52
10652,10652,10652,9,17-06-2023,Cancelled,13120.57
10653,10653,10653,10,07-05-2023,NA,86.37
10654,10654,10654,3,07-01-2026,Cancelled,1343.87
10655,10655,10655,2,07-07-2025,NA,7969.77
10656,10656,10656,10,07-05-2024,Pending,5759.33
10657,10657,10657,5,18-07-2023,Completed,1996.54
10658,10658,10658,6,25-07-2025,Completed,10998.54
10659,10659,10659,-2,18-04-2024,Pending,8423.47
10660,10660,10660,4,04-02-2025,Completed,4353.55
10661,10661,10661,3,17-10-2025,Cancelled,3157.6
10662,10662,10662,8,08-05-2025,Completed,5892
10663,10663,10663,5,20-07-2023,Cancelled,6852.93
10664,10664,10664,0,07-10-2023,Pending,838.24
10665,10665,10665,9,27-08-2023,NA,5275.58
10666,10666,10666,4,03-09-2024,Completed,3101.22
10667,10667,10667,6,21-12-2025,NA,2891.33
10668,10668,10668,2,23-10-2023,Completed,8651.94
10669,10669,10669,-2,06-06-2023,Cancelled,2839.79
10670,10670,10670,0,13-11-2025,Completed,10669.81
10671,10671,10671,4,05-09-2023,Cancelled,5655.39
10672,10672,10672,10,28-01-2024,Pending,374.13
10673,10673,10673,10,09-11-2024,Completed,2720.42
10674,10674,10674,5,20-10-2025,Cancelled,14269.51
10675,10675,10675,5,19-12-2024,Cancelled,2248.85
10676,10676,10676,2,30-12-2025,Completed,6819.85
10677,10677,10677,4,01-09-2024,Completed,14332.24
10678,10678,10678,8,25-09-2023,Completed,4936.49
10679,10679,10679,7,07-07-2023,Cancelled,3067.16
10680,10680,10680,6,26-12-2023,NA,4682.9
10681,10681,10681,10,07-04-2026,Cancelled,10819.49
10682,10682,10682,9,24-01-2026,NA,0
10683,10683,10683,4,18-09-2023,NA,1663.43
10684,10684,10684,4,06-05-2023,Pending,10430.47
10685,10685,10685,4,13-05-2024,Cancelled,0
10686,10686,10686,5,06-09-2024,NA,5402.49
10687,10687,10687,7,08-10-2023,Completed,10465.41
10688,10688,10688,3,30-05-2024,NA,7689.4
10689,10689,10689,7,27-05-2025,NA,5320.37
10690,10690,10690,8,01-04-2025,Completed,11883.16
10691,10691,10691,3,07-02-2026,Pending,12502.51
10692,10692,10692,10,25-02-2025,Completed,0
10693,10693,10693,10,18-01-2025,Pending,10585.73
10694,10694,10694,-2,28-10-2023,NA,4301.77
10695,10695,10695,2,22-12-2023,Cancelled,11383.8
10696,10696,10696,4,16-09-2024,NA,14884.24
10697,10697,10697,5,15-01-2024,Cancelled,5594.68
10698,10698,10698,8,01-03-2024,Pending,12060.59
10699,10699,10699,6,13-12-2023,Completed,1070.82
10700,10700,10700,9,05-11-2025,Pending,6938.47
10701,10701,10701,7,30-08-2025,Completed,12253.46
10702,10702,10702,7,19-12-2024,Cancelled,116.06
10703,10703,10703,4,11-08-2023,Pending,1236.13
10704,10704,10704,6,11-01-2026,Completed,14692.51
10705,10705,10705,5,23-02-2024,NA,10166.99
10706,10706,10706,-2,04-07-2024,NA,11622.94
10707,10707,10707,2,30-01-2024,NA,8895.58
10708,10708,10708,7,23-12-2024,Pending,14679.58
10709,10709,10709,3,29-12-2024,Pending,2314.13
10710,10710,10710,-2,11-05-2023,NA,4148.94
10711,10711,10711,10,09-11-2023,Completed,2628.11
10712,10712,10712,6,28-04-2026,Pending,13071.1
10713,10713,10713,4,16-01-2025,Cancelled,13881.65
10714,10714,10714,1,29-11-2025,NA,5541.11
10715,10715,10715,1,05-04-2026,Completed,1712.34
10716,10716,10716,5,28-03-2026,Completed,9380.94
10717,10717,10717,8,03-05-2025,Pending,13718.35
10718,10718,10718,5,11-11-2025,Pending,6600.38
10719,10719,10719,2,04-08-2024,Cancelled,11218.89
10720,10720,10720,-2,06-12-2024,Cancelled,9533.9
10721,10721,10721,1,21-02-2026,Completed,4700.9
10722,10722,10722,3,02-12-2024,Completed,14153.05
10723,10723,10723,-2,28-10-2025,Cancelled,6116.68
10724,10724,10724,5,20-04-2025,Completed,8734.58
10725,10725,10725,-2,31-03-2025,Completed,9135.88
10726,10726,10726,4,02-07-2025,NA,2046.33
10727,10727,10727,5,09-06-2024,NA,4760.93
10728,10728,10728,6,22-11-2025,Completed,3215.46
10729,10729,10729,1,31-12-2024,Pending,2116.07
10730,10730,10730,10,23-09-2024,NA,5202.62
10731,10731,10731,4,13-10-2025,Cancelled,609.29
10732,10732,10732,0,06-10-2024,Completed,6053.35
10733,10733,10733,5,19-12-2023,Completed,14371.58
10734,10734,10734,0,22-04-2026,Pending,1860.43
10735,10735,10735,3,30-11-2023,Cancelled,11377.9
10736,10736,10736,5,24-08-2024,Pending,11366.29
10737,10737,10737,10,26-03-2026,Completed,12414.54
10738,10738,10738,8,13-11-2023,Completed,1811.05
10739,10739,10739,7,24-06-2024,Pending,1151.53
10740,10740,10740,7,20-12-2025,Completed,644.52
10741,10741,10741,8,12-04-2026,Pending,0
10742,10742,10742,9,18-08-2023,NA,8033.95
10743,10743,10743,1,23-07-2024,NA,7593.67
10744,10744,10744,4,20-05-2023,Completed,555.84
10745,10745,10745,4,30-10-2025,Completed,2059.71
10746,10746,10746,9,04-12-2025,Completed,8382.12
10747,10747,10747,9,21-01-2024,NA,14097.95
10748,10748,10748,4,11-09-2025,Pending,9479.42
10749,10749,10749,2,16-04-2026,NA,11319.29
10750,10750,10750,0,11-08-2023,Completed,341.98
10751,10751,10751,8,31-12-2025,Pending,993.82
10752,10752,10752,5,30-09-2025,Pending,3057.73
10753,10753,10753,4,07-09-2024,Completed,12122.56
10754,10754,10754,4,07-10-2024,Completed,2423.37
10755,10755,10755,0,22-09-2025,Cancelled,4519.18
10756,10756,10756,10,08-06-2023,Cancelled,395.92
10757,10757,10757,6,08-12-2024,Cancelled,14316.44
10758,10758,10758,7,02-07-2023,NA,8157.43
10759,10759,10759,6,11-02-2026,Cancelled,2804.59
10760,10760,10760,5,19-06-2023,Cancelled,10679.44
10761,10761,10761,4,15-10-2024,Completed,14152.28
10762,10762,10762,4,27-06-2024,NA,12645.48
10763,10763,10763,4,22-07-2025,NA,5507.87
10764,10764,10764,4,14-01-2025,Completed,6330.26
10765,10765,10765,2,07-09-2024,Completed,1151.42
10766,10766,10766,5,26-02-2026,Cancelled,8141.46
10767,10767,10767,8,08-08-2025,Pending,7064.6
10768,10768,10768,9,20-03-2025,Completed,11713.35
10769,10769,10769,2,29-10-2023,Completed,1262.26
10770,10770,10770,8,21-12-2024,Pending,10459.22
10771,10771,10771,7,11-10-2025,Completed,11799.97
10772,10772,10772,5,18-12-2024,Pending,1392.85
10773,10773,10773,3,16-10-2024,Completed,5466.66
10774,10774,10774,10,14-05-2024,NA,13135.43
10775,10775,10775,7,05-11-2023,NA,0
10776,10776,10776,-2,03-05-2025,Pending,12065.97
10777,10777,10777,3,23-09-2023,Completed,14985.12
10778,10778,10778,10,17-09-2023,NA,2338.63
10779,10779,10779,10,08-04-2024,Completed,2159.02
10780,10780,10780,4,10-06-2023,Cancelled,13067.91
10781,10781,10781,5,19-09-2024,Pending,741.73
10782,10782,10782,9,29-11-2023,Pending,886.94
10783,10783,10783,0,06-01-2026,Pending,13904.73
10784,10784,10784,6,29-10-2025,Cancelled,4678.81
10785,10785,10785,5,21-04-2025,NA,4060.9
10786,10786,10786,5,06-07-2024,Completed,5685.77
10787,10787,10787,5,08-05-2023,Pending,13597.63
10788,10788,10788,3,20-06-2025,Completed,4835.77
10789,10789,10789,-2,27-11-2024,Completed,6820.37
10790,10790,10790,4,15-06-2024,Completed,2385.01
10791,10791,10791,4,05-03-2025,NA,8798.66
10792,10792,10792,9,16-11-2025,Completed,14971.77
10793,10793,10793,9,11-12-2025,Pending,12313.42
10794,10794,10794,5,14-10-2025,NA,5357.61
10795,10795,10795,4,29-09-2024,Completed,8485.97
10796,10796,10796,1,25-02-2025,NA,4864.7
10797,10797,10797,6,14-11-2025,Completed,4445.24
10798,10798,10798,8,07-03-2026,Completed,7219.98
10799,10799,10799,10,04-12-2025,Pending,5100.78
10800,10800,10800,9,16-03-2025,Cancelled,8978.29
10801,10801,10801,2,02-03-2026,Pending,13303.27
10802,10802,10802,2,12-11-2025,Completed,12709.3
10803,10803,10803,6,23-10-2023,Cancelled,9191.98
10804,10804,10804,6,11-05-2025,Cancelled,12671.95
10805,10805,10805,8,23-04-2024,Cancelled,6416.31
10806,10806,10806,9,16-04-2026,Cancelled,9977.45
10807,10807,10807,5,02-05-2026,Pending,12821.98
10808,10808,10808,5,18-08-2023,Completed,11865.68
10809,10809,10809,2,15-01-2025,Pending,12474.69
10810,10810,10810,-2,26-05-2023,Pending,4430.31
10811,10811,10811,0,01-12-2024,Completed,6876.43
10812,10812,10812,3,01-07-2024,Completed,6061.99
10813,10813,10813,3,01-11-2025,Completed,14830.65
10814,10814,10814,6,16-05-2024,Cancelled,11466.12
10815,10815,10815,4,15-03-2024,NA,13201.91
10816,10816,10816,5,08-01-2025,Pending,7677.87
10817,10817,10817,3,10-06-2023,Completed,2729.74
10818,10818,10818,8,05-05-2024,Completed,6207.42
10819,10819,10819,6,17-09-2023,Cancelled,10076.62
10820,10820,10820,8,28-07-2023,Completed,10433.14
10821,10821,10821,5,12-04-2026,Cancelled,4037.58
10822,10822,10822,4,02-05-2026,Completed,5247.34
10823,10823,10823,9,25-11-2023,NA,9255.4
10824,10824,10824,10,08-07-2023,NA,3212.31
10825,10825,10825,4,27-02-2026,Pending,10915.03
10826,10826,10826,8,30-11-2024,Cancelled,6769.47
10827,10827,10827,4,30-05-2024,Completed,8306.09
10828,10828,10828,10,31-03-2026,Cancelled,12396.96
10829,10829,10829,8,28-05-2025,Completed,8179.6
10830,10830,10830,9,24-10-2025,Completed,13802.19
10831,10831,10831,9,10-05-2023,NA,11721.98
10832,10832,10832,4,09-04-2025,Completed,2657.95
10833,10833,10833,9,23-12-2025,NA,7936.73
10834,10834,10834,6,14-07-2023,Completed,842.68
10835,10835,10835,3,10-11-2023,NA,8638.89
10836,10836,10836,9,04-03-2024,Completed,1710.55
10837,10837,10837,6,09-10-2023,Cancelled,10512.53
10838,10838,10838,5,13-06-2024,NA,5963
10839,10839,10839,10,09-06-2025,Pending,14924.82
10840,10840,10840,7,06-06-2024,Completed,10931.42
10841,10841,10841,2,02-09-2025,NA,8929.08
10842,10842,10842,8,04-09-2023,Completed,1003.05
10843,10843,10843,1,16-01-2026,Completed,10401.45
10844,10844,10844,8,30-04-2025,Pending,4879.91
10845,10845,10845,2,12-07-2025,Pending,14299.1
10846,10846,10846,3,15-01-2026,NA,5319.24
10847,10847,10847,2,21-03-2025,Cancelled,12339.39
10848,10848,10848,5,07-05-2023,NA,8014.75
10849,10849,10849,1,15-09-2023,Completed,4940.14
10850,10850,10850,2,12-12-2025,NA,9323.2
10851,10851,10851,1,03-04-2024,NA,9724.88
10852,10852,10852,4,25-08-2023,Completed,3456.25
10853,10853,10853,2,03-11-2024,Pending,9672.34
10854,10854,10854,1,23-09-2025,NA,12382.21
10855,10855,10855,10,20-12-2024,NA,13275.43
10856,10856,10856,8,24-11-2025,Cancelled,6152.11
10857,10857,10857,2,23-01-2025,Completed,4625.51
10858,10858,10858,8,07-08-2025,Completed,14494.32
10859,10859,10859,1,06-08-2025,NA,6534.49
10860,10860,10860,0,02-05-2025,NA,14359.92
10861,10861,10861,5,30-04-2025,NA,5123.31
10862,10862,10862,1,17-01-2024,Pending,9088.1
10863,10863,10863,4,03-03-2024,Pending,8656.36
10864,10864,10864,7,14-07-2023,Completed,11918.65
10865,10865,10865,6,28-05-2023,Pending,2698.12
10866,10866,10866,5,19-07-2024,Completed,13533.3
10867,10867,10867,9,11-02-2024,Pending,447.09
10868,10868,10868,-2,30-01-2025,NA,7769.15
10869,10869,10869,1,24-06-2023,NA,11250.27
10870,10870,10870,0,18-05-2024,Pending,7568.82
10871,10871,10871,9,14-03-2025,Pending,7109.16
10872,10872,10872,1,11-12-2024,Completed,13957.91
10873,10873,10873,2,06-09-2025,Completed,13915.78
10874,10874,10874,7,13-09-2025,NA,7431.95
10875,10875,10875,2,26-10-2024,Completed,14708.2
10876,10876,10876,1,27-02-2025,Completed,14924.08
10877,10877,10877,1,12-12-2023,NA,276.91
10878,10878,10878,3,19-01-2026,Pending,10013.09
10879,10879,10879,9,14-01-2025,NA,12400.6
10880,10880,10880,3,20-11-2025,Pending,448.52
10881,10881,10881,4,29-05-2023,Cancelled,11847.06
10882,10882,10882,0,14-07-2023,Completed,9927.5
10883,10883,10883,0,20-06-2025,Pending,10776.85
10884,10884,10884,0,16-10-2023,Completed,9522.08
10885,10885,10885,2,21-09-2023,NA,14797.01
10886,10886,10886,10,25-10-2024,Completed,3240.71
10887,10887,10887,6,17-06-2023,Cancelled,5942.02
10888,10888,10888,1,27-05-2025,Completed,4759.93
10889,10889,10889,7,29-04-2024,Completed,10870.93
10890,10890,10890,-2,05-09-2023,Completed,12384.02
10891,10891,10891,6,04-06-2023,Cancelled,14903.19
10892,10892,10892,7,11-05-2024,Pending,10744.19
10893,10893,10893,4,25-09-2025,Cancelled,3679.7
10894,10894,10894,4,15-03-2025,Completed,8861.73
10895,10895,10895,5,02-01-2025,Completed,2296.37
10896,10896,10896,5,06-01-2024,Completed,6520.72
10897,10897,10897,-2,24-03-2025,Completed,6320.56
10898,10898,10898,9,30-04-2025,Cancelled,2722.29
10899,10899,10899,1,17-09-2024,Completed,9192.97
10900,10900,10900,5,02-10-2023,NA,12949.83
10901,10901,10901,2,30-07-2023,NA,13587.25
10902,10902,10902,4,20-09-2024,Completed,9260.74
10903,10903,10903,1,16-04-2024,Pending,11371.72
10904,10904,10904,8,22-02-2026,Completed,155.34
10905,10905,10905,1,29-01-2025,Pending,2403.46
10906,10906,10906,0,08-09-2023,Completed,4131.97
10907,10907,10907,2,13-10-2025,Completed,4151.16
10908,10908,10908,9,02-07-2025,Completed,6454.46
10909,10909,10909,10,31-10-2024,Completed,7949.72
10910,10910,10910,7,04-05-2026,NA,14120.22
10911,10911,10911,-2,16-05-2023,Completed,9328.02
10912,10912,10912,9,14-08-2023,Cancelled,8548.72
10913,10913,10913,7,08-03-2024,Completed,4052.97
10914,10914,10914,4,28-05-2023,Completed,3491.69
10915,10915,10915,1,07-02-2026,Pending,320.08
10916,10916,10916,10,21-11-2024,Completed,4974.69
10917,10917,10917,1,12-12-2023,Completed,10871.13
10918,10918,10918,7,15-03-2026,Completed,11777.29
10919,10919,10919,7,23-11-2023,Completed,7780.54
10920,10920,10920,-2,18-06-2023,Cancelled,500.06
10921,10921,10921,4,01-09-2024,Completed,14272.85
10922,10922,10922,10,28-04-2026,Completed,9954.49
10923,10923,10923,8,14-08-2023,NA,2594.12
10924,10924,10924,1,27-11-2023,NA,4612.95
10925,10925,10925,10,26-01-2026,Completed,1987.22
10926,10926,10926,6,03-09-2025,NA,361.48
10927,10927,10927,7,05-11-2025,Cancelled,1008.29
10928,10928,10928,2,01-04-2024,NA,14551.91
10929,10929,10929,7,12-06-2024,NA,13209.21
10930,10930,10930,7,17-12-2024,Completed,10751.97
10931,10931,10931,4,07-01-2026,Pending,5598.38
10932,10932,10932,6,19-08-2024,NA,4812.32
10933,10933,10933,1,31-05-2025,Cancelled,6246.2
10934,10934,10934,10,21-11-2023,Completed,4361.12
10935,10935,10935,7,28-11-2024,NA,4901.28
10936,10936,10936,7,17-09-2025,NA,1198.88
10937,10937,10937,6,08-07-2025,Completed,6488.47
10938,10938,10938,4,12-05-2023,Completed,778.6
10939,10939,10939,4,27-07-2024,Pending,13996.45
10940,10940,10940,7,27-09-2023,Completed,13563.2
10941,10941,10941,2,21-11-2023,Completed,1274.12
10942,10942,10942,6,19-12-2024,Pending,13694.03
10943,10943,10943,3,08-11-2025,Completed,5589.29
10944,10944,10944,-2,02-07-2025,Cancelled,9279.8
10945,10945,10945,1,03-04-2025,Pending,4306.8
10946,10946,10946,10,20-03-2025,NA,1849.55
10947,10947,10947,6,06-12-2025,Cancelled,3846.73
10948,10948,10948,7,27-07-2025,Completed,194.37
10949,10949,10949,3,04-11-2023,Completed,9166.2
10950,10950,10950,10,05-01-2026,Pending,8033.14
10951,10951,10951,8,16-04-2026,Completed,0
10952,10952,10952,-2,20-06-2024,Completed,12394.38
10953,10953,10953,8,14-09-2024,Cancelled,5574.59
10954,10954,10954,-2,07-03-2024,Completed,1222.85
10955,10955,10955,2,27-09-2023,Completed,6082.39
10956,10956,10956,1,19-01-2024,Completed,3024.36
10957,10957,10957,6,01-06-2025,Completed,6926.38
10958,10958,10958,4,07-05-2025,NA,5669.63
10959,10959,10959,6,09-07-2025,Completed,11539.82
10960,10960,10960,5,16-06-2023,Cancelled,2916.34
10961,10961,10961,8,28-08-2024,Completed,6819.21
10962,10962,10962,1,12-12-2024,Cancelled,5525.58
10963,10963,10963,5,09-09-2023,NA,9503.28
10964,10964,10964,8,03-06-2023,Cancelled,8277.99
10965,10965,10965,8,12-12-2023,NA,10197.45
10966,10966,10966,8,13-07-2025,Pending,12306.54
10967,10967,10967,7,14-06-2025,Completed,12122.36
10968,10968,10968,8,01-04-2024,Completed,11088.35
10969,10969,10969,1,01-05-2026,Cancelled,6871.43
10970,10970,10970,6,13-08-2025,Pending,225.06
10971,10971,10971,9,22-03-2024,Pending,6795.79
10972,10972,10972,4,23-08-2024,NA,1695.13
10973,10973,10973,10,28-05-2025,Cancelled,13679.15
10974,10974,10974,4,15-06-2023,Completed,11388.63
10975,10975,10975,9,18-09-2023,Cancelled,6793.65
10976,10976,10976,1,08-04-2026,Cancelled,8204.28
10977,10977,10977,5,15-01-2026,Cancelled,8996.47
10978,10978,10978,4,20-03-2026,Completed,14402.47
10979,10979,10979,10,07-11-2024,Pending,11994.12
10980,10980,10980,8,15-11-2024,Pending,8753.58
10981,10981,10981,8,15-08-2025,Completed,14641.9
10982,10982,10982,-2,17-12-2024,NA,4113.78
10983,10983,10983,0,06-12-2023,Pending,3208.23
10984,10984,10984,5,12-03-2026,Pending,11464.63
10985,10985,10985,2,10-08-2024,Completed,8363.55
10986,10986,10986,10,22-03-2024,Pending,6639.64
10987,10987,10987,4,20-05-2025,Cancelled,11299.02
10988,10988,10988,7,07-05-2025,Cancelled,4948.52
10989,10989,10989,0,01-04-2026,Cancelled,10188.09
10990,10990,10990,5,26-04-2025,Completed,782.88
10991,10991,10991,9,23-02-2024,NA,7893.16
10992,10992,10992,0,07-11-2025,Pending,11763.64
10993,10993,10993,4,01-12-2024,NA,7343.97
10994,10994,10994,10,13-07-2024,Pending,8414.53
10995,10995,10995,6,29-10-2024,Completed,11374.77
10996,10996,10996,2,04-07-2024,Completed,4446.9
10997,10997,10997,-2,29-01-2026,Cancelled,4526.85
10998,10998,10998,9,23-06-2024,Cancelled,12182.02
10999,10999,10999,3,10-09-2025,NA,7426.61
11000,11000,11000,-2,20-09-2024,Pending,3566.48
11001,11001,11001,6,25-03-2026,Pending,206.39
11002,11002,11002,5,13-07-2024,Completed,4645.67
11003,11003,11003,7,15-04-2025,Completed,13964
11004,11004,11004,1,10-06-2023,Completed,6794.55
11005,11005,11005,9,24-07-2025,Cancelled,6364.37
11006,11006,11006,10,06-11-2023,Pending,11088.77
11007,11007,11007,4,03-02-2024,Pending,7778.32
11008,11008,11008,3,17-09-2025,Completed,11374.53
11009,11009,11009,3,20-07-2024,Cancelled,9485.04
11010,11010,11010,3,05-07-2024,Pending,684.67
11011,11011,11011,4,16-09-2025,NA,9863.62
11012,11012,11012,5,03-11-2023,Completed,11195.32
11013,11013,11013,2,29-11-2024,Completed,2362.44
11014,11014,11014,1,13-10-2025,Pending,2581.63
11015,11015,11015,10,27-04-2026,Completed,5917.41
11016,11016,11016,6,02-02-2024,Completed,9271.13
11017,11017,11017,4,08-07-2025,Completed,9733.5
11018,11018,11018,10,23-01-2025,Pending,9150.27
11019,11019,11019,4,16-04-2026,Completed,2769.89
11020,11020,11020,3,28-03-2026,Cancelled,6362.77
11021,11021,11021,0,08-05-2024,NA,0
11022,11022,11022,2,14-11-2025,Completed,14559.41
11023,11023,11023,8,11-03-2024,Cancelled,14420.56
11024,11024,11024,3,28-06-2025,NA,10443.68
11025,11025,11025,1,03-10-2024,Completed,10350.7
11026,11026,11026,9,22-06-2025,Cancelled,14887.65
11027,11027,11027,5,03-10-2023,NA,9716.17
11028,11028,11028,7,12-05-2024,NA,5459.88
11029,11029,11029,0,16-10-2025,Completed,13379.8
11030,11030,11030,0,06-09-2025,Completed,7608.86
11031,11031,11031,6,10-10-2023,Completed,6471.9
11032,11032,11032,8,20-11-2025,NA,13628.16
11033,11033,11033,6,02-03-2025,Cancelled,4498.1
11034,11034,11034,2,16-09-2025,Pending,5456.26
11035,11035,11035,9,20-08-2024,Pending,5246.34
11036,11036,11036,7,09-09-2024,Cancelled,7660.78
11037,11037,11037,6,17-02-2026,Completed,5150.03
11038,11038,11038,4,04-05-2026,NA,10110.51
11039,11039,11039,2,16-06-2024,Pending,10035.3
11040,11040,11040,5,05-11-2024,NA,7769.42
11041,11041,11041,5,12-10-2024,Completed,10634.24
11042,11042,11042,4,25-08-2025,Completed,12545.78
11043,11043,11043,2,26-06-2023,Completed,5866.44
11044,11044,11044,0,15-10-2023,Completed,7685.18
11045,11045,11045,2,09-06-2024,Cancelled,10643.75
11046,11046,11046,10,27-08-2025,NA,5737.31
11047,11047,11047,4,25-12-2023,Pending,7329.43
11048,11048,11048,2,12-03-2026,Completed,11076.19
11049,11049,11049,7,31-08-2025,Cancelled,6400.18
11050,11050,11050,9,11-02-2024,Cancelled,330.69
11051,11051,11051,1,04-07-2024,Completed,13306.14
11052,11052,11052,10,30-04-2025,Cancelled,11286.97
11053,11053,11053,8,17-11-2023,Pending,2826.66
11054,11054,11054,0,25-08-2024,Completed,7815.44
11055,11055,11055,10,11-10-2023,Pending,9160.08
11056,11056,11056,8,01-03-2026,Completed,9758.93
11057,11057,11057,10,01-11-2024,NA,5673.14
11058,11058,11058,9,23-09-2024,Cancelled,13530.4
11059,11059,11059,-2,03-07-2025,Pending,2004.25
11060,11060,11060,2,22-04-2026,NA,2846.74
11061,11061,11061,9,24-01-2026,Cancelled,5750.13
11062,11062,11062,9,16-01-2025,NA,4896.34
11063,11063,11063,3,04-11-2023,Pending,8234.28
11064,11064,11064,-2,20-09-2024,Completed,1662.94
11065,11065,11065,5,14-08-2024,Pending,67.62
11066,11066,11066,8,04-07-2025,Cancelled,13780.23
11067,11067,11067,4,09-10-2024,Completed,7121.71
11068,11068,11068,1,13-09-2024,Completed,12821.05
11069,11069,11069,8,16-03-2025,Completed,9232.32
11070,11070,11070,4,03-08-2025,Completed,6756.74
11071,11071,11071,5,06-06-2023,Completed,3511.32
11072,11072,11072,5,28-07-2023,Cancelled,1030.49
11073,11073,11073,9,08-07-2024,Cancelled,9063.62
11074,11074,11074,-2,15-11-2023,Pending,1825.24
11075,11075,11075,2,10-02-2026,Pending,2555.73
11076,11076,11076,1,17-02-2025,Cancelled,6095.23
11077,11077,11077,0,17-05-2024,Pending,9015.57
11078,11078,11078,7,05-05-2025,Cancelled,6527.47
11079,11079,11079,1,07-07-2024,Pending,11126.29
11080,11080,11080,8,12-12-2023,Cancelled,1754.83
11081,11081,11081,4,31-01-2024,Pending,10306.18
11082,11082,11082,3,10-03-2024,Completed,2403.75
11083,11083,11083,3,12-06-2025,NA,5040.74
11084,11084,11084,1,04-11-2023,Completed,2425.61
11085,11085,11085,10,25-08-2023,Completed,10137.43
11086,11086,11086,1,29-04-2024,NA,6952.89
11087,11087,11087,4,02-10-2025,NA,7665.71
11088,11088,11088,5,01-05-2025,Completed,4428.5
11089,11089,11089,7,22-01-2024,Pending,13235.53
11090,11090,11090,2,06-05-2023,NA,9057.86
11091,11091,11091,1,22-01-2024,Completed,10661.45
11092,11092,11092,4,10-05-2024,Cancelled,13241.19
11093,11093,11093,5,28-05-2023,Completed,11037.66
11094,11094,11094,3,30-07-2024,NA,8613.51
11095,11095,11095,10,02-09-2024,NA,13259.14
11096,11096,11096,5,08-11-2024,Cancelled,3737.82
11097,11097,11097,4,08-01-2024,Cancelled,12429.03
11098,11098,11098,2,09-01-2025,NA,10559.42
11099,11099,11099,7,18-07-2025,Cancelled,6747.54
11100,11100,11100,8,05-11-2024,Pending,4107.14
11101,11101,11101,10,28-12-2025,Cancelled,2896.71
11102,11102,11102,7,24-12-2023,Completed,2840.81
11103,11103,11103,7,10-10-2025,Completed,14679.2
11104,11104,11104,7,03-08-2025,NA,1936.52
11105,11105,11105,-2,25-12-2024,Completed,14460.58
11106,11106,11106,0,27-02-2024,Completed,11966.54
11107,11107,11107,8,23-04-2026,Completed,42.17
11108,11108,11108,7,12-02-2026,Pending,2489.46
11109,11109,11109,1,29-03-2024,Completed,5573.78
11110,11110,11110,8,31-10-2023,Completed,5300.18
11111,11111,11111,-2,30-07-2023,NA,4786.54
11112,11112,11112,4,08-04-2026,Completed,1992.7
11113,11113,11113,-2,08-10-2023,Completed,9642.44
11114,11114,11114,2,13-05-2023,Pending,8880.72
11115,11115,11115,0,01-01-2024,Completed,12904.34
11116,11116,11116,9,21-05-2024,Pending,8901.35
11117,11117,11117,5,19-04-2024,Completed,13104.97
11118,11118,11118,5,26-01-2025,Completed,14446.33
11119,11119,11119,6,15-12-2023,Pending,8397.79
11120,11120,11120,4,30-07-2024,NA,13476.87
11121,11121,11121,4,28-03-2026,Pending,0
11122,11122,11122,5,07-10-2023,NA,13614.15
11123,11123,11123,4,18-07-2025,Pending,0
11124,11124,11124,6,29-01-2026,Completed,9289.45
11125,11125,11125,-2,27-10-2024,Completed,10616.01
11126,11126,11126,9,07-07-2023,Completed,2657.99
11127,11127,11127,5,01-04-2024,Completed,557.44
11128,11128,11128,3,11-03-2024,Completed,11329.7
11129,11129,11129,9,28-07-2023,Completed,5005.13
11130,11130,11130,6,01-08-2023,Cancelled,4098.59
11131,11131,11131,3,09-01-2025,Cancelled,2771.97
11132,11132,11132,4,06-12-2024,Completed,9635.22
11133,11133,11133,8,09-11-2024,NA,6998.51
11134,11134,11134,5,22-06-2024,Completed,5479.97
11135,11135,11135,5,20-10-2024,Completed,14458.01
11136,11136,11136,6,08-05-2023,Pending,13229.06
11137,11137,11137,4,31-05-2023,NA,3934.04
11138,11138,11138,6,23-04-2024,Completed,10312.85
11139,11139,11139,1,27-08-2023,Pending,4502.42
11140,11140,11140,9,19-10-2024,Cancelled,14873.18
11141,11141,11141,7,25-04-2024,Pending,10045.15
11142,11142,11142,1,23-03-2026,Pending,3263.13
11143,11143,11143,6,29-11-2024,Completed,12262.44
11144,11144,11144,-2,27-06-2023,Completed,1306.48
11145,11145,11145,8,14-01-2025,Pending,10183.44
11146,11146,11146,10,14-05-2025,Completed,14947.64
11147,11147,11147,10,25-01-2024,Completed,9184.82
11148,11148,11148,4,26-11-2025,Cancelled,1838.67
11149,11149,11149,7,12-12-2025,Cancelled,12079.3
11150,11150,11150,4,01-03-2024,Pending,5052.06
11151,11151,11151,7,12-02-2026,NA,262.05
11152,11152,11152,4,12-01-2024,Completed,11789.69
11153,11153,11153,-2,21-02-2024,NA,14814.26
11154,11154,11154,8,08-09-2025,Completed,1656.82
11155,11155,11155,4,16-02-2026,Pending,13246.18
11156,11156,11156,3,29-01-2025,Cancelled,13600.09
11157,11157,11157,-2,04-02-2026,NA,4101.79
11158,11158,11158,4,16-10-2023,NA,7134.34
11159,11159,11159,6,22-08-2024,Pending,6870.18
11160,11160,11160,2,10-09-2024,Completed,8668.29
11161,11161,11161,2,18-08-2024,Cancelled,6713.91
11162,11162,11162,8,23-12-2025,Pending,10183.32
11163,11163,11163,-2,20-10-2023,NA,8202.83
11164,11164,11164,4,10-09-2023,Cancelled,14163.32
11165,11165,11165,4,03-01-2026,Completed,4651.03
11166,11166,11166,7,23-05-2024,Completed,10550.97
11167,11167,11167,2,08-02-2025,NA,13762.57
11168,11168,11168,10,20-05-2024,Pending,14098.16
11169,11169,11169,9,23-04-2024,Completed,7959.13
11170,11170,11170,2,22-12-2025,Completed,1420.05
11171,11171,11171,-2,07-01-2026,Pending,5926.52
11172,11172,11172,-2,06-08-2024,Pending,11001.07
11173,11173,11173,3,09-02-2024,Completed,12315.65
11174,11174,11174,3,28-03-2025,NA,784.93
11175,11175,11175,0,19-08-2025,Pending,10801.18
11176,11176,11176,0,25-07-2025,Completed,5435.65
11177,11177,11177,1,18-04-2024,Completed,12066.52
11178,11178,11178,2,25-03-2024,NA,7664.46
11179,11179,11179,1,05-07-2023,NA,8857.99
11180,11180,11180,4,01-07-2024,Completed,3245.36
11181,11181,11181,7,29-01-2026,NA,12682.15
11182,11182,11182,9,11-04-2025,Pending,4721.13
11183,11183,11183,6,17-03-2024,NA,1881.97
11184,11184,11184,8,04-12-2024,NA,1049.67
11185,11185,11185,-2,29-01-2026,Completed,2970.71
11186,11186,11186,2,22-10-2024,Pending,7157.82
11187,11187,11187,10,01-12-2023,Cancelled,9113.19
11188,11188,11188,6,02-07-2023,Cancelled,10334.57
11189,11189,11189,5,14-01-2024,Cancelled,10977.44
11190,11190,11190,0,24-04-2026,NA,9237.82
11191,11191,11191,4,17-12-2023,NA,2683.61
11192,11192,11192,9,21-10-2025,Cancelled,11513.3
11193,11193,11193,6,01-10-2025,Pending,250.98
11194,11194,11194,7,13-12-2024,Completed,2080.09
11195,11195,11195,4,13-07-2024,Completed,13884.17
11196,11196,11196,1,15-02-2025,Cancelled,7456.3
11197,11197,11197,3,13-03-2025,NA,12962.44
11198,11198,11198,0,11-08-2024,Completed,13473.42
11199,11199,11199,4,05-06-2023,NA,3662.47
11200,11200,11200,10,22-05-2024,NA,2686.01
11201,11201,11201,3,15-09-2025,NA,8334.54
11202,11202,11202,0,15-10-2025,Cancelled,12425.01
11203,11203,11203,8,31-12-2023,Pending,5156.21
11204,11204,11204,2,23-08-2024,Completed,7294.61
11205,11205,11205,1,12-09-2023,Completed,12035.94
11206,11206,11206,0,04-04-2024,Pending,3280.88
11207,11207,11207,3,29-08-2025,Pending,10780.92
11208,11208,11208,-2,10-04-2026,Pending,1586.99
11209,11209,11209,2,13-03-2025,NA,7446.25
11210,11210,11210,10,31-03-2026,Completed,14691.6
11211,11211,11211,7,03-05-2024,Completed,4527.54
11212,11212,11212,1,07-11-2025,Completed,6407
11213,11213,11213,3,15-08-2023,NA,11301.31
11214,11214,11214,-2,04-03-2024,NA,8328.76
11215,11215,11215,9,17-10-2024,Completed,3042.14
11216,11216,11216,4,22-02-2024,NA,7994.26
11217,11217,11217,4,04-01-2025,Completed,4902.29
11218,11218,11218,2,09-09-2023,Pending,14685.88
11219,11219,11219,3,08-05-2024,Cancelled,10757.74
11220,11220,11220,8,06-08-2025,Cancelled,11284.39
11221,11221,11221,4,24-10-2024,Cancelled,0
11222,11222,11222,4,30-10-2025,Pending,14891.53
11223,11223,11223,0,20-02-2025,Pending,636.8
11224,11224,11224,-2,13-08-2025,Cancelled,1265.02
11225,11225,11225,-2,21-03-2024,Cancelled,0
11226,11226,11226,1,05-05-2026,Pending,8088.58
11227,11227,11227,4,20-10-2024,Pending,2608
11228,11228,11228,6,14-10-2023,NA,12644.84
11229,11229,11229,3,24-07-2024,Completed,7109.79
11230,11230,11230,2,11-02-2024,Pending,8957.36
11231,11231,11231,6,25-04-2026,Pending,2980.53
11232,11232,11232,8,27-07-2024,Pending,8741.88
11233,11233,11233,-2,02-09-2025,NA,11273.86
11234,11234,11234,0,23-07-2025,Completed,14440.49
11235,11235,11235,4,12-04-2024,Completed,12896.44
11236,11236,11236,6,22-08-2025,NA,3973.07
11237,11237,11237,7,17-03-2024,Completed,634.12
11238,11238,11238,8,23-11-2025,Completed,3186.77
11239,11239,11239,4,19-01-2026,Completed,159.11
11240,11240,11240,10,06-01-2026,Completed,14220.84
11241,11241,11241,3,02-06-2025,NA,794.32
11242,11242,11242,-2,31-10-2023,Completed,10929.76
11243,11243,11243,6,28-08-2024,Completed,6762.42
11244,11244,11244,6,20-12-2023,NA,4809.57
11245,11245,11245,7,17-09-2024,Pending,8666.57
11246,11246,11246,0,18-06-2025,Completed,5436.08
11247,11247,11247,0,11-05-2023,Completed,6159.52
11248,11248,11248,7,07-02-2024,NA,5406.57
11249,11249,11249,10,16-12-2023,NA,11882.52
11250,11250,11250,7,24-09-2024,NA,3791.03
11251,11251,11251,3,30-07-2024,Cancelled,476.8
11252,11252,11252,4,30-11-2025,Completed,0
11253,11253,11253,5,21-03-2024,Cancelled,11745.67
11254,11254,11254,7,16-05-2024,Completed,7377.08
11255,11255,11255,7,09-11-2023,Pending,0
11256,11256,11256,3,02-05-2026,Cancelled,2123.82
11257,11257,11257,3,29-12-2025,Cancelled,10422.32
11258,11258,11258,2,03-01-2025,Completed,0
11259,11259,11259,6,13-05-2023,Pending,6000.14
11260,11260,11260,3,02-05-2025,Cancelled,10731.45
11261,11261,11261,7,14-10-2025,Completed,1336.89
11262,11262,11262,4,21-09-2025,NA,7415.86
11263,11263,11263,1,19-03-2024,Completed,9425.58
11264,11264,11264,8,13-11-2023,Pending,5061.19
11265,11265,11265,-2,22-10-2025,NA,0
11266,11266,11266,3,15-01-2026,Completed,0
11267,11267,11267,5,11-05-2023,Pending,14857.2
11268,11268,11268,10,10-11-2024,NA,11038.82
11269,11269,11269,3,17-10-2023,NA,11884.51
11270,11270,11270,10,23-06-2023,Completed,8612.75
11271,11271,11271,3,15-10-2025,Cancelled,6383.17
11272,11272,11272,0,05-07-2024,Cancelled,641.55
11273,11273,11273,3,15-03-2025,NA,7065.56
11274,11274,11274,1,20-02-2026,NA,11075.79
11275,11275,11275,-2,14-10-2024,Completed,3555.27
11276,11276,11276,7,03-05-2025,Cancelled,567.63
11277,11277,11277,0,28-07-2024,Completed,769.21
11278,11278,11278,3,31-05-2025,NA,2746.87
11279,11279,11279,1,22-11-2025,Cancelled,5336.42
11280,11280,11280,7,29-08-2023,Completed,4080.82
11281,11281,11281,-2,19-06-2023,Pending,14158
11282,11282,11282,8,31-01-2024,Cancelled,0
11283,11283,11283,1,17-12-2025,NA,11911.37
11284,11284,11284,7,19-03-2024,Cancelled,9364.94
11285,11285,11285,5,22-05-2025,Completed,13734.08
11286,11286,11286,-2,07-10-2025,Completed,10988.62
11287,11287,11287,4,13-06-2025,Pending,9982.53
11288,11288,11288,2,15-06-2025,Cancelled,10883.54
11289,11289,11289,4,10-09-2024,Cancelled,5719.01
11290,11290,11290,4,26-07-2023,Pending,3299.97
11291,11291,11291,-2,18-09-2023,Cancelled,8760.66
11292,11292,11292,7,27-06-2025,Pending,8258.96
11293,11293,11293,4,05-12-2023,Completed,7453.24
11294,11294,11294,4,30-05-2023,Completed,5517.66
11295,11295,11295,-2,15-10-2025,Completed,10963.68
11296,11296,11296,8,20-07-2023,Completed,5101.98
11297,11297,11297,-2,19-01-2025,Completed,12680.37
11298,11298,11298,5,19-05-2025,Cancelled,13426.43
11299,11299,11299,0,06-08-2024,Completed,8091.04
11300,11300,11300,10,18-03-2024,Cancelled,556.01
11301,11301,11301,2,19-11-2023,NA,12203.21
11302,11302,11302,9,01-10-2023,Pending,6399.92
11303,11303,11303,10,01-09-2025,NA,6408.83
11304,11304,11304,2,09-12-2024,Cancelled,7877.11
11305,11305,11305,-2,15-10-2023,Completed,8731.56
11306,11306,11306,4,12-08-2024,NA,8180.17
11307,11307,11307,8,29-07-2024,Pending,2131.75
11308,11308,11308,3,04-06-2024,Cancelled,8535.54
11309,11309,11309,0,26-08-2025,Pending,7471.36
11310,11310,11310,4,08-05-2023,Completed,10686.78
11311,11311,11311,2,16-12-2024,NA,1934.55
11312,11312,11312,7,22-01-2026,Completed,0
11313,11313,11313,8,06-10-2024,NA,4298.76
11314,11314,11314,6,03-12-2023,Completed,13382.98
11315,11315,11315,8,07-05-2023,Cancelled,570.81
11316,11316,11316,5,26-10-2023,Pending,12925.79
11317,11317,11317,9,18-09-2023,Pending,10415.07
11318,11318,11318,10,13-01-2025,Cancelled,11841.36
11319,11319,11319,-2,21-02-2025,Completed,8014.28
11320,11320,11320,6,26-02-2024,Cancelled,11990.7
11321,11321,11321,6,11-08-2024,NA,13996.93
11322,11322,11322,8,24-12-2023,Completed,4441.06
11323,11323,11323,6,11-09-2025,Cancelled,9983.47
11324,11324,11324,6,12-05-2023,Cancelled,4075.15
11325,11325,11325,-2,29-02-2024,Pending,7874.97
11326,11326,11326,9,31-10-2023,Completed,4841.81
11327,11327,11327,10,16-10-2025,NA,11027.58
11328,11328,11328,7,29-04-2024,Pending,14547.25
11329,11329,11329,6,03-11-2024,Completed,877.56
11330,11330,11330,4,31-01-2025,Pending,8946.8
11331,11331,11331,7,07-12-2024,Completed,3192.19
11332,11332,11332,9,21-12-2025,Pending,2944.54
11333,11333,11333,6,01-02-2025,Completed,12763.56
11334,11334,11334,8,07-05-2024,Pending,8185.15
11335,11335,11335,-2,19-04-2024,NA,13131.17
11336,11336,11336,4,04-12-2023,Completed,12673.64
11337,11337,11337,-2,28-09-2023,Cancelled,1947.53
11338,11338,11338,2,24-10-2025,Pending,583.6
11339,11339,11339,3,16-05-2024,Completed,3399.26
11340,11340,11340,10,24-06-2023,Completed,7825.62
11341,11341,11341,8,16-03-2024,NA,314.7
11342,11342,11342,1,18-08-2023,NA,6316.08
11343,11343,11343,1,18-12-2024,NA,6171.95
11344,11344,11344,4,31-03-2025,Pending,7130.5
11345,11345,11345,1,05-12-2025,Completed,11054.68
11346,11346,11346,9,11-06-2024,Completed,9367.82
11347,11347,11347,7,12-07-2024,Completed,12091.11
11348,11348,11348,8,17-03-2025,Completed,11213.44
11349,11349,11349,8,09-08-2023,Cancelled,2689.59
11350,11350,11350,9,08-08-2023,Completed,1602.37
11351,11351,11351,3,24-03-2025,Completed,12980.64
11352,11352,11352,7,05-10-2024,Pending,14411.08
11353,11353,11353,7,24-09-2025,Cancelled,3221.73
11354,11354,11354,1,08-09-2025,Pending,14773.78
11355,11355,11355,-2,22-01-2024,Completed,0
11356,11356,11356,1,30-12-2025,Pending,4857.91
11357,11357,11357,4,15-01-2026,Completed,5278.47
11358,11358,11358,8,26-03-2026,Pending,2132.23
11359,11359,11359,6,31-10-2025,Pending,700.04
11360,11360,11360,6,22-01-2024,Completed,12973.93
11361,11361,11361,4,12-06-2024,Completed,12239.43
11362,11362,11362,9,02-07-2023,Pending,4203.19
11363,11363,11363,8,17-02-2026,NA,10768.1
11364,11364,11364,8,02-07-2023,Cancelled,6169.64
11365,11365,11365,0,23-12-2024,Completed,3612.78
11366,11366,11366,4,09-01-2024,Cancelled,12239.88
11367,11367,11367,2,20-03-2025,Cancelled,9823.36
11368,11368,11368,10,09-06-2023,Pending,2651.12
11369,11369,11369,2,06-06-2023,Completed,11017.75
11370,11370,11370,-2,17-01-2024,Completed,7949.36
11371,11371,11371,9,30-05-2024,NA,7233.59
11372,11372,11372,7,12-09-2024,Completed,13382.17
11373,11373,11373,8,29-04-2026,NA,6046.1
11374,11374,11374,3,06-01-2024,Completed,6477.92
11375,11375,11375,10,07-02-2025,Cancelled,1315.18
11376,11376,11376,7,01-06-2023,Completed,9035.24
11377,11377,11377,2,08-07-2025,Cancelled,12418.44
11378,11378,11378,4,18-01-2026,NA,11372.31
11379,11379,11379,3,17-12-2023,Completed,9698.01
11380,11380,11380,9,02-08-2023,Completed,4490.94
11381,11381,11381,4,14-06-2025,Pending,371.8
11382,11382,11382,4,09-07-2024,NA,162.34
11383,11383,11383,4,05-05-2025,Completed,7117.86
11384,11384,11384,9,19-10-2025,Cancelled,14648.16
11385,11385,11385,9,05-12-2023,Cancelled,4165.31
11386,11386,11386,3,02-01-2025,Completed,6518.09
11387,11387,11387,5,29-06-2024,Completed,6296.75
11388,11388,11388,8,28-02-2026,Pending,7430.13
11389,11389,11389,4,19-03-2025,Pending,12768.07
11390,11390,11390,1,20-01-2026,Completed,1589.01
11391,11391,11391,5,07-07-2025,Pending,2486.06
11392,11392,11392,10,18-07-2023,Pending,1682.99
11393,11393,11393,0,27-05-2023,Pending,2538.47
11394,11394,11394,0,20-10-2025,Cancelled,8939.24
11395,11395,11395,6,29-10-2024,Completed,7259.55
11396,11396,11396,7,21-08-2025,Cancelled,1341.96
11397,11397,11397,5,27-09-2023,Completed,10518.39
11398,11398,11398,4,14-10-2025,Completed,4804.59
11399,11399,11399,7,05-11-2025,Completed,24.4
11400,11400,11400,6,04-09-2024,Cancelled,2870.4
11401,11401,11401,5,15-05-2024,Cancelled,8225.34
11402,11402,11402,5,24-07-2024,Completed,3576.39
11403,11403,11403,-2,28-03-2024,Completed,10215.39
11404,11404,11404,7,20-05-2023,Pending,3650.85
11405,11405,11405,7,27-04-2024,Pending,427.36
11406,11406,11406,5,13-07-2023,Completed,8905.65
11407,11407,11407,9,07-12-2024,NA,1461.78
11408,11408,11408,8,04-09-2025,Cancelled,1608.71
11409,11409,11409,1,18-06-2023,Completed,8464.6
11410,11410,11410,1,26-12-2024,Pending,2148.26
11411,11411,11411,3,15-11-2024,NA,7028.12
11412,11412,11412,4,06-07-2025,Completed,10444.58
11413,11413,11413,2,25-05-2025,Cancelled,3505.4
11414,11414,11414,2,04-11-2023,Completed,0
11415,11415,11415,-2,25-11-2024,NA,4736.11
11416,11416,11416,0,30-07-2025,Pending,878.88
11417,11417,11417,4,06-09-2025,NA,2373.03
11418,11418,11418,-2,26-01-2025,NA,180.68
11419,11419,11419,0,17-01-2025,Completed,1583.35
11420,11420,11420,8,02-07-2023,Completed,0
11421,11421,11421,4,28-11-2023,Cancelled,9673.31
11422,11422,11422,8,23-06-2025,Cancelled,14738.58
11423,11423,11423,3,16-11-2025,Pending,5544.83
11424,11424,11424,4,17-01-2024,Completed,5023.67
11425,11425,11425,10,01-06-2023,Cancelled,10074.78
11426,11426,11426,6,21-06-2023,Cancelled,10027.22
11427,11427,11427,7,28-11-2023,Cancelled,2727.88
11428,11428,11428,6,04-08-2025,Cancelled,11721.54
11429,11429,11429,7,18-07-2024,NA,0
11430,11430,11430,0,17-08-2023,NA,4949.41
11431,11431,11431,5,09-07-2025,Completed,6694.9
11432,11432,11432,5,17-10-2025,Cancelled,3866.9
11433,11433,11433,4,24-08-2024,Cancelled,1819.57
11434,11434,11434,1,27-09-2024,Cancelled,14871.62
11435,11435,11435,-2,23-04-2026,Pending,385.5
11436,11436,11436,9,09-02-2025,Completed,12696.64
11437,11437,11437,10,16-03-2025,Completed,692.5
11438,11438,11438,-2,27-02-2024,Completed,12012.36
11439,11439,11439,9,03-10-2023,NA,13805.32
11440,11440,11440,4,23-07-2024,NA,14542.59
11441,11441,11441,1,25-02-2026,Cancelled,11109.93
11442,11442,11442,8,07-11-2024,Completed,2809.67
11443,11443,11443,1,08-12-2023,Completed,4980.68
11444,11444,11444,1,08-11-2023,Pending,9710.06
11445,11445,11445,0,15-12-2024,Completed,7818.31
11446,11446,11446,7,16-02-2026,Completed,9340.7
11447,11447,11447,-2,07-01-2024,NA,4690.92
11448,11448,11448,0,11-05-2023,NA,12988.55
11449,11449,11449,8,03-03-2026,Pending,7886.16
11450,11450,11450,1,19-12-2023,Cancelled,12819.65
11451,11451,11451,-2,31-01-2025,Pending,595.43
11452,11452,11452,9,28-09-2025,Completed,12111.57
11453,11453,11453,10,07-10-2023,Pending,8691.49
11454,11454,11454,7,14-03-2024,Completed,9445.48
11455,11455,11455,0,18-01-2025,Completed,9230.95
11456,11456,11456,10,18-05-2024,NA,2878.28
11457,11457,11457,8,20-10-2024,Completed,8197.03
11458,11458,11458,2,23-03-2025,NA,881.42
11459,11459,11459,6,24-11-2023,NA,14399.44
11460,11460,11460,-2,13-01-2024,Pending,6843.1
11461,11461,11461,2,23-11-2023,Completed,8959.77
11462,11462,11462,-2,06-12-2023,Cancelled,0
11463,11463,11463,4,25-11-2024,Pending,10401.22
11464,11464,11464,5,11-07-2024,Completed,9755.88
11465,11465,11465,8,14-11-2024,Completed,8518.66
11466,11466,11466,0,12-03-2024,Pending,9716.69
11467,11467,11467,10,09-06-2025,NA,8940.2
11468,11468,11468,4,27-11-2023,Completed,14372.98
11469,11469,11469,8,05-10-2025,Cancelled,6685.62
11470,11470,11470,2,14-07-2024,NA,7342.73
11471,11471,11471,5,28-12-2023,Pending,1746.56
11472,11472,11472,4,05-08-2023,NA,6238.01
11473,11473,11473,0,07-08-2023,Cancelled,7427.81
11474,11474,11474,4,12-01-2025,Pending,5644.77
11475,11475,11475,7,14-06-2025,NA,11320.09
11476,11476,11476,3,22-12-2023,Cancelled,3755.4
11477,11477,11477,5,28-07-2024,Completed,2088.48
11478,11478,11478,-2,25-04-2025,Cancelled,4524.79
11479,11479,11479,8,04-03-2026,Cancelled,9424.28
11480,11480,11480,9,10-10-2025,Completed,4410.34
11481,11481,11481,10,14-04-2026,Completed,14723.67
11482,11482,11482,2,12-02-2024,NA,9759.31
11483,11483,11483,1,10-09-2024,Completed,1602.68
11484,11484,11484,4,27-11-2023,Pending,2025.4
11485,11485,11485,6,16-05-2025,Pending,3007.13
11486,11486,11486,-2,23-02-2025,Cancelled,1463.97
11487,11487,11487,4,07-03-2024,Cancelled,1608.5
11488,11488,11488,9,30-10-2024,Completed,11795.66
11489,11489,11489,4,15-04-2026,Pending,11249.52
11490,11490,11490,0,01-07-2024,NA,3015.89
11491,11491,11491,2,22-04-2024,Pending,6282.3
11492,11492,11492,-2,17-10-2023,Cancelled,11614.55
11493,11493,11493,7,10-06-2024,Completed,10191.16
11494,11494,11494,5,16-11-2024,NA,342.66
11495,11495,11495,9,13-12-2025,Cancelled,14862.4
11496,11496,11496,-2,22-01-2026,NA,2166.35
11497,11497,11497,9,13-02-2026,Cancelled,13844.17
11498,11498,11498,4,22-09-2024,NA,3337.35
11499,11499,11499,4,16-01-2025,NA,6137.96
11500,11500,11500,9,24-01-2025,Cancelled,13586.65
11501,11501,11501,-2,11-02-2026,Completed,6742.22
11502,11502,11502,7,23-11-2024,Completed,12795.58
11503,11503,11503,10,20-01-2025,NA,14542.21
11504,11504,11504,4,03-02-2024,Completed,10152.64
11505,11505,11505,6,17-10-2024,Cancelled,695.76
11506,11506,11506,-2,10-03-2024,Completed,8861.39
11507,11507,11507,2,03-11-2025,Completed,5770.86
11508,11508,11508,4,18-04-2026,Pending,10667.58
11509,11509,11509,7,03-09-2024,Completed,9835.12
11510,11510,11510,2,05-08-2023,NA,12357.31
11511,11511,11511,7,25-03-2025,Pending,12439.03
11512,11512,11512,1,16-05-2024,Completed,5134.82
11513,11513,11513,0,05-11-2025,Completed,9845.67
11514,11514,11514,9,06-01-2024,NA,9589.15
11515,11515,11515,4,06-06-2024,NA,13891.87
11516,11516,11516,4,16-12-2024,NA,6837.08
11517,11517,11517,-2,29-03-2025,Completed,10134.18
11518,11518,11518,4,23-05-2024,Completed,7312.09
11519,11519,11519,9,11-05-2023,Completed,13945.9
11520,11520,11520,7,27-07-2024,Cancelled,10464.69
11521,11521,11521,3,23-10-2025,Cancelled,4089.53
11522,11522,11522,9,09-01-2025,Pending,1940.74
11523,11523,11523,2,13-01-2025,NA,11022.71
11524,11524,11524,3,12-03-2026,Completed,11892.93
11525,11525,11525,2,04-06-2023,NA,9205.87
11526,11526,11526,0,30-01-2025,Completed,14395.06
11527,11527,11527,4,20-09-2023,Pending,2930.68
11528,11528,11528,7,12-07-2023,Completed,7874.81
11529,11529,11529,5,04-09-2023,Completed,6462.77
11530,11530,11530,8,16-08-2023,Pending,12664.11
11531,11531,11531,6,14-01-2026,NA,2745.01
11532,11532,11532,5,10-12-2023,Pending,11385.01
11533,11533,11533,-2,21-09-2024,Pending,10470.57
11534,11534,11534,7,31-01-2025,Completed,12554.25
11535,11535,11535,10,02-12-2023,Pending,6343.18
11536,11536,11536,2,02-08-2023,Completed,1903.9
11537,11537,11537,4,07-12-2023,Pending,7762.46
11538,11538,11538,9,16-11-2024,Cancelled,9414.81
11539,11539,11539,4,20-05-2025,Completed,11388.06
11540,11540,11540,9,10-02-2024,Completed,0
11541,11541,11541,2,02-07-2025,Completed,13320.43
11542,11542,11542,10,06-08-2025,Completed,5768.46
11543,11543,11543,9,05-02-2026,Cancelled,9776.59
11544,11544,11544,4,17-03-2024,NA,624.85
11545,11545,11545,6,30-11-2023,Completed,8764.94
11546,11546,11546,3,10-09-2025,Completed,6904.7
11547,11547,11547,7,26-08-2023,Completed,3102.13
11548,11548,11548,3,25-01-2025,Cancelled,4202.71
11549,11549,11549,-2,04-11-2024,Pending,8155.12
11550,11550,11550,7,01-11-2025,Cancelled,3645.06
11551,11551,11551,8,25-12-2024,Completed,13149.33
11552,11552,11552,1,11-01-2026,Completed,8109.75
11553,11553,11553,-2,15-07-2023,Completed,295.12
11554,11554,11554,8,03-08-2023,Pending,12197.8
11555,11555,11555,-2,13-10-2024,NA,7213.4
11556,11556,11556,10,28-11-2025,Pending,9199.8
11557,11557,11557,9,25-03-2024,Completed,9689.31
11558,11558,11558,8,04-12-2023,Completed,3495.56
11559,11559,11559,2,25-06-2025,Cancelled,5634.77
11560,11560,11560,2,28-01-2025,Pending,11995.19
11561,11561,11561,4,08-11-2025,Completed,14260.12
11562,11562,11562,4,09-11-2025,Cancelled,4739.55
11563,11563,11563,4,07-11-2023,Completed,1287.22
11564,11564,11564,4,07-12-2023,Completed,14665.22
11565,11565,11565,4,18-07-2023,Completed,13598.71
11566,11566,11566,-2,20-02-2024,Cancelled,255.63
11567,11567,11567,8,24-05-2025,Completed,6568.71
11568,11568,11568,1,05-02-2025,Pending,14294.16
11569,11569,11569,10,07-01-2026,Completed,12068.96
11570,11570,11570,3,05-04-2026,Pending,6008.17
11571,11571,11571,10,16-03-2026,Cancelled,7111.83
11572,11572,11572,2,05-08-2023,Completed,7082.71
11573,11573,11573,7,01-09-2025,Pending,8248.1
11574,11574,11574,1,23-12-2025,Pending,4063.17
11575,11575,11575,7,08-12-2025,Cancelled,2293.31
11576,11576,11576,4,09-11-2025,NA,14063.46
11577,11577,11577,4,16-01-2025,Cancelled,11908.71
11578,11578,11578,4,21-11-2024,NA,2662.16
11579,11579,11579,1,14-05-2023,Completed,5008.9
11580,11580,11580,2,21-07-2024,Pending,12453.97
11581,11581,11581,9,27-03-2026,Completed,1497.31
11582,11582,11582,3,28-12-2023,NA,1820.19
11583,11583,11583,10,29-10-2023,Pending,2691.19
11584,11584,11584,-2,28-08-2024,NA,10750.95
11585,11585,11585,1,17-10-2023,NA,8954.76
11586,11586,11586,8,01-03-2024,NA,8839.71
11587,11587,11587,8,26-05-2023,Pending,334.3
11588,11588,11588,9,27-03-2026,Pending,3165.12
11589,11589,11589,9,15-07-2025,Completed,13912.2
11590,11590,11590,1,25-09-2023,Pending,12018.79
11591,11591,11591,8,17-07-2023,Cancelled,6628.78
11592,11592,11592,-2,23-06-2024,Cancelled,13207.33
11593,11593,11593,1,16-03-2026,Completed,2330.77
11594,11594,11594,4,21-09-2025,NA,13749.29
11595,11595,11595,0,30-01-2025,NA,3431.01
11596,11596,11596,-2,09-09-2024,Pending,10220.88
11597,11597,11597,6,29-03-2025,Cancelled,2158.4
11598,11598,11598,8,17-02-2026,Completed,8267.69
11599,11599,11599,3,14-09-2025,Completed,5093.85
11600,11600,11600,4,04-01-2026,NA,12120.83
11601,11601,11601,8,11-11-2023,Pending,11688.35
11602,11602,11602,10,28-09-2024,Pending,9273.12
11603,11603,11603,2,14-08-2024,Completed,7008.76
11604,11604,11604,6,27-11-2023,NA,7084.59
11605,11605,11605,7,24-01-2024,Cancelled,9208.74
11606,11606,11606,4,12-10-2025,Pending,12674.2
11607,11607,11607,1,06-03-2025,NA,13424.29
11608,11608,11608,7,31-10-2023,Cancelled,14861.85
11609,11609,11609,9,22-01-2024,Pending,5206.88
11610,11610,11610,9,31-12-2025,NA,10771.97
11611,11611,11611,3,20-08-2023,Pending,10627.42
11612,11612,11612,1,26-10-2024,Cancelled,10721.41
11613,11613,11613,7,06-03-2025,Completed,12056.89
11614,11614,11614,1,21-07-2025,Cancelled,6660.42
11615,11615,11615,2,06-08-2023,NA,9577.39
11616,11616,11616,9,05-01-2025,Cancelled,14643.55
11617,11617,11617,-2,11-05-2025,Pending,9121.04
11618,11618,11618,1,18-03-2026,Pending,10690.97
11619,11619,11619,0,02-06-2024,Completed,0
11620,11620,11620,5,05-01-2026,Completed,0
11621,11621,11621,3,06-07-2023,NA,3125.17
11622,11622,11622,9,30-08-2025,Pending,8557.43
11623,11623,11623,8,27-05-2024,Completed,6063.49
11624,11624,11624,7,20-01-2024,NA,6579.3
11625,11625,11625,3,21-01-2024,Pending,3479.48
11626,11626,11626,10,14-03-2026,Cancelled,9311.24
11627,11627,11627,2,14-10-2025,Cancelled,14827.66
11628,11628,11628,7,15-08-2024,Completed,14840.03
11629,11629,11629,1,23-02-2026,Completed,12430.68
11630,11630,11630,4,21-05-2023,Cancelled,9861.55
11631,11631,11631,9,31-03-2024,Pending,13983.72
11632,11632,11632,2,24-06-2023,NA,4406.52
11633,11633,11633,1,26-06-2025,Completed,5705.6
11634,11634,11634,4,04-06-2023,Pending,893.93
11635,11635,11635,6,24-05-2025,NA,0
11636,11636,11636,6,07-01-2026,Completed,12347.41
11637,11637,11637,3,27-10-2023,Completed,1028.74
11638,11638,11638,5,09-10-2023,Completed,10066.13
11639,11639,11639,2,29-07-2025,NA,13469.17
11640,11640,11640,4,01-01-2025,Completed,4074.39
11641,11641,11641,2,06-07-2025,Cancelled,14974.34
11642,11642,11642,9,16-03-2025,Cancelled,4878.65
11643,11643,11643,0,09-12-2024,NA,362.63
11644,11644,11644,10,28-08-2025,Completed,11636.83
11645,11645,11645,7,22-11-2023,Completed,2152.41
11646,11646,11646,8,02-06-2024,Pending,3880.21
11647,11647,11647,5,20-07-2025,Completed,7105.32
11648,11648,11648,4,06-04-2024,Pending,4312.5
11649,11649,11649,5,08-07-2023,NA,2361.11
11650,11650,11650,2,04-04-2024,Completed,11008.68
11651,11651,11651,9,28-11-2024,NA,1926.97
11652,11652,11652,4,12-01-2024,Completed,7574
11653,11653,11653,10,24-08-2024,Completed,14965.1
11654,11654,11654,1,20-01-2025,NA,14249.72
11655,11655,11655,1,23-09-2024,Completed,8709
11656,11656,11656,8,19-08-2023,Pending,2226.03
11657,11657,11657,-2,16-04-2024,Completed,12310.88
11658,11658,11658,4,23-11-2024,Pending,12415.71
11659,11659,11659,6,11-08-2024,Cancelled,10026
11660,11660,11660,4,17-12-2024,Completed,14138.13
11661,11661,11661,3,13-01-2025,Completed,702.85
11662,11662,11662,2,19-08-2025,NA,13498.91
11663,11663,11663,-2,15-07-2024,NA,5536.56
11664,11664,11664,5,30-03-2024,Completed,2916.76
11665,11665,11665,6,07-08-2024,Completed,3168.15
11666,11666,11666,-2,03-01-2025,Cancelled,5760.91
11667,11667,11667,8,12-06-2024,Completed,2720.13
11668,11668,11668,2,28-09-2023,Cancelled,13462.39
11669,11669,11669,10,07-04-2025,Completed,11615.05
11670,11670,11670,4,27-07-2024,Completed,13038.77
11671,11671,11671,-2,10-01-2025,Completed,11809.33
11672,11672,11672,-2,26-03-2024,Completed,14567.43
11673,11673,11673,10,07-07-2023,Cancelled,3865.14
11674,11674,11674,0,26-06-2023,NA,12442.88
11675,11675,11675,-2,24-11-2023,Cancelled,14007.55
11676,11676,11676,0,18-09-2023,Completed,9650.98
11677,11677,11677,2,01-12-2023,NA,7585.9
11678,11678,11678,9,09-06-2023,NA,5894.22
11679,11679,11679,6,17-03-2025,NA,12859.93
11680,11680,11680,0,19-01-2026,Completed,1089.76
11681,11681,11681,2,23-03-2026,Pending,10969.95
11682,11682,11682,6,28-02-2025,NA,1461.82
11683,11683,11683,7,08-03-2025,Pending,13774.24
11684,11684,11684,8,13-05-2024,NA,12893.51
11685,11685,11685,7,07-11-2023,Completed,9629.57
11686,11686,11686,1,19-01-2025,Completed,13986.89
11687,11687,11687,5,27-11-2025,Pending,1793.28
11688,11688,11688,3,21-01-2025,Pending,1635.11
11689,11689,11689,8,05-01-2026,Cancelled,4382.14
11690,11690,11690,10,01-07-2023,NA,6260.8
11691,11691,11691,4,15-06-2024,Cancelled,9741.4
11692,11692,11692,4,22-09-2023,Completed,10700.28
11693,11693,11693,5,22-10-2024,Completed,11924.04
11694,11694,11694,2,03-01-2025,Cancelled,5824.33
11695,11695,11695,3,07-08-2023,Cancelled,11653.59
11696,11696,11696,0,01-09-2023,Cancelled,0
11697,11697,11697,4,03-02-2025,NA,1426.22
11698,11698,11698,9,17-08-2025,Cancelled,9777.44
11699,11699,11699,10,29-05-2023,Cancelled,14123.08
11700,11700,11700,7,04-04-2024,Pending,3477.6
11701,11701,11701,9,01-08-2023,NA,5733.83
11702,11702,11702,3,12-01-2026,Pending,3197.92
11703,11703,11703,-2,14-05-2024,Completed,9107.43
11704,11704,11704,3,20-07-2023,Cancelled,12676.39
11705,11705,11705,1,03-06-2025,Pending,764.57
11706,11706,11706,9,25-09-2025,Cancelled,6581.07
11707,11707,11707,6,20-12-2023,Pending,12399.23
11708,11708,11708,10,07-10-2025,Completed,11906.46
11709,11709,11709,5,31-10-2023,Cancelled,8250.68
11710,11710,11710,1,19-01-2024,Cancelled,5150.94
11711,11711,11711,2,12-01-2026,Cancelled,10900.64
11712,11712,11712,2,20-10-2023,Completed,14400.9
11713,11713,11713,8,14-12-2023,Pending,14295.39
11714,11714,11714,1,03-07-2024,Cancelled,13414.45
11715,11715,11715,9,15-02-2025,Completed,10973.65
11716,11716,11716,1,01-08-2024,Cancelled,7393.85
11717,11717,11717,6,18-12-2023,Pending,0
11718,11718,11718,4,12-02-2024,Completed,7482.81
11719,11719,11719,4,14-02-2026,NA,12618.49
11720,11720,11720,6,13-03-2025,Completed,10201.72
11721,11721,11721,6,17-04-2025,Completed,13745.17
11722,11722,11722,6,12-04-2026,Pending,8099.61
11723,11723,11723,4,01-05-2026,Completed,11487.87
11724,11724,11724,8,11-08-2024,Completed,4584.84
11725,11725,11725,2,09-10-2024,Cancelled,14775.86
11726,11726,11726,10,25-09-2025,Pending,10282.14
11727,11727,11727,3,21-07-2025,Completed,7697.3
11728,11728,11728,9,31-12-2025,Completed,569.66
11729,11729,11729,6,23-05-2025,NA,911.06
11730,11730,11730,7,22-05-2023,Completed,5487.54
11731,11731,11731,0,21-03-2026,Cancelled,6404.32
11732,11732,11732,8,11-09-2025,NA,4013.99
11733,11733,11733,8,01-01-2026,Completed,972.61
11734,11734,11734,7,09-01-2024,Pending,10336.08
11735,11735,11735,0,04-01-2026,Cancelled,8416.43
11736,11736,11736,8,08-06-2024,Completed,11594.12
11737,11737,11737,-2,09-10-2024,Completed,4216.77
11738,11738,11738,-2,28-07-2025,Completed,12451.23
11739,11739,11739,4,12-11-2023,Cancelled,20.88
11740,11740,11740,0,05-01-2024,Completed,14070.73
11741,11741,11741,4,01-04-2025,Completed,10740.48
11742,11742,11742,-2,30-03-2025,NA,8399.79
11743,11743,11743,10,01-02-2024,Pending,8157.33
11744,11744,11744,5,05-02-2025,NA,6797.32
11745,11745,11745,7,23-11-2025,Completed,3831.83
11746,11746,11746,7,03-07-2023,Completed,10910.58
11747,11747,11747,10,29-09-2023,Completed,10995.87
11748,11748,11748,10,14-02-2025,Pending,1358.54
11749,11749,11749,1,11-03-2026,Cancelled,11221.38
11750,11750,11750,3,08-12-2024,Pending,9742.52
11751,11751,11751,0,14-02-2025,Completed,12069.7
11752,11752,11752,0,24-04-2024,Completed,13743.91
11753,11753,11753,10,23-02-2026,Pending,11640.74
11754,11754,11754,5,11-09-2023,Cancelled,5175.08
11755,11755,11755,4,03-06-2023,Completed,11602.42
11756,11756,11756,-2,27-07-2025,Completed,7707.63
11757,11757,11757,7,24-09-2024,Cancelled,3492.16
11758,11758,11758,3,10-06-2023,Cancelled,11731.36
11759,11759,11759,6,06-09-2023,Completed,1595.76
11760,11760,11760,9,29-11-2023,Completed,12225.19
11761,11761,11761,3,05-05-2026,Completed,5089.89
11762,11762,11762,7,11-04-2026,NA,11668.44
11763,11763,11763,4,22-06-2023,NA,12361.81
11764,11764,11764,10,17-08-2025,Completed,6094.68
11765,11765,11765,3,05-07-2024,Completed,6245.91
11766,11766,11766,4,23-08-2024,Cancelled,7469.47
11767,11767,11767,2,31-12-2023,Completed,14273.65
11768,11768,11768,-2,25-10-2025,Cancelled,8152.18
11769,11769,11769,10,14-05-2024,Completed,2216.27
11770,11770,11770,7,16-01-2025,Pending,11926.99
11771,11771,11771,4,09-03-2024,Completed,10256.15
11772,11772,11772,1,26-01-2026,Cancelled,0
11773,11773,11773,2,14-08-2025,NA,4980.8
11774,11774,11774,8,23-06-2023,Cancelled,6500.33
11775,11775,11775,1,06-04-2024,NA,13091.85
11776,11776,11776,0,15-09-2024,Completed,14766.91
11777,11777,11777,1,13-11-2024,Pending,6353
11778,11778,11778,2,21-06-2024,Pending,9521.6
11779,11779,11779,9,03-07-2023,NA,10671.35
11780,11780,11780,5,03-11-2023,Completed,8481.54
11781,11781,11781,4,12-03-2024,NA,14154.01
11782,11782,11782,7,26-03-2025,Cancelled,1211.27
11783,11783,11783,10,19-04-2024,NA,7082.77
11784,11784,11784,4,16-08-2024,Pending,1297.33
11785,11785,11785,4,21-12-2025,Completed,3106.5
11786,11786,11786,2,24-06-2025,Completed,13229.64
11787,11787,11787,2,24-04-2026,NA,12010.65
11788,11788,11788,1,06-02-2026,Completed,14466.55
11789,11789,11789,10,03-12-2024,Cancelled,14066.46
11790,11790,11790,10,05-08-2023,Completed,6610.46
11791,11791,11791,-2,28-08-2025,Completed,4403.08
11792,11792,11792,6,15-12-2025,Pending,14416.76
11793,11793,11793,10,16-01-2024,Completed,2994.26
11794,11794,11794,8,23-04-2024,Completed,13099.58
11795,11795,11795,10,23-04-2025,Pending,6106.61
11796,11796,11796,4,29-05-2023,Pending,58.45
11797,11797,11797,0,30-06-2023,NA,2560.94
11798,11798,11798,6,15-03-2024,Cancelled,13060.18
11799,11799,11799,3,31-08-2024,Completed,10177.54
11800,11800,11800,6,05-02-2024,Completed,13368.97
11801,11801,11801,2,23-11-2025,Completed,14146.98
11802,11802,11802,4,02-01-2026,Completed,8090.75
11803,11803,11803,1,09-10-2025,Pending,7360.65
11804,11804,11804,3,16-06-2025,Cancelled,12316.38
11805,11805,11805,8,08-03-2026,Completed,7822.11
11806,11806,11806,5,28-09-2023,Completed,3754.14
11807,11807,11807,-2,06-05-2025,Completed,10598.56
11808,11808,11808,1,13-11-2025,NA,5891.39
11809,11809,11809,10,19-07-2025,Cancelled,2912.67
11810,11810,11810,4,05-05-2025,Completed,9926.29
11811,11811,11811,2,22-04-2025,Completed,14195.23
11812,11812,11812,8,10-02-2026,Pending,4759.55
11813,11813,11813,5,13-05-2025,Cancelled,0
11814,11814,11814,2,01-05-2024,Cancelled,9800.56
11815,11815,11815,7,30-10-2023,NA,421.88
11816,11816,11816,-2,08-03-2024,Completed,7046.54
11817,11817,11817,2,18-10-2024,Completed,14574.96
11818,11818,11818,1,05-11-2025,Cancelled,3658.78
11819,11819,11819,1,12-08-2024,Completed,1722.54
11820,11820,11820,1,26-03-2024,Completed,5599.42
11821,11821,11821,5,27-11-2023,Completed,5181.11
11822,11822,11822,9,25-04-2024,Completed,13996.41
11823,11823,11823,2,18-01-2026,Pending,942.31
11824,11824,11824,5,20-09-2023,NA,7314
11825,11825,11825,6,16-04-2025,Pending,4590.72
11826,11826,11826,2,14-11-2023,Pending,12888.55
11827,11827,11827,10,06-12-2023,Pending,5887.73
11828,11828,11828,10,11-07-2024,Pending,11528.1
11829,11829,11829,5,06-11-2023,Completed,5929.05
11830,11830,11830,9,25-07-2023,NA,3130.65
11831,11831,11831,5,24-05-2024,Completed,6861.9
11832,11832,11832,9,10-12-2025,Cancelled,0
11833,11833,11833,8,18-07-2025,Pending,14925.99
11834,11834,11834,-2,23-01-2024,NA,315.36
11835,11835,11835,10,21-10-2024,Completed,14949.74
11836,11836,11836,10,24-10-2025,Cancelled,14311.75
11837,11837,11837,1,12-07-2023,NA,2496.01
11838,11838,11838,-2,28-12-2023,Cancelled,5957.97
11839,11839,11839,-2,05-06-2023,Pending,10682
11840,11840,11840,-2,14-10-2023,Completed,11475.69
11841,11841,11841,1,10-10-2025,Completed,13129.19
11842,11842,11842,7,15-05-2023,Completed,5511.66
11843,11843,11843,0,23-07-2025,Completed,12132.3
11844,11844,11844,0,19-05-2024,Completed,8427
11845,11845,11845,8,18-01-2025,Cancelled,13097.27
11846,11846,11846,7,03-12-2023,Pending,5109.18
11847,11847,11847,4,22-07-2023,NA,10699.37
11848,11848,11848,4,06-12-2025,Pending,3673.77
11849,11849,11849,3,16-01-2025,Completed,4338.65
11850,11850,11850,10,01-05-2026,Pending,14260.24
11851,11851,11851,2,09-06-2023,Cancelled,2563.48
11852,11852,11852,9,30-01-2025,Pending,14687.53
11853,11853,11853,6,19-11-2023,Completed,9027.37
11854,11854,11854,-2,08-04-2024,Pending,3172.15
11855,11855,11855,2,18-04-2024,Cancelled,0
11856,11856,11856,0,08-05-2025,Completed,6777.59
11857,11857,11857,1,14-03-2026,Completed,0
11858,11858,11858,4,15-12-2025,NA,3582.1
11859,11859,11859,2,29-12-2025,NA,6324.7
11860,11860,11860,8,04-05-2024,Completed,12839.13
11861,11861,11861,0,09-11-2023,Completed,14404.65
11862,11862,11862,2,24-07-2025,Pending,9061.96
11863,11863,11863,5,18-11-2025,Completed,2386.19
11864,11864,11864,1,22-08-2024,Completed,5004.52
11865,11865,11865,9,08-07-2025,Completed,10981.84
11866,11866,11866,5,24-09-2023,Cancelled,11583.07
11867,11867,11867,9,29-05-2023,Cancelled,4711.73
11868,11868,11868,2,26-02-2026,Completed,6755.21
11869,11869,11869,1,30-08-2023,NA,14528.29
11870,11870,11870,-2,26-05-2025,Completed,5188.03
11871,11871,11871,5,29-05-2023,Completed,5592.64
11872,11872,11872,10,21-01-2024,NA,7117.31
11873,11873,11873,6,16-07-2025,Completed,6190.39
11874,11874,11874,0,08-02-2024,NA,2974.37
11875,11875,11875,1,13-09-2024,Pending,179.79
11876,11876,11876,2,17-10-2023,Cancelled,5259.3
11877,11877,11877,-2,27-02-2026,Completed,12446.36
11878,11878,11878,2,16-03-2024,NA,7464.41
11879,11879,11879,3,10-11-2024,Completed,10988.47
11880,11880,11880,2,07-09-2025,Completed,2471.93
11881,11881,11881,10,02-07-2025,Cancelled,3695.52
11882,11882,11882,7,09-10-2024,NA,7756.21
11883,11883,11883,1,01-02-2024,Completed,3446.43
11884,11884,11884,3,20-08-2025,Cancelled,6846.14
11885,11885,11885,8,23-06-2025,Completed,8140.55
11886,11886,11886,7,22-01-2024,Pending,13634.11
11887,11887,11887,6,25-12-2024,Completed,2679.3
11888,11888,11888,5,20-01-2024,Pending,14014.25
11889,11889,11889,9,11-06-2023,Completed,14424.25
11890,11890,11890,9,12-07-2025,Pending,10382.71
11891,11891,11891,6,02-06-2023,Pending,7703.49
11892,11892,11892,5,27-07-2025,NA,5623.85
11893,11893,11893,6,09-12-2024,NA,2065.9
11894,11894,11894,2,19-10-2025,Completed,9419.25
11895,11895,11895,-2,26-11-2025,Cancelled,5066.16
11896,11896,11896,10,10-11-2025,Cancelled,5481.12
11897,11897,11897,9,29-06-2025,Completed,565.27
11898,11898,11898,9,18-11-2024,NA,2714.54
11899,11899,11899,5,13-07-2025,Pending,605.63
11900,11900,11900,4,24-04-2025,Pending,169.98
11901,11901,11901,3,10-06-2023,Completed,4429.68
11902,11902,11902,5,03-07-2024,Completed,3449.31
11903,11903,11903,5,19-01-2025,Pending,9328.9
11904,11904,11904,3,31-01-2025,NA,5346.7
11905,11905,11905,6,23-04-2025,NA,0
11906,11906,11906,-2,01-10-2023,Completed,11080.24
11907,11907,11907,3,17-02-2025,Cancelled,12392.42
11908,11908,11908,4,16-09-2024,Cancelled,8250.51
11909,11909,11909,8,24-04-2024,Completed,6600.99
11910,11910,11910,9,20-01-2024,NA,10908.38
11911,11911,11911,8,21-08-2025,Pending,10447.85
11912,11912,11912,6,20-09-2025,Pending,12910.49
11913,11913,11913,1,26-01-2025,Cancelled,2948.71
11914,11914,11914,4,15-04-2025,Pending,6918.4
11915,11915,11915,4,13-01-2026,Completed,11784.54
11916,11916,11916,8,09-01-2024,NA,1872.28
11917,11917,11917,0,03-04-2025,Completed,8524.17
11918,11918,11918,7,13-07-2024,NA,13011.54
11919,11919,11919,8,22-02-2025,Completed,11261.42
11920,11920,11920,4,12-10-2025,Cancelled,14175.15
11921,11921,11921,7,27-08-2024,Cancelled,0
11922,11922,11922,2,31-05-2023,Completed,2253.72
11923,11923,11923,-2,29-03-2026,Completed,5842.67
11924,11924,11924,9,04-05-2025,Pending,3825.26
11925,11925,11925,8,18-07-2025,Cancelled,9479.03
11926,11926,11926,7,02-10-2025,Completed,13904.78
11927,11927,11927,2,13-06-2025,Completed,8887.88
11928,11928,11928,0,14-07-2025,Completed,4532.77
11929,11929,11929,8,25-08-2023,NA,8359.31
11930,11930,11930,-2,21-08-2024,Cancelled,9145.72
11931,11931,11931,10,08-09-2025,Pending,6635.73
11932,11932,11932,9,29-05-2023,Pending,2391.45
11933,11933,11933,10,02-10-2023,NA,6004.23
11934,11934,11934,1,15-11-2025,NA,14496.35
11935,11935,11935,9,12-12-2023,Pending,5433.18
11936,11936,11936,2,08-08-2023,Completed,13953.06
11937,11937,11937,2,07-09-2024,Cancelled,10198.99
11938,11938,11938,8,27-03-2026,NA,5210.64
11939,11939,11939,-2,16-02-2026,Cancelled,9105.62
11940,11940,11940,8,17-01-2024,Completed,1289.56
11941,11941,11941,7,24-08-2023,Completed,14295.77
11942,11942,11942,4,09-04-2025,Completed,3649.03
11943,11943,11943,10,21-09-2023,Completed,1675.09
11944,11944,11944,8,06-11-2023,Completed,12518.45
11945,11945,11945,4,13-01-2024,Pending,13176.02
11946,11946,11946,4,26-11-2023,Completed,904.35
11947,11947,11947,1,01-02-2024,Completed,8244.73
11948,11948,11948,1,11-11-2023,NA,10829.26
11949,11949,11949,2,31-01-2024,NA,4681.28
11950,11950,11950,3,19-02-2026,Completed,4219.04
11951,11951,11951,2,06-04-2026,NA,13558.02
11952,11952,11952,7,24-10-2023,Completed,5652.09
11953,11953,11953,10,14-09-2024,Pending,7603.89
11954,11954,11954,0,15-10-2025,Pending,854.44
11955,11955,11955,7,05-02-2025,Completed,11273.8
11956,11956,11956,3,28-04-2024,NA,13285.11
11957,11957,11957,5,07-04-2024,NA,4959.82
11958,11958,11958,5,17-12-2025,Completed,12095.55
11959,11959,11959,9,05-09-2024,Completed,8446.35
11960,11960,11960,3,04-10-2024,Completed,6567.93
11961,11961,11961,0,16-01-2026,Pending,13116.28
11962,11962,11962,2,30-10-2024,Completed,11328.14
11963,11963,11963,8,18-11-2024,Pending,9169.5
11964,11964,11964,4,21-11-2025,Completed,7284.02
11965,11965,11965,3,11-11-2024,Cancelled,14151.98
11966,11966,11966,1,21-07-2025,Cancelled,9270.31
11967,11967,11967,0,28-04-2026,NA,12464.21
11968,11968,11968,5,20-12-2024,Completed,12205.96
11969,11969,11969,4,15-12-2024,NA,13555.57
11970,11970,11970,8,29-03-2024,Cancelled,0
11971,11971,11971,4,06-08-2024,Completed,13973.66
11972,11972,11972,7,23-01-2024,NA,10546.24
11973,11973,11973,4,27-03-2026,Completed,11538.27
11974,11974,11974,10,06-09-2023,Completed,4949.88
11975,11975,11975,0,03-09-2024,Completed,1086.95
11976,11976,11976,3,21-08-2024,NA,6321.72
11977,11977,11977,0,18-02-2024,NA,3684.51
11978,11978,11978,2,25-08-2024,NA,6173.72
11979,11979,11979,4,02-06-2023,Cancelled,404.39
11980,11980,11980,10,09-05-2025,Pending,9198.89
11981,11981,11981,6,07-03-2025,Pending,9292.28
11982,11982,11982,9,28-09-2023,Completed,5310.64
11983,11983,11983,1,27-05-2023,NA,6521.75
11984,11984,11984,4,30-05-2025,Completed,8550.79
11985,11985,11985,0,17-11-2023,Completed,2362.24
11986,11986,11986,6,28-05-2023,Pending,7730.52
11987,11987,11987,1,09-03-2024,Pending,5562
11988,11988,11988,10,01-11-2025,Cancelled,9094.12
11989,11989,11989,3,27-02-2026,NA,2121.92
11990,11990,11990,4,23-05-2024,NA,6987.09
11991,11991,11991,10,06-01-2025,NA,1622.61
11992,11992,11992,9,07-11-2025,Completed,8058.19
11993,11993,11993,4,04-10-2025,Completed,4301.02
11994,11994,11994,0,29-01-2026,Pending,4912.77
11995,11995,11995,6,14-07-2024,Completed,2553.77
11996,11996,11996,-2,10-03-2026,NA,4042.26
11997,11997,11997,0,01-09-2025,Pending,9015.78
11998,11998,11998,2,30-07-2024,Completed,8575.78
11999,11999,11999,7,21-06-2025,Pending,7100.01
12000,12000,12000,10,10-01-2025,Completed,5698.54
12001,12001,12001,3,26-12-2024,Cancelled,11605.66
12002,12002,12002,4,25-05-2023,Completed,6934.61
12003,12003,12003,10,16-07-2024,Completed,9608.96
12004,12004,12004,3,30-07-2025,Completed,2606.62
12005,12005,12005,4,31-05-2025,NA,8649.15
12006,12006,12006,4,29-07-2025,NA,7608.12
12007,12007,12007,1,27-06-2024,Pending,11778.28
12008,12008,12008,1,04-12-2025,Completed,3021.27
12009,12009,12009,10,09-05-2023,Completed,12420.13
12010,12010,12010,2,24-09-2024,Completed,24.3
12011,12011,12011,10,26-12-2023,Pending,2332.97
12012,12012,12012,4,16-01-2025,Completed,0
12013,12013,12013,9,21-06-2025,Pending,13953.34
12014,12014,12014,4,08-01-2024,Completed,6771.87
12015,12015,12015,10,01-09-2023,Pending,353.63
12016,12016,12016,1,27-06-2024,Completed,7176.02
12017,12017,12017,3,01-07-2024,Completed,7518.6
12018,12018,12018,-2,18-03-2025,NA,14624.36
12019,12019,12019,5,16-01-2025,NA,9000.17
12020,12020,12020,7,23-09-2023,Completed,5898.7
12021,12021,12021,-2,27-02-2024,Completed,6075.73
12022,12022,12022,-2,04-09-2023,Cancelled,11662.23
12023,12023,12023,10,24-05-2023,Cancelled,13861.86
12024,12024,12024,5,26-12-2023,Cancelled,4776.55
12025,12025,12025,6,31-08-2024,Pending,7433.08
12026,12026,12026,3,11-01-2024,Cancelled,13720.19
12027,12027,12027,8,03-10-2025,Completed,9271.2
12028,12028,12028,2,25-12-2024,NA,6624.21
12029,12029,12029,2,18-02-2025,NA,3012.8
12030,12030,12030,1,22-07-2024,Completed,12611.26
12031,12031,12031,8,03-03-2024,Pending,8774.54
12032,12032,12032,4,27-10-2024,Completed,8039.04
12033,12033,12033,2,27-10-2025,Cancelled,13321.29
12034,12034,12034,7,26-03-2025,Completed,8071.73
12035,12035,12035,10,13-07-2025,Completed,5765.65
12036,12036,12036,6,14-08-2025,Cancelled,1134.76
12037,12037,12037,2,28-01-2024,Cancelled,12318.78
12038,12038,12038,7,28-09-2024,NA,9599.09
12039,12039,12039,2,06-02-2024,Cancelled,9258.04
12040,12040,12040,4,17-04-2026,Completed,1992.49
12041,12041,12041,-2,17-02-2024,Completed,3416.7
12042,12042,12042,10,26-06-2023,NA,13180.01
12043,12043,12043,4,03-01-2024,Completed,5060.25
12044,12044,12044,-2,01-05-2024,Completed,4883.31
12045,12045,12045,1,09-06-2023,Pending,544.92
12046,12046,12046,10,24-11-2025,Completed,1715.35
12047,12047,12047,2,23-06-2023,Completed,14487.48
12048,12048,12048,10,26-07-2024,Completed,904.66
12049,12049,12049,5,28-04-2026,Pending,10586.27
12050,12050,12050,5,16-11-2025,Completed,10616.63
12051,12051,12051,5,25-08-2023,Cancelled,11430.63
12052,12052,12052,1,10-10-2024,Pending,3357.06
12053,12053,12053,1,28-11-2025,Completed,11561.51
12054,12054,12054,4,24-03-2024,Completed,11996.01
12055,12055,12055,4,31-07-2024,Pending,12382.37
12056,12056,12056,1,20-06-2023,NA,8857.88
12057,12057,12057,10,30-12-2024,Completed,4700.4
12058,12058,12058,3,05-04-2026,Completed,7946.27
12059,12059,12059,6,09-05-2025,Completed,8544.82
12060,12060,12060,10,26-08-2023,Pending,3671.32
12061,12061,12061,4,28-09-2025,Pending,10040.25
12062,12062,12062,9,03-12-2023,Pending,7991.61
12063,12063,12063,9,15-01-2024,NA,12636.6
12064,12064,12064,9,13-11-2025,Pending,8290.71
12065,12065,12065,9,21-10-2023,Pending,3589.96
12066,12066,12066,8,15-01-2024,Completed,4483.65
12067,12067,12067,3,03-12-2023,Cancelled,7567.73
12068,12068,12068,10,16-10-2023,Cancelled,3754.09
12069,12069,12069,4,15-03-2025,Completed,10612.43
12070,12070,12070,2,21-05-2024,Completed,6589.63
12071,12071,12071,2,14-12-2025,Cancelled,12335.85
12072,12072,12072,-2,19-10-2023,Cancelled,9722.61
12073,12073,12073,5,08-12-2025,Cancelled,904.84
12074,12074,12074,7,29-04-2024,NA,11909.76
12075,12075,12075,4,11-04-2026,NA,2763.2
12076,12076,12076,5,25-01-2026,Completed,2843.62
12077,12077,12077,0,22-11-2023,Pending,4725.62
12078,12078,12078,6,21-04-2024,Pending,13306.4
12079,12079,12079,8,30-10-2023,NA,13219.76
12080,12080,12080,3,16-07-2024,NA,4909.39
12081,12081,12081,0,24-01-2025,Pending,4168.8
12082,12082,12082,1,20-06-2024,Cancelled,8722.59
12083,12083,12083,1,01-01-2026,Completed,1342.4
12084,12084,12084,8,28-03-2024,Pending,1310.16
12085,12085,12085,5,29-04-2025,Completed,14853.6
12086,12086,12086,7,30-07-2023,NA,11769.9
12087,12087,12087,6,12-12-2025,Completed,12163.4
12088,12088,12088,10,14-04-2024,Pending,8172.43
12089,12089,12089,4,15-05-2025,Pending,11620.39
12090,12090,12090,7,11-01-2026,Cancelled,7968.1
12091,12091,12091,1,16-10-2023,Completed,8524.78
12092,12092,12092,4,30-12-2025,Completed,994.44
12093,12093,12093,2,19-03-2025,Cancelled,11189.32
12094,12094,12094,-2,29-06-2023,Cancelled,9247.26
12095,12095,12095,6,25-07-2023,Pending,3047.25
12096,12096,12096,4,05-08-2024,Pending,5361.97
12097,12097,12097,6,01-04-2025,Completed,5470.38
12098,12098,12098,8,31-05-2024,Pending,2718.81
12099,12099,12099,8,07-05-2024,Pending,8280.25
12100,12100,12100,9,18-04-2025,Completed,4074.24
12101,12101,12101,10,04-01-2024,NA,13096.29
12102,12102,12102,6,24-03-2025,Cancelled,5999.24
12103,12103,12103,4,16-10-2024,Pending,1353.87
12104,12104,12104,8,28-03-2026,NA,14057.84
12105,12105,12105,8,26-02-2024,Completed,4891.21
12106,12106,12106,2,29-01-2025,Completed,1028.18
12107,12107,12107,4,19-06-2025,Cancelled,12595.5
12108,12108,12108,6,24-10-2024,NA,5034.39
12109,12109,12109,-2,23-06-2025,Completed,5332.81
12110,12110,12110,5,13-06-2024,Completed,6413.05
12111,12111,12111,9,06-08-2024,Pending,995.59
12112,12112,12112,4,30-12-2024,Pending,7531.93
12113,12113,12113,5,11-01-2026,Pending,9166.26
12114,12114,12114,4,02-07-2025,Cancelled,9464.46
12115,12115,12115,3,29-02-2024,Cancelled,9839.63
12116,12116,12116,1,10-10-2024,Completed,6220.56
12117,12117,12117,1,12-03-2025,Cancelled,14939.92
12118,12118,12118,3,17-03-2025,Cancelled,1041.43
12119,12119,12119,10,07-07-2025,Completed,10693.19
12120,12120,12120,10,08-08-2024,Completed,14784.9
12121,12121,12121,9,08-04-2026,Cancelled,5193.52
12122,12122,12122,5,26-08-2024,Pending,6551.27
12123,12123,12123,5,13-06-2025,NA,4922.34
12124,12124,12124,0,14-01-2026,Pending,4176
12125,12125,12125,5,23-05-2023,Completed,10199.92
12126,12126,12126,0,17-07-2024,Completed,0
12127,12127,12127,1,16-02-2025,Completed,5923.21
12128,12128,12128,1,31-01-2026,Completed,3066.98
12129,12129,12129,3,07-09-2025,Cancelled,2085.05
12130,12130,12130,-2,01-02-2024,Completed,9926.84
12131,12131,12131,2,25-11-2024,Completed,3503.85
12132,12132,12132,7,05-08-2025,Completed,11923.04
12133,12133,12133,3,14-09-2024,Completed,3805.34
12134,12134,12134,10,24-10-2024,Completed,7085.82
12135,12135,12135,4,31-10-2024,Cancelled,11259.27
12136,12136,12136,2,27-09-2025,NA,6322.16
12137,12137,12137,1,13-06-2023,Completed,163.87
12138,12138,12138,9,01-06-2025,NA,13936.13
12139,12139,12139,3,09-06-2024,Completed,5378.25
12140,12140,12140,7,03-04-2025,Completed,4274.58
12141,12141,12141,-2,25-07-2024,Pending,9587.47
12142,12142,12142,6,21-08-2023,Cancelled,13867.15
12143,12143,12143,6,16-02-2025,Cancelled,7554.51
12144,12144,12144,0,15-02-2025,Completed,1871.07
12145,12145,12145,6,29-10-2023,Completed,12828.53
12146,12146,12146,8,08-03-2024,Completed,9014.85
12147,12147,12147,9,28-11-2025,Completed,7050.79
12148,12148,12148,1,13-12-2023,Completed,368.03
12149,12149,12149,6,28-11-2024,Pending,112.42
12150,12150,12150,10,29-04-2026,Completed,0
12151,12151,12151,10,10-09-2024,Completed,5984.22
12152,12152,12152,7,15-11-2023,Cancelled,5105.2
12153,12153,12153,4,06-01-2025,Cancelled,9945.99
12154,12154,12154,10,11-04-2026,Completed,14949.01
12155,12155,12155,1,31-05-2025,Completed,5593.24
12156,12156,12156,3,02-04-2025,Completed,10426.2
12157,12157,12157,1,05-05-2026,NA,3431.3
12158,12158,12158,-2,18-02-2024,NA,6320.21
12159,12159,12159,10,09-11-2023,NA,9163.91
12160,12160,12160,5,13-10-2024,Pending,0
12161,12161,12161,9,20-09-2025,Cancelled,0
12162,12162,12162,0,16-01-2025,Completed,1271.01
12163,12163,12163,4,05-09-2023,Completed,4201.07
12164,12164,12164,4,31-10-2023,Cancelled,5836.63
12165,12165,12165,7,28-11-2024,Cancelled,6688.39
12166,12166,12166,1,08-02-2024,Completed,14630.17
12167,12167,12167,10,16-02-2024,Completed,48.57
12168,12168,12168,3,06-05-2025,Pending,1288.13
12169,12169,12169,8,04-06-2023,Pending,6029.68
12170,12170,12170,7,07-06-2024,Completed,4518.51
12171,12171,12171,-2,14-04-2025,Completed,14263.43
12172,12172,12172,-2,12-01-2025,Completed,9199.45
12173,12173,12173,5,29-05-2025,Cancelled,9361.26
12174,12174,12174,6,11-08-2023,Pending,12562.89
12175,12175,12175,1,27-11-2025,Completed,9078.77
12176,12176,12176,7,24-11-2024,NA,9930.14
12177,12177,12177,6,01-02-2026,Completed,8688.4
12178,12178,12178,6,10-04-2025,Cancelled,5881.12
12179,12179,12179,5,19-09-2024,Pending,13846.78
12180,12180,12180,8,20-09-2023,Completed,10831.53
12181,12181,12181,8,14-10-2024,NA,5600
12182,12182,12182,-2,05-06-2025,Cancelled,11801.3
12183,12183,12183,1,01-06-2025,Cancelled,7588.05
12184,12184,12184,7,22-06-2023,Pending,5126.8
12185,12185,12185,10,23-09-2023,NA,0
12186,12186,12186,0,20-01-2025,NA,4893.61
12187,12187,12187,9,29-08-2024,NA,12027.79
12188,12188,12188,0,29-12-2025,NA,7960.01
12189,12189,12189,4,22-04-2024,Cancelled,7061.23
12190,12190,12190,1,21-06-2024,Pending,4716.39
12191,12191,12191,-2,18-07-2023,Pending,2065.25
12192,12192,12192,4,14-05-2023,Pending,12055.58
12193,12193,12193,-2,07-10-2024,Completed,11342.59
12194,12194,12194,5,14-11-2025,Completed,3813.85
12195,12195,12195,3,21-12-2024,Completed,11394.73
12196,12196,12196,6,09-05-2024,Completed,11024.96
12197,12197,12197,2,19-02-2026,NA,8663.56
12198,12198,12198,5,01-08-2023,Completed,14773.34
12199,12199,12199,4,07-10-2023,Cancelled,13305.85
12200,12200,12200,3,06-08-2024,Completed,9452.58
12201,12201,12201,3,07-04-2024,NA,3633.27
12202,12202,12202,6,06-10-2024,NA,0
12203,12203,12203,2,13-03-2025,Completed,6979.49
12204,12204,12204,2,04-09-2025,Completed,9448.2
12205,12205,12205,0,13-01-2024,Completed,967.61
12206,12206,12206,4,23-03-2026,Completed,11245.83
12207,12207,12207,7,06-12-2025,Completed,1002.2
12208,12208,12208,6,09-11-2024,Completed,12770.58
12209,12209,12209,9,28-11-2025,Cancelled,13579.51
12210,12210,12210,7,06-07-2025,Pending,9729.74
12211,12211,12211,0,16-10-2024,Pending,3392.98
12212,12212,12212,1,05-02-2024,NA,1817
12213,12213,12213,8,12-06-2025,Completed,2586.76
12214,12214,12214,8,30-10-2023,Pending,0
12215,12215,12215,2,18-09-2024,Pending,7409.59
12216,12216,12216,7,24-07-2023,Cancelled,5459.66
12217,12217,12217,3,04-10-2025,NA,10261.41
12218,12218,12218,-2,27-08-2023,Completed,6028.44
12219,12219,12219,8,12-08-2024,Completed,2024.61
12220,12220,12220,0,05-09-2025,NA,7532.79
12221,12221,12221,10,15-12-2024,Completed,9478.53
12222,12222,12222,5,05-11-2023,Cancelled,9463.11
12223,12223,12223,10,12-06-2023,NA,403.42
12224,12224,12224,4,20-03-2025,Pending,5640.42
12225,12225,12225,2,23-01-2026,Completed,11487.11
12226,12226,12226,2,17-07-2023,Pending,12563.37
12227,12227,12227,10,10-02-2024,Completed,13616.84
12228,12228,12228,-2,15-04-2025,NA,2505.56
12229,12229,12229,2,10-01-2026,Cancelled,14445.64
12230,12230,12230,3,22-12-2023,Completed,346.9
12231,12231,12231,2,29-07-2023,NA,799.63
12232,12232,12232,6,09-06-2025,Pending,13740.53
12233,12233,12233,5,02-09-2024,Cancelled,11587.15
12234,12234,12234,5,23-04-2024,NA,14631.62
12235,12235,12235,7,08-02-2024,Completed,6558.3
12236,12236,12236,0,19-08-2023,Pending,10464.29
12237,12237,12237,10,25-10-2025,Cancelled,8207.62
12238,12238,12238,10,19-07-2023,Cancelled,10978.26
12239,12239,12239,9,11-02-2024,Cancelled,2646.82
12240,12240,12240,4,29-04-2026,Completed,1069.62
12241,12241,12241,2,24-10-2023,Pending,6623.6
12242,12242,12242,7,01-08-2025,NA,14522.97
12243,12243,12243,4,08-06-2024,Completed,10133.45
12244,12244,12244,3,24-03-2026,Pending,12575.91
12245,12245,12245,3,17-06-2024,NA,6651.51
12246,12246,12246,6,18-06-2023,NA,3732.76
12247,12247,12247,-2,25-04-2025,NA,9605.67
12248,12248,12248,1,05-07-2023,Cancelled,4500.37
12249,12249,12249,1,24-10-2024,Completed,11317.09
12250,12250,12250,1,30-06-2023,Cancelled,11624.58
12251,12251,12251,3,01-07-2025,Completed,8801.3
12252,12252,12252,5,02-03-2024,Completed,6058.16
12253,12253,12253,3,29-06-2023,Cancelled,7709.5
12254,12254,12254,10,10-10-2023,NA,9067.35
12255,12255,12255,4,30-06-2024,NA,1301.68
12256,12256,12256,1,20-01-2025,Pending,4691.62
12257,12257,12257,6,26-05-2025,Completed,10156.58
12258,12258,12258,4,04-07-2025,NA,2482.75
12259,12259,12259,4,06-08-2023,Completed,166.9
12260,12260,12260,8,10-03-2024,NA,11225.58
12261,12261,12261,4,20-05-2023,Pending,2132.41
12262,12262,12262,4,19-02-2026,Pending,3101.28
12263,12263,12263,1,09-04-2025,Pending,3962.06
12264,12264,12264,9,23-08-2025,Completed,12235.57
12265,12265,12265,7,29-12-2025,Cancelled,11684.09
12266,12266,12266,8,22-04-2024,Completed,3709.41
12267,12267,12267,3,17-06-2025,Completed,9439.25
12268,12268,12268,9,29-03-2025,Cancelled,6482.41
12269,12269,12269,-2,28-12-2025,Pending,13003.87
12270,12270,12270,6,08-05-2024,Completed,6476.32
12271,12271,12271,1,01-11-2023,Completed,9105.35
12272,12272,12272,2,09-11-2023,Completed,3385.21
12273,12273,12273,4,19-11-2023,Completed,3815.43
12274,12274,12274,10,21-03-2024,NA,14009.36
12275,12275,12275,5,20-12-2023,Pending,9910.79
12276,12276,12276,7,28-03-2025,Pending,8523.13
12277,12277,12277,7,28-03-2026,Pending,7659.08
12278,12278,12278,10,06-06-2023,NA,10081.76
12279,12279,12279,6,27-01-2024,Cancelled,11655.03
12280,12280,12280,2,19-05-2024,Completed,7617.07
12281,12281,12281,6,16-02-2025,Pending,13513.22
12282,12282,12282,4,13-01-2024,NA,627.94
12283,12283,12283,1,22-09-2025,Pending,12545.32
12284,12284,12284,2,03-12-2025,Completed,7104.7
12285,12285,12285,4,19-07-2023,Pending,3856.36
12286,12286,12286,5,10-03-2025,Cancelled,13382.54
12287,12287,12287,-2,28-12-2023,Completed,10905.51
12288,12288,12288,7,09-08-2024,Completed,9280.64
12289,12289,12289,2,04-05-2026,Cancelled,14464.02
12290,12290,12290,8,01-11-2025,Completed,7954.02
12291,12291,12291,4,14-09-2025,NA,11895.43
12292,12292,12292,1,22-06-2025,Completed,3886.1
12293,12293,12293,4,05-04-2024,NA,5073.76
12294,12294,12294,1,25-01-2024,Completed,8058.27
12295,12295,12295,9,01-05-2024,Pending,5052.56
12296,12296,12296,10,27-05-2023,Completed,12538.52
12297,12297,12297,5,18-03-2024,NA,9766.11
12298,12298,12298,1,26-04-2024,Cancelled,7242.3
12299,12299,12299,10,09-06-2024,NA,2257.31
12300,12300,12300,4,28-04-2024,Completed,2879.21
12301,12301,12301,9,01-03-2025,Pending,8870.07
12302,12302,12302,4,21-06-2023,Completed,8089.9
12303,12303,12303,1,22-05-2023,Cancelled,12832.75
12304,12304,12304,5,01-09-2025,Pending,7711.15
12305,12305,12305,8,08-06-2025,Completed,10179.73
12306,12306,12306,-2,24-04-2025,Pending,9049.05
12307,12307,12307,10,06-01-2024,Completed,12535.43
12308,12308,12308,-2,29-01-2026,Completed,1528.65
12309,12309,12309,0,10-02-2024,NA,9686.38
12310,12310,12310,2,21-06-2024,Completed,3159.37
12311,12311,12311,4,26-12-2023,Cancelled,6962.19
12312,12312,12312,8,28-09-2023,Completed,9874
12313,12313,12313,1,14-04-2025,Pending,1031.19
12314,12314,12314,3,06-12-2023,NA,4986.89
12315,12315,12315,4,06-04-2024,Cancelled,4536.18
12316,12316,12316,5,21-04-2025,NA,9974.12
12317,12317,12317,7,23-04-2024,Completed,3604.15
12318,12318,12318,8,18-03-2026,Cancelled,3926.91
12319,12319,12319,3,01-06-2023,Completed,4688.45
12320,12320,12320,0,24-04-2024,Cancelled,6088.9
12321,12321,12321,9,15-04-2024,Completed,13893.59
12322,12322,12322,5,22-01-2024,Pending,14149.64
12323,12323,12323,3,14-04-2025,NA,8062.48
12324,12324,12324,9,26-11-2023,Completed,9191.92
12325,12325,12325,1,10-03-2025,NA,10133.09
12326,12326,12326,9,06-10-2025,Completed,10040.36
12327,12327,12327,8,31-12-2025,Cancelled,6972.1
12328,12328,12328,6,21-05-2023,Pending,22.87
12329,12329,12329,6,25-05-2025,Cancelled,13450.31
12330,12330,12330,1,05-07-2024,Cancelled,10097.01
12331,12331,12331,3,06-01-2026,NA,11811.69
12332,12332,12332,-2,22-10-2023,Completed,13163.43
12333,12333,12333,0,05-06-2025,NA,3369.83
12334,12334,12334,0,02-05-2026,Completed,3646.32
12335,12335,12335,1,27-10-2023,Pending,12952.93
12336,12336,12336,0,05-07-2024,Pending,12339.34
12337,12337,12337,9,22-03-2026,Completed,14552.48
12338,12338,12338,4,11-05-2023,Cancelled,5705.41
12339,12339,12339,3,12-06-2023,Pending,11841.44
12340,12340,12340,6,28-04-2024,NA,8791.8
12341,12341,12341,5,22-04-2025,Completed,4333
12342,12342,12342,-2,14-05-2024,Pending,11804.07
12343,12343,12343,8,04-09-2024,Completed,1085.01
12344,12344,12344,5,24-09-2023,Completed,13052.17
12345,12345,12345,7,19-01-2026,Pending,14613.55
12346,12346,12346,4,30-03-2025,NA,12408.13
12347,12347,12347,-2,28-10-2023,Cancelled,13084.55
12348,12348,12348,0,19-04-2024,Cancelled,5303.38
12349,12349,12349,8,20-10-2025,Completed,13147.78
12350,12350,12350,2,07-08-2023,Completed,12254.73
12351,12351,12351,0,03-06-2025,Cancelled,6495.25
12352,12352,12352,6,03-09-2024,Pending,9601.63
12353,12353,12353,1,01-04-2025,Cancelled,11228.64
12354,12354,12354,0,17-04-2024,Pending,12997.34
12355,12355,12355,9,09-08-2023,Pending,12021.77
12356,12356,12356,3,18-12-2025,Completed,7863.44
12357,12357,12357,7,17-06-2025,Cancelled,0
12358,12358,12358,1,17-06-2024,Completed,7033.9
12359,12359,12359,3,20-02-2026,Cancelled,5241.88
12360,12360,12360,-2,19-04-2024,Completed,228.39
12361,12361,12361,2,31-01-2025,Cancelled,10610.5
12362,12362,12362,8,05-04-2025,NA,4510.15
12363,12363,12363,4,09-06-2024,Cancelled,1090.13
12364,12364,12364,1,20-04-2024,Completed,9660.28
12365,12365,12365,5,15-07-2025,Cancelled,11142.78
12366,12366,12366,-2,06-08-2025,Cancelled,6419.02
12367,12367,12367,8,11-11-2023,NA,2822.7
12368,12368,12368,4,25-12-2025,Completed,3504.95
12369,12369,12369,0,08-04-2026,Completed,9270.89
12370,12370,12370,0,21-04-2026,Completed,259.06
12371,12371,12371,0,29-08-2024,Completed,3129.84
12372,12372,12372,2,27-12-2025,Completed,9579.71
12373,12373,12373,-2,27-07-2025,Cancelled,2335.05
12374,12374,12374,7,21-06-2024,Cancelled,13782.91
12375,12375,12375,-2,16-02-2025,Pending,6358.11
12376,12376,12376,9,15-07-2024,Pending,11613.53
12377,12377,12377,-2,05-02-2025,NA,10183.25
12378,12378,12378,2,25-10-2025,Cancelled,8144.41
12379,12379,12379,2,24-09-2025,Completed,1553.19
12380,12380,12380,4,10-01-2024,Pending,7405.19
12381,12381,12381,2,23-11-2024,Pending,7205.99
12382,12382,12382,8,28-04-2026,NA,10414.24
12383,12383,12383,4,30-08-2025,Cancelled,7994.66
12384,12384,12384,9,16-01-2025,Completed,6076.68
12385,12385,12385,-2,10-09-2024,Pending,11423.6
12386,12386,12386,4,27-10-2023,Cancelled,386.73
12387,12387,12387,7,29-08-2025,Cancelled,8616.65
12388,12388,12388,1,01-11-2024,Completed,6341.27
12389,12389,12389,4,05-10-2023,Completed,6994.89
12390,12390,12390,3,25-11-2025,Completed,305.25
12391,12391,12391,6,15-03-2026,Completed,1844.73
12392,12392,12392,6,13-10-2023,Completed,716.55
12393,12393,12393,1,05-08-2024,Cancelled,9415.48
12394,12394,12394,0,06-01-2024,NA,6730.67
12395,12395,12395,4,14-11-2025,Pending,12203.2
12396,12396,12396,3,19-09-2025,Pending,7747.09
12397,12397,12397,5,23-04-2024,Completed,6320.31
12398,12398,12398,4,24-02-2024,Pending,6640.37
12399,12399,12399,1,03-05-2026,Completed,7855.99
12400,12400,12400,2,28-09-2024,Completed,9417.41
12401,12401,12401,-2,03-02-2024,NA,12048.84
12402,12402,12402,3,27-10-2024,Completed,9772.94
12403,12403,12403,10,14-12-2023,Completed,1704.98
12404,12404,12404,2,25-11-2024,Completed,5192.85
12405,12405,12405,10,26-11-2025,NA,9214.74
12406,12406,12406,2,16-01-2024,Completed,2454.16
12407,12407,12407,10,24-04-2024,Cancelled,431.08
12408,12408,12408,3,26-01-2026,Completed,11249
12409,12409,12409,-2,21-07-2023,NA,3290.56
12410,12410,12410,3,26-07-2025,Completed,5102.41
12411,12411,12411,8,30-07-2023,Pending,7106.32
12412,12412,12412,5,03-06-2023,Pending,10909.24
12413,12413,12413,0,27-03-2024,Pending,14833.71
12414,12414,12414,0,02-09-2025,NA,3424.08
12415,12415,12415,4,22-12-2024,NA,0
12416,12416,12416,10,10-02-2025,NA,9546.49
12417,12417,12417,6,15-06-2024,Cancelled,5624.01
12418,12418,12418,0,29-03-2025,Completed,9320.47
12419,12419,12419,4,28-03-2025,Pending,1287.83
12420,12420,12420,4,16-07-2023,NA,9335.05
12421,12421,12421,7,06-07-2024,Completed,4750.48
12422,12422,12422,4,09-07-2024,Completed,14874.12
12423,12423,12423,3,20-01-2026,Completed,12462.39
12424,12424,12424,3,20-08-2024,Completed,11588.2
12425,12425,12425,2,08-01-2024,NA,6783.35
12426,12426,12426,8,05-01-2024,Pending,7574.76
12427,12427,12427,0,30-10-2025,Cancelled,9032.09
12428,12428,12428,6,05-12-2023,Cancelled,4159.64
12429,12429,12429,8,26-12-2023,NA,12989.92
12430,12430,12430,4,10-01-2026,NA,13521.29
12431,12431,12431,1,12-06-2025,NA,6919.92
12432,12432,12432,2,29-12-2023,Pending,3529.71
12433,12433,12433,-2,29-11-2023,Pending,2372.66
12434,12434,12434,10,21-02-2025,Cancelled,12976.2
12435,12435,12435,10,07-01-2026,Cancelled,10496.03
12436,12436,12436,10,22-01-2024,NA,1679.43
12437,12437,12437,8,05-10-2024,Pending,842.82
12438,12438,12438,4,18-07-2025,NA,7881.61
12439,12439,12439,4,10-02-2024,Completed,6401.96
12440,12440,12440,8,20-03-2025,Cancelled,1995.69
12441,12441,12441,2,19-05-2025,Pending,8260.55
12442,12442,12442,9,03-01-2026,Completed,10133.77
12443,12443,12443,8,12-01-2025,Cancelled,7115.11
12444,12444,12444,3,13-01-2024,Cancelled,12555.89
12445,12445,12445,8,25-05-2024,NA,11027.24
12446,12446,12446,9,05-09-2025,Completed,13797.4
12447,12447,12447,10,21-02-2026,Completed,0
12448,12448,12448,9,06-12-2025,Completed,731.26
12449,12449,12449,0,21-09-2025,Completed,9438.75
12450,12450,12450,-2,12-06-2024,Pending,13495
12451,12451,12451,10,13-04-2025,NA,269.87
12452,12452,12452,2,07-05-2025,Pending,0
12453,12453,12453,6,06-09-2024,Cancelled,5154.51
12454,12454,12454,-2,16-04-2024,Pending,10815.72
12455,12455,12455,8,19-10-2025,Pending,12661.01
12456,12456,12456,10,29-01-2026,Cancelled,6136.24
12457,12457,12457,4,17-04-2024,NA,2753.51
12458,12458,12458,0,24-09-2024,Completed,2563.06
12459,12459,12459,9,17-08-2025,Cancelled,8803.8
12460,12460,12460,2,17-01-2025,Pending,8534.88
12461,12461,12461,4,10-03-2025,Cancelled,12843.28
12462,12462,12462,10,04-09-2025,Cancelled,9428.29
12463,12463,12463,1,28-07-2024,Completed,1075.61
12464,12464,12464,2,06-08-2025,Completed,3730.73
12465,12465,12465,2,23-12-2025,Pending,2528.06
12466,12466,12466,4,04-03-2024,Pending,12060.21
12467,12467,12467,7,06-07-2023,Cancelled,14343.32
12468,12468,12468,-2,10-09-2023,NA,1341.77
12469,12469,12469,9,19-10-2025,Pending,12269.59
12470,12470,12470,2,26-10-2025,Completed,5077.26
12471,12471,12471,4,15-02-2026,Completed,9165.19
12472,12472,12472,4,14-06-2024,NA,885.68
12473,12473,12473,2,22-01-2026,Completed,1200.34
12474,12474,12474,0,22-05-2023,Completed,8597.17
12475,12475,12475,0,15-01-2025,Pending,9914.86
12476,12476,12476,9,24-01-2024,Completed,981.53
12477,12477,12477,0,25-08-2023,Pending,1205.33
12478,12478,12478,3,04-12-2025,Cancelled,4052.78
12479,12479,12479,9,12-04-2026,Pending,5287.32
12480,12480,12480,5,14-11-2025,Completed,14651.75
12481,12481,12481,-2,10-09-2024,NA,6631.53
12482,12482,12482,2,30-04-2026,NA,14328.54
12483,12483,12483,7,25-10-2023,Completed,7937.93
12484,12484,12484,4,11-08-2023,Cancelled,3594.5
12485,12485,12485,9,12-03-2024,Completed,9268.28
12486,12486,12486,3,18-05-2024,Pending,9283.87
12487,12487,12487,2,26-04-2024,Cancelled,495.77
12488,12488,12488,4,13-01-2024,NA,8802.99
12489,12489,12489,4,19-08-2025,Cancelled,13595
12490,12490,12490,10,24-08-2024,Completed,3224.51
12491,12491,12491,3,17-10-2025,Pending,13638.5
12492,12492,12492,1,26-12-2025,Pending,9346.02
12493,12493,12493,3,10-02-2024,Completed,1479.82
12494,12494,12494,9,05-07-2024,Completed,14031.56
12495,12495,12495,8,13-09-2024,Completed,14967
12496,12496,12496,0,03-08-2025,Pending,863.24
12497,12497,12497,4,01-05-2024,Completed,7477.39
12498,12498,12498,7,02-04-2026,NA,4193.37
12499,12499,12499,0,26-03-2026,Cancelled,639.62
12500,12500,12500,0,22-07-2025,Cancelled,10007.74
12501,12501,12501,0,24-04-2026,Pending,1347.54
12502,12502,12502,4,14-03-2024,NA,4059.46
12503,12503,12503,5,19-05-2023,NA,13056.38
12504,12504,12504,-2,29-06-2023,Cancelled,13519.11
12505,12505,12505,4,07-02-2024,Pending,4382.57
12506,12506,12506,6,14-02-2026,NA,10491.53
12507,12507,12507,6,28-04-2026,Cancelled,3985.66
12508,12508,12508,10,25-06-2025,Completed,8966.54
12509,12509,12509,3,10-02-2024,NA,5176.61
12510,12510,12510,5,21-12-2025,Cancelled,6447
12511,12511,12511,7,15-01-2026,Cancelled,14376.99
12512,12512,12512,9,14-11-2025,NA,13078.54
12513,12513,12513,3,08-05-2024,NA,9665.98
12514,12514,12514,6,26-12-2024,Cancelled,6117.42
12515,12515,12515,5,21-08-2025,NA,4449.8
12516,12516,12516,4,31-01-2024,Completed,5861.17
12517,12517,12517,8,29-09-2025,Pending,4913.57
12518,12518,12518,10,12-01-2025,NA,14474.37
12519,12519,12519,2,05-10-2025,Pending,5733.12
12520,12520,12520,1,31-07-2024,Completed,3513.54
12521,12521,12521,10,01-11-2025,Cancelled,1391.06
12522,12522,12522,-2,14-01-2024,Completed,13541.11
12523,12523,12523,7,22-03-2024,Completed,13548.58
12524,12524,12524,-2,05-05-2025,Pending,782.13
12525,12525,12525,2,12-02-2026,Cancelled,9171.91
12526,12526,12526,2,25-04-2026,Pending,516.11
12527,12527,12527,0,21-08-2023,Completed,5105.27
12528,12528,12528,1,12-06-2023,Completed,0
12529,12529,12529,3,06-07-2024,Cancelled,3739.29
12530,12530,12530,9,13-09-2023,Pending,2964
12531,12531,12531,4,14-03-2026,NA,13090.32
12532,12532,12532,7,08-06-2023,NA,2769.4
12533,12533,12533,0,11-06-2023,Completed,9257.47
12534,12534,12534,9,10-08-2023,Completed,13278.89
12535,12535,12535,5,27-08-2024,NA,7634.29
12536,12536,12536,2,30-12-2025,Pending,5116.55
12537,12537,12537,0,20-10-2023,Cancelled,3573.42
12538,12538,12538,5,13-05-2023,Completed,14440.9
12539,12539,12539,5,31-07-2023,Completed,14367.09
12540,12540,12540,9,03-08-2024,Pending,2146.86
12541,12541,12541,9,04-10-2023,NA,7793.5
12542,12542,12542,10,16-01-2024,Completed,12005.4
12543,12543,12543,10,21-11-2024,Completed,3872.15
12544,12544,12544,-2,28-03-2025,Pending,3035.5
12545,12545,12545,7,12-03-2026,Completed,5828.8
12546,12546,12546,3,31-07-2024,NA,1752.11
12547,12547,12547,3,06-05-2023,Completed,1121.89
12548,12548,12548,1,16-08-2024,Cancelled,12081.34
12549,12549,12549,4,28-09-2023,Completed,4015.93
12550,12550,12550,9,06-05-2025,Completed,8785
12551,12551,12551,5,14-07-2025,Completed,14340.28
12552,12552,12552,9,12-05-2025,Completed,11969.76
12553,12553,12553,4,20-02-2025,NA,1278.45
12554,12554,12554,1,18-02-2026,NA,12566.5
12555,12555,12555,7,04-02-2024,NA,7522.61
12556,12556,12556,4,10-04-2025,Completed,10933.59
12557,12557,12557,5,11-01-2025,Completed,10843.16
12558,12558,12558,6,29-05-2024,NA,4810.37
12559,12559,12559,1,18-08-2023,Completed,7100.46
12560,12560,12560,0,27-04-2025,Completed,10223.88
12561,12561,12561,1,03-07-2023,Completed,10835.07
12562,12562,12562,4,27-08-2024,Completed,0
12563,12563,12563,9,23-10-2025,Completed,9784.52
12564,12564,12564,7,03-09-2025,Completed,3564
12565,12565,12565,8,27-10-2024,Completed,4199.89
12566,12566,12566,5,17-01-2024,Pending,5225.34
12567,12567,12567,1,10-02-2025,NA,1846.09
12568,12568,12568,9,27-06-2023,Cancelled,0
12569,12569,12569,0,20-09-2023,Cancelled,803.74
12570,12570,12570,8,29-09-2024,Completed,11055.73
12571,12571,12571,5,06-11-2024,Pending,2328.93
12572,12572,12572,9,17-03-2026,NA,2807.05
12573,12573,12573,4,21-09-2023,Completed,2423.27
12574,12574,12574,-2,17-10-2025,Cancelled,14485.47
12575,12575,12575,3,16-09-2024,Completed,3719.6
12576,12576,12576,1,20-09-2024,Completed,3821.31
12577,12577,12577,7,28-11-2023,Completed,11459.82
12578,12578,12578,-2,27-04-2026,NA,14498.03
12579,12579,12579,9,18-10-2025,Completed,9466.34
12580,12580,12580,7,02-02-2024,Pending,9489.26
12581,12581,12581,3,10-12-2024,Cancelled,7776.53
12582,12582,12582,-2,29-06-2024,Completed,9669.59
12583,12583,12583,7,10-12-2023,Pending,2400.95
12584,12584,12584,-2,21-03-2026,Completed,7744.33
12585,12585,12585,8,28-12-2025,Pending,2146.33
12586,12586,12586,7,08-01-2025,Pending,4332.84
12587,12587,12587,1,28-09-2023,Pending,3114.15
12588,12588,12588,10,13-10-2024,Completed,9230.34
12589,12589,12589,4,28-04-2026,Pending,2336.76
12590,12590,12590,10,09-04-2024,Completed,4061.88
12591,12591,12591,7,02-06-2024,Pending,13663.23
12592,12592,12592,2,19-02-2026,NA,0
12593,12593,12593,3,29-05-2023,NA,14651.7
12594,12594,12594,1,13-05-2024,Completed,7445.26
12595,12595,12595,4,29-02-2024,Completed,2500.77
12596,12596,12596,-2,08-08-2025,Completed,9187.32
12597,12597,12597,8,04-11-2025,NA,10267.35
12598,12598,12598,10,26-07-2024,Completed,3571.04
12599,12599,12599,7,22-03-2025,Completed,2245.97
12600,12600,12600,1,27-10-2024,Cancelled,6210.47
12601,12601,12601,8,13-01-2025,Cancelled,6509.95
12602,12602,12602,10,09-03-2025,Completed,14585.5
12603,12603,12603,3,24-07-2025,Pending,4129.24
12604,12604,12604,8,09-07-2023,Completed,1636.29
12605,12605,12605,9,10-05-2025,Completed,2070.97
12606,12606,12606,7,05-04-2024,Cancelled,8249.91
12607,12607,12607,3,13-03-2026,Completed,2521.62
12608,12608,12608,4,16-05-2025,Completed,12577.71
12609,12609,12609,4,14-10-2023,Completed,6800.55
12610,12610,12610,7,06-10-2025,NA,999.74
12611,12611,12611,4,20-12-2023,Pending,14577.57
12612,12612,12612,3,23-03-2025,Completed,5656.99
12613,12613,12613,-2,23-10-2025,NA,12429.51
12614,12614,12614,6,14-12-2025,Pending,13867.92
12615,12615,12615,4,29-02-2024,Cancelled,4024.86
12616,12616,12616,6,23-02-2026,Completed,12141.68
12617,12617,12617,4,28-07-2025,Completed,11777.87
12618,12618,12618,4,18-02-2025,NA,1283.26
12619,12619,12619,1,26-03-2025,Cancelled,14178.28
12620,12620,12620,2,21-03-2024,Completed,13576.05
12621,12621,12621,8,19-10-2025,Pending,9236.8
12622,12622,12622,3,05-01-2025,Completed,1518.58
12623,12623,12623,4,13-01-2026,Completed,2714.49
12624,12624,12624,9,27-10-2025,Completed,4072.87
12625,12625,12625,6,30-09-2024,NA,12868.49
12626,12626,12626,4,01-04-2024,Completed,7358.95
12627,12627,12627,6,11-10-2023,Cancelled,10403.1
12628,12628,12628,8,24-03-2026,Completed,578.69
12629,12629,12629,0,14-01-2025,Pending,12594.67
12630,12630,12630,4,14-09-2023,Cancelled,14671.71
12631,12631,12631,6,14-02-2026,Cancelled,5611.36
12632,12632,12632,8,06-03-2025,Pending,0
12633,12633,12633,10,24-10-2025,Cancelled,281.63
12634,12634,12634,4,15-02-2024,NA,5263.9
12635,12635,12635,10,23-06-2025,NA,13413.19
12636,12636,12636,3,10-03-2024,Completed,1929.03
12637,12637,12637,3,08-07-2024,NA,12667.73
12638,12638,12638,10,19-02-2024,Cancelled,12609.68
12639,12639,12639,4,26-01-2024,NA,8243.3
12640,12640,12640,7,23-01-2025,Completed,1557.18
12641,12641,12641,6,15-02-2025,Cancelled,12807.73
12642,12642,12642,-2,23-04-2025,NA,2571.97
12643,12643,12643,-2,26-08-2025,Pending,9269.58
12644,12644,12644,6,02-11-2023,Completed,3081.09
12645,12645,12645,1,16-04-2024,Completed,10581.6
12646,12646,12646,1,03-01-2025,Completed,3645.39
12647,12647,12647,7,21-04-2025,NA,552.13
12648,12648,12648,0,21-12-2023,Completed,9130.91
12649,12649,12649,8,14-06-2025,Cancelled,14237.71
12650,12650,12650,0,08-03-2025,NA,8600.46
12651,12651,12651,-2,30-11-2023,Pending,8558.05
12652,12652,12652,1,18-10-2024,Cancelled,1273.44
12653,12653,12653,5,29-07-2025,Pending,1719.94
12654,12654,12654,4,24-06-2025,NA,7952.76
12655,12655,12655,4,26-03-2026,Cancelled,11530.35
12656,12656,12656,9,20-12-2025,Completed,4099.18
12657,12657,12657,3,23-07-2023,Completed,9152.57
12658,12658,12658,4,01-09-2023,Cancelled,6621.65
12659,12659,12659,6,05-10-2025,Cancelled,9659.6
12660,12660,12660,9,16-06-2023,NA,3343.82
12661,12661,12661,6,27-06-2023,Cancelled,8575.23
12662,12662,12662,3,21-07-2025,NA,1784.37
12663,12663,12663,1,19-10-2023,Completed,8249.54
12664,12664,12664,0,12-07-2023,Completed,1351.74
12665,12665,12665,4,10-01-2025,Cancelled,11938.32
12666,12666,12666,10,04-11-2025,Completed,5516.98
12667,12667,12667,0,07-01-2025,Cancelled,9840.62
12668,12668,12668,7,02-10-2023,Completed,5282.97
12669,12669,12669,6,27-09-2025,Completed,11907.21
12670,12670,12670,9,20-12-2023,Completed,13030.61
12671,12671,12671,4,17-02-2025,Cancelled,6148.07
12672,12672,12672,9,14-02-2025,Pending,12519.69
12673,12673,12673,9,07-04-2025,Pending,7180.9
12674,12674,12674,10,27-04-2024,Completed,14364.62
12675,12675,12675,10,25-01-2024,Completed,6568.84
12676,12676,12676,10,31-12-2025,Cancelled,6567.39
12677,12677,12677,3,01-07-2024,Completed,5083.7
12678,12678,12678,5,15-03-2024,NA,12538.72
12679,12679,12679,7,29-03-2025,Pending,8229.56
12680,12680,12680,5,19-01-2025,Completed,10827.99
12681,12681,12681,0,15-01-2024,NA,9401.88
12682,12682,12682,0,29-08-2023,Pending,8092.66
12683,12683,12683,9,17-03-2024,Completed,2266.29
12684,12684,12684,2,07-06-2024,Completed,3445.31
12685,12685,12685,7,21-08-2024,NA,11951.26
12686,12686,12686,2,19-11-2024,Completed,11812.7
12687,12687,12687,8,16-03-2026,Completed,11383.33
12688,12688,12688,4,26-01-2025,Pending,2022.22
12689,12689,12689,7,07-10-2024,NA,13334.42
12690,12690,12690,10,20-05-2025,Cancelled,6958.21
12691,12691,12691,4,18-05-2024,Pending,11145.68
12692,12692,12692,1,03-12-2023,Pending,3096.29
12693,12693,12693,3,07-06-2024,NA,7939.27
12694,12694,12694,10,08-08-2024,Completed,0
12695,12695,12695,3,01-02-2026,Cancelled,13870.6
12696,12696,12696,3,01-08-2023,Pending,3143.05
12697,12697,12697,1,20-03-2024,NA,1803.27
12698,12698,12698,-2,01-06-2024,Pending,8785.47
12699,12699,12699,5,12-02-2024,Completed,10102.62
12700,12700,12700,9,14-09-2023,Pending,122.13
12701,12701,12701,8,13-01-2024,Completed,10939.47
12702,12702,12702,-2,20-04-2025,Cancelled,14970.6
12703,12703,12703,7,23-03-2025,Pending,13931.77
12704,12704,12704,4,10-01-2026,Completed,9350.75
12705,12705,12705,4,03-04-2026,NA,12806.48
12706,12706,12706,4,20-03-2024,Pending,658.41
12707,12707,12707,2,21-03-2025,NA,8088.71
12708,12708,12708,8,20-09-2024,Cancelled,7773.86
12709,12709,12709,7,27-01-2024,NA,4113.22
12710,12710,12710,5,20-02-2024,Cancelled,0
12711,12711,12711,7,19-06-2025,Cancelled,9530.76
12712,12712,12712,5,10-05-2023,Cancelled,1505.58
12713,12713,12713,8,18-11-2024,Cancelled,2112.86
12714,12714,12714,2,08-10-2025,NA,5801.35
12715,12715,12715,9,02-01-2026,Cancelled,9954.74
12716,12716,12716,0,20-12-2025,Completed,14562.56
12717,12717,12717,2,06-12-2025,Cancelled,11664.99
12718,12718,12718,4,10-08-2025,NA,543.9
12719,12719,12719,2,17-10-2024,Completed,1973.5
12720,12720,12720,1,09-09-2025,Completed,8566.88
12721,12721,12721,2,27-09-2024,Pending,4708.75
12722,12722,12722,2,21-12-2023,Completed,11314.91
12723,12723,12723,10,08-12-2024,Pending,12678.13
12724,12724,12724,6,03-02-2025,Pending,6589.63
12725,12725,12725,8,05-04-2026,Pending,10637.01
12726,12726,12726,10,25-06-2025,Completed,1824.02
12727,12727,12727,5,16-09-2025,Completed,8030.39
12728,12728,12728,10,21-04-2026,Cancelled,14649.36
12729,12729,12729,-2,17-11-2025,Cancelled,6789.52
12730,12730,12730,2,19-03-2026,NA,12691.52
12731,12731,12731,9,01-06-2023,Pending,14758.89
12732,12732,12732,-2,17-09-2023,NA,5270.84
12733,12733,12733,10,16-03-2024,NA,6030.78
12734,12734,12734,3,16-12-2024,Cancelled,11547.3
12735,12735,12735,4,29-11-2023,Pending,12347
12736,12736,12736,9,14-09-2024,Pending,6854.44
12737,12737,12737,1,06-09-2023,Pending,12688.91
12738,12738,12738,-2,02-09-2025,Cancelled,0
12739,12739,12739,5,06-09-2025,Completed,6010.94
12740,12740,12740,6,06-12-2025,NA,12769.26
12741,12741,12741,8,09-01-2025,NA,2554.65
12742,12742,12742,0,16-07-2024,Cancelled,5501.08
12743,12743,12743,0,21-03-2024,Completed,5862.11
12744,12744,12744,4,21-11-2024,Cancelled,8315.79
12745,12745,12745,3,20-07-2024,Cancelled,12245.94
12746,12746,12746,0,20-05-2025,Cancelled,8861.25
12747,12747,12747,1,04-10-2025,Cancelled,3286.99
12748,12748,12748,4,22-05-2025,Completed,4838.1
12749,12749,12749,2,03-09-2024,Cancelled,0
12750,12750,12750,9,19-09-2024,Pending,4544.18
12751,12751,12751,-2,17-10-2023,NA,1865.63
12752,12752,12752,0,16-02-2024,NA,9871.42
12753,12753,12753,-2,16-12-2025,NA,5624.66
12754,12754,12754,0,29-04-2025,Cancelled,4486.92
12755,12755,12755,0,01-10-2023,NA,12049.98
12756,12756,12756,4,26-08-2023,Completed,10062.04
12757,12757,12757,1,14-10-2024,Cancelled,11639.85
12758,12758,12758,3,20-09-2025,Cancelled,7701.18
12759,12759,12759,4,09-10-2023,NA,14528.87
12760,12760,12760,7,11-09-2023,Completed,2485.97
12761,12761,12761,7,03-07-2023,Completed,3254.8
12762,12762,12762,-2,10-06-2024,Pending,4563.48
12763,12763,12763,6,08-02-2025,NA,8773.19
12764,12764,12764,9,14-04-2024,NA,408.41
12765,12765,12765,5,03-09-2023,Cancelled,3406.93
12766,12766,12766,7,02-10-2025,NA,1964.58
12767,12767,12767,10,17-09-2024,Pending,1207.99
12768,12768,12768,1,18-09-2023,Completed,6502.7
12769,12769,12769,1,14-08-2024,NA,958.51
12770,12770,12770,3,11-08-2024,Completed,720.61
12771,12771,12771,2,25-01-2024,Pending,8797.3
12772,12772,12772,4,14-01-2025,Cancelled,0
12773,12773,12773,5,17-05-2025,Pending,12310.79
12774,12774,12774,5,08-04-2025,Cancelled,1480.23
12775,12775,12775,8,17-10-2023,NA,13490.24
12776,12776,12776,4,04-08-2024,Completed,10441.35
12777,12777,12777,7,23-10-2024,Cancelled,4742.39
12778,12778,12778,8,13-03-2024,Pending,3133.33
12779,12779,12779,-2,13-04-2026,Completed,1992.2
12780,12780,12780,1,07-07-2023,Completed,6168.22
12781,12781,12781,5,03-03-2024,Cancelled,562.07
12782,12782,12782,2,10-11-2024,Cancelled,12431.35
12783,12783,12783,8,03-09-2025,Completed,4268.03
12784,12784,12784,4,07-12-2023,Completed,1519.81
12785,12785,12785,0,26-08-2023,Completed,9075.11
12786,12786,12786,3,22-08-2024,Completed,6.13
12787,12787,12787,4,16-05-2023,Pending,3318.85
12788,12788,12788,0,23-04-2024,Cancelled,8861.14
12789,12789,12789,9,22-07-2024,Completed,8810.07
12790,12790,12790,10,27-12-2025,Completed,11950.57
12791,12791,12791,3,31-10-2023,NA,601.98
12792,12792,12792,1,07-06-2025,Completed,3557.5
12793,12793,12793,9,07-05-2025,Completed,125.04
12794,12794,12794,2,28-06-2023,NA,13640.11
12795,12795,12795,1,30-03-2024,NA,7078.41
12796,12796,12796,1,25-11-2025,NA,4573.5
12797,12797,12797,0,05-05-2025,Pending,14195.53
12798,12798,12798,7,26-06-2025,Completed,4018.69
12799,12799,12799,5,23-11-2025,Completed,11309.83
12800,12800,12800,3,08-05-2025,Pending,2084.43
12801,12801,12801,6,11-12-2025,NA,5498.4
12802,12802,12802,9,21-02-2026,NA,5196.42
12803,12803,12803,1,07-10-2023,Pending,4517.89
12804,12804,12804,3,26-02-2026,Pending,5483.85
12805,12805,12805,-2,29-03-2026,NA,4476.43
12806,12806,12806,4,22-06-2025,NA,11147.65
12807,12807,12807,-2,13-03-2026,NA,4836.93
12808,12808,12808,10,27-07-2023,Cancelled,8369.14
12809,12809,12809,1,02-05-2026,Completed,13801.54
12810,12810,12810,5,22-03-2024,Cancelled,4266.8
12811,12811,12811,8,17-05-2023,Completed,11654.06
12812,12812,12812,4,20-12-2025,Cancelled,12390.17
12813,12813,12813,7,02-05-2026,Completed,1717.73
12814,12814,12814,9,13-03-2024,Pending,6929.36
12815,12815,12815,0,08-08-2025,Cancelled,13009.02
12816,12816,12816,10,12-12-2024,NA,11871.89
12817,12817,12817,2,19-10-2023,NA,10958.64
12818,12818,12818,2,04-07-2025,Completed,10626.04
12819,12819,12819,0,19-03-2026,Completed,1619.22
12820,12820,12820,2,27-04-2026,Cancelled,5552.41
12821,12821,12821,6,30-09-2025,Completed,11621.07
12822,12822,12822,1,03-12-2023,Completed,12368.32
12823,12823,12823,4,20-03-2026,Pending,13203.9
12824,12824,12824,5,13-06-2025,Cancelled,14875.9
12825,12825,12825,5,29-04-2024,NA,3354.11
12826,12826,12826,5,17-03-2026,Completed,0
12827,12827,12827,3,13-01-2024,Pending,10738.05
12828,12828,12828,10,05-02-2026,NA,5171.39
12829,12829,12829,5,25-07-2024,NA,3740.15
12830,12830,12830,3,29-03-2025,Completed,4423.24
12831,12831,12831,9,08-10-2024,Pending,775.01
12832,12832,12832,3,21-12-2025,Completed,7265.1
12833,12833,12833,1,12-04-2026,Pending,2871.34
12834,12834,12834,7,02-04-2025,Cancelled,0
12835,12835,12835,-2,27-12-2024,Cancelled,6102.05
12836,12836,12836,7,29-05-2023,Pending,11121.65
12837,12837,12837,-2,12-08-2024,Completed,6766.43
12838,12838,12838,2,17-11-2024,NA,10351.59
12839,12839,12839,7,17-07-2024,Pending,3769.21
12840,12840,12840,2,25-05-2025,Completed,3352
12841,12841,12841,5,11-03-2025,Completed,10038.66
12842,12842,12842,10,28-04-2024,Cancelled,4680.6
12843,12843,12843,7,12-04-2026,Cancelled,6467.6
12844,12844,12844,0,25-04-2026,Completed,1830.6
12845,12845,12845,6,26-07-2024,Completed,10383.45
12846,12846,12846,2,31-03-2026,Completed,1510.42
12847,12847,12847,8,10-07-2024,Completed,704.99
12848,12848,12848,7,04-08-2024,Completed,2664.27
12849,12849,12849,-2,10-10-2025,Completed,12863.48
12850,12850,12850,8,03-07-2025,Pending,0
12851,12851,12851,10,12-11-2024,Pending,4386.89
12852,12852,12852,-2,10-09-2024,NA,4231.6
12853,12853,12853,4,13-09-2025,Pending,9788.35
12854,12854,12854,4,05-02-2025,Cancelled,11706.65
12855,12855,12855,4,30-12-2024,Pending,2934.25
12856,12856,12856,1,23-02-2025,Completed,7112.44
12857,12857,12857,1,30-10-2023,Cancelled,6176.93
12858,12858,12858,4,21-06-2025,Cancelled,13995.06
12859,12859,12859,4,26-09-2025,Cancelled,5619.28
12860,12860,12860,8,23-10-2024,Pending,1195.43
12861,12861,12861,10,12-03-2026,NA,6873.99
12862,12862,12862,0,20-03-2025,NA,11276.85
12863,12863,12863,3,18-05-2024,Cancelled,7620.39
12864,12864,12864,2,20-06-2023,NA,8204.6
12865,12865,12865,4,11-01-2026,NA,8524.76
12866,12866,12866,8,23-09-2025,Completed,3550.99
12867,12867,12867,4,20-07-2023,NA,0
12868,12868,12868,1,29-07-2025,Pending,10128.24
12869,12869,12869,10,05-10-2023,NA,14042.34
12870,12870,12870,6,02-05-2026,Cancelled,689.46
12871,12871,12871,-2,18-08-2024,Completed,14879.82
12872,12872,12872,9,26-07-2023,Cancelled,12980.24
12873,12873,12873,4,18-08-2025,Completed,273.53
12874,12874,12874,4,05-04-2025,NA,9757.64
12875,12875,12875,1,26-01-2024,NA,2316.92
12876,12876,12876,5,26-12-2023,NA,1272.14
12877,12877,12877,2,15-11-2024,NA,4970.26
12878,12878,12878,4,13-10-2023,Completed,12343.69
12879,12879,12879,2,29-07-2024,Completed,14265.45
12880,12880,12880,10,22-04-2024,Pending,10225.84
12881,12881,12881,9,26-05-2024,Cancelled,1109.29
12882,12882,12882,1,25-07-2024,Completed,5361.71
12883,12883,12883,5,12-02-2025,Pending,153.53
12884,12884,12884,0,06-08-2025,Completed,334.26
12885,12885,12885,9,11-03-2026,Cancelled,1086.76
12886,12886,12886,6,03-04-2024,Pending,9645.25
12887,12887,12887,8,05-03-2026,NA,11447.88
12888,12888,12888,2,07-12-2023,Pending,11450.86
12889,12889,12889,8,26-09-2024,Completed,10928.69
12890,12890,12890,8,24-01-2025,NA,12797.92
12891,12891,12891,10,29-08-2024,NA,11856
12892,12892,12892,8,16-07-2024,Completed,4761.14
12893,12893,12893,7,26-02-2025,Pending,6229.82
12894,12894,12894,1,09-11-2023,Pending,2216.35
12895,12895,12895,2,21-07-2023,Completed,4130.13
12896,12896,12896,4,21-05-2025,Pending,12337.07
12897,12897,12897,4,22-08-2023,Completed,3579.7
12898,12898,12898,4,08-08-2023,Cancelled,8761.25
12899,12899,12899,3,13-11-2025,Pending,10424.49
12900,12900,12900,1,06-07-2024,NA,14156.49
12901,12901,12901,3,04-10-2023,NA,0
12902,12902,12902,1,23-10-2023,NA,9443.64
12903,12903,12903,3,13-04-2024,Completed,8691.77
12904,12904,12904,3,22-07-2023,Completed,7407.7
12905,12905,12905,7,23-03-2025,Completed,14090.42
12906,12906,12906,4,13-01-2025,Pending,4767.97
12907,12907,12907,4,26-11-2024,NA,9404.72
12908,12908,12908,2,22-04-2025,Completed,1732.58
12909,12909,12909,10,09-07-2023,Pending,14297.79
12910,12910,12910,5,26-06-2023,Pending,10055.27
12911,12911,12911,4,16-05-2023,Completed,5520.61
12912,12912,12912,1,16-12-2025,NA,4608.31
12913,12913,12913,1,28-03-2025,Completed,12397.14
12914,12914,12914,-2,23-04-2026,NA,6922.88
12915,12915,12915,4,18-12-2025,Completed,12622.57
12916,12916,12916,0,10-10-2023,Pending,4751.18
12917,12917,12917,5,24-03-2025,Completed,14286.61
12918,12918,12918,9,13-07-2023,Cancelled,3162.18
12919,12919,12919,9,24-06-2023,Completed,12024.37
12920,12920,12920,8,22-12-2025,Completed,8881.45
12921,12921,12921,10,20-11-2024,Completed,4708.32
12922,12922,12922,3,11-04-2024,Cancelled,3628.15
12923,12923,12923,7,16-09-2025,NA,3647.29
12924,12924,12924,8,21-01-2026,Completed,4349.79
12925,12925,12925,2,02-03-2025,Completed,8764.74
12926,12926,12926,1,26-10-2025,Cancelled,1991.58
12927,12927,12927,2,18-08-2023,Pending,8825.38
12928,12928,12928,-2,18-07-2023,Completed,2137.68
12929,12929,12929,3,11-02-2026,Pending,699.1
12930,12930,12930,4,22-02-2025,Cancelled,8270.12
12931,12931,12931,0,10-05-2023,Cancelled,11055.11
12932,12932,12932,8,10-10-2025,Pending,2198.55
12933,12933,12933,6,16-08-2024,NA,14163.78
12934,12934,12934,4,02-08-2024,NA,14371.2
12935,12935,12935,0,25-11-2024,Pending,5969.8
12936,12936,12936,9,20-04-2026,Completed,12258.1
12937,12937,12937,6,29-06-2025,Completed,11113.43
12938,12938,12938,2,01-05-2026,NA,3935.34
12939,12939,12939,10,21-05-2025,NA,8340.6
12940,12940,12940,4,28-07-2024,NA,11217.98
12941,12941,12941,0,31-05-2023,Pending,612.44
12942,12942,12942,3,13-12-2023,Pending,8883.41
12943,12943,12943,-2,13-10-2023,Pending,9313.66
12944,12944,12944,6,01-02-2024,Cancelled,14943.39
12945,12945,12945,10,15-01-2026,Completed,13941.68
12946,12946,12946,5,16-09-2025,Completed,295.34
12947,12947,12947,1,27-05-2023,Completed,7142.5
12948,12948,12948,6,02-06-2025,Completed,0
12949,12949,12949,1,25-04-2025,Pending,2579.53
12950,12950,12950,7,17-02-2024,Cancelled,5967.87
12951,12951,12951,4,15-12-2025,Completed,795.11
12952,12952,12952,5,03-08-2023,Pending,9057.37
12953,12953,12953,5,03-08-2025,Cancelled,14101.68
12954,12954,12954,2,07-02-2025,NA,3061.37
12955,12955,12955,-2,16-04-2026,Completed,4570.91
12956,12956,12956,10,17-02-2026,Pending,2366.45
12957,12957,12957,-2,16-07-2025,Completed,9325.79
12958,12958,12958,4,15-03-2024,NA,9189.69
12959,12959,12959,8,13-05-2023,Completed,911.75
12960,12960,12960,3,29-10-2024,Completed,0
12961,12961,12961,7,01-01-2026,Cancelled,5295.81
12962,12962,12962,3,25-11-2023,Completed,1813.59
12963,12963,12963,3,14-08-2023,NA,7422.81
12964,12964,12964,1,07-11-2025,Cancelled,6151.62
12965,12965,12965,1,29-09-2025,Completed,2958.4
12966,12966,12966,1,05-10-2024,Completed,9754.38
12967,12967,12967,-2,11-07-2023,Completed,3203.95
12968,12968,12968,-2,03-04-2026,Completed,445.06
12969,12969,12969,5,08-02-2026,Pending,8936.28
12970,12970,12970,4,15-03-2024,Pending,12295.27
12971,12971,12971,7,30-07-2025,Cancelled,6590.57
12972,12972,12972,9,28-01-2025,NA,12790.09
12973,12973,12973,1,25-08-2023,Completed,12542.17
12974,12974,12974,4,01-11-2023,Completed,8158.51
12975,12975,12975,6,30-08-2024,Completed,12268.58
12976,12976,12976,8,19-01-2024,Completed,4606.85
12977,12977,12977,6,03-07-2023,Pending,11982.3
12978,12978,12978,2,09-12-2025,Completed,4003.1
12979,12979,12979,-2,13-01-2025,Completed,8021.3
12980,12980,12980,3,21-06-2025,Completed,10645.73
12981,12981,12981,2,22-07-2024,Completed,5795.57
12982,12982,12982,-2,24-08-2025,Cancelled,4674.01
12983,12983,12983,3,30-08-2025,NA,6757.14
12984,12984,12984,0,22-02-2026,NA,14705.9
12985,12985,12985,4,20-08-2023,Completed,13053.13
12986,12986,12986,5,23-01-2026,Pending,9981.51
12987,12987,12987,6,05-02-2026,Completed,7686.15
12988,12988,12988,-2,08-02-2026,Completed,4248.41
12989,12989,12989,1,23-12-2025,Completed,1078.29
12990,12990,12990,2,23-02-2026,NA,12019.11
12991,12991,12991,9,21-03-2024,Completed,13460.67
12992,12992,12992,3,14-02-2024,Pending,6273.16
12993,12993,12993,7,14-10-2023,Completed,5979.26
12994,12994,12994,9,05-11-2023,Completed,13828.76
12995,12995,12995,-2,21-05-2024,Completed,7352.43
12996,12996,12996,9,08-05-2025,NA,8357.68
12997,12997,12997,9,07-01-2024,Cancelled,2939.76
12998,12998,12998,2,02-04-2025,Pending,8473.84
12999,12999,12999,0,15-05-2025,Pending,14902.07
13000,13000,13000,8,16-06-2025,Cancelled,12251.91
13001,13001,13001,-2,22-07-2024,Cancelled,5932.2
13002,13002,13002,3,07-04-2025,Cancelled,4720.8
13003,13003,13003,9,01-02-2026,Pending,2978.58
13004,13004,13004,9,13-09-2024,Completed,5346.62
13005,13005,13005,4,01-02-2026,Cancelled,10957.8
13006,13006,13006,9,18-10-2023,Pending,6602.99
13007,13007,13007,7,16-07-2023,Cancelled,968.93
13008,13008,13008,4,06-05-2023,Pending,6729.87
13009,13009,13009,2,15-09-2023,Completed,0
13010,13010,13010,4,07-01-2026,NA,2413.48
13011,13011,13011,6,23-10-2025,Completed,9111.63
13012,13012,13012,4,25-04-2026,NA,3191.66
13013,13013,13013,6,24-01-2025,Cancelled,6284.94
13014,13014,13014,6,31-10-2023,Pending,10090.1
13015,13015,13015,5,30-06-2023,Completed,8314.27
13016,13016,13016,5,19-03-2025,Completed,13489.46
13017,13017,13017,10,08-06-2023,Completed,12281.06
13018,13018,13018,10,05-03-2024,Completed,5209.78
13019,13019,13019,5,11-02-2025,NA,3291.15
13020,13020,13020,5,04-02-2024,Completed,8250.04
13021,13021,13021,9,19-09-2024,Completed,3233.51
13022,13022,13022,5,25-08-2023,Pending,8949.87
13023,13023,13023,10,02-11-2025,Completed,12500.92
13024,13024,13024,7,20-07-2024,Completed,6434.38
13025,13025,13025,6,23-10-2024,Cancelled,4843.1
13026,13026,13026,4,28-04-2025,NA,7865.15
13027,13027,13027,9,26-09-2024,NA,13290.17
13028,13028,13028,2,26-05-2024,Completed,9028.75
13029,13029,13029,-2,31-08-2024,Cancelled,3260.86
13030,13030,13030,6,01-11-2023,Completed,0
13031,13031,13031,5,16-07-2024,Completed,3272.8
13032,13032,13032,1,05-01-2025,NA,2715.14
13033,13033,13033,6,03-12-2025,NA,13412.1
13034,13034,13034,9,17-03-2024,Completed,12833.56
13035,13035,13035,4,01-02-2024,NA,5875.1
13036,13036,13036,5,05-09-2024,NA,2705.14
13037,13037,13037,0,09-02-2024,Cancelled,574.41
13038,13038,13038,7,11-05-2025,Completed,7976.64
13039,13039,13039,8,22-07-2025,Pending,9659.55
13040,13040,13040,2,03-05-2024,Pending,10521.01
13041,13041,13041,2,02-04-2024,Cancelled,14504.09
13042,13042,13042,2,19-04-2025,Completed,13873.93
13043,13043,13043,4,06-05-2025,Completed,10907.58
13044,13044,13044,3,28-09-2024,Pending,4589.7
13045,13045,13045,5,06-09-2024,Cancelled,12743.72
13046,13046,13046,4,04-06-2024,Completed,11456.59
13047,13047,13047,8,15-04-2024,Completed,9447.92
13048,13048,13048,3,25-04-2025,Completed,10461.71
13049,13049,13049,5,26-04-2024,Completed,2735.47
13050,13050,13050,1,30-10-2025,Completed,789.19
13051,13051,13051,4,10-07-2023,Cancelled,9037.68
13052,13052,13052,0,02-05-2025,Completed,2312.61
13053,13053,13053,1,07-04-2025,Completed,13172.85
13054,13054,13054,3,27-01-2025,Completed,10563.43
13055,13055,13055,4,14-10-2024,Completed,8852.58
13056,13056,13056,7,16-12-2024,NA,3154.98
13057,13057,13057,7,18-12-2025,Cancelled,11631.73
13058,13058,13058,10,01-09-2023,Completed,9363.62
13059,13059,13059,9,15-03-2025,NA,4849.14
13060,13060,13060,4,17-04-2025,Pending,12073.14
13061,13061,13061,2,27-02-2024,Cancelled,530.18
13062,13062,13062,4,02-06-2024,Pending,861.94
13063,13063,13063,6,18-01-2025,Completed,8842.55
13064,13064,13064,4,09-02-2026,Completed,4268.7
13065,13065,13065,3,13-07-2025,Cancelled,3303.76
13066,13066,13066,3,23-05-2025,Completed,10343.68
13067,13067,13067,3,11-05-2023,Completed,12741.23
13068,13068,13068,5,27-09-2023,Completed,6638.42
13069,13069,13069,9,22-03-2025,Pending,10992.42
13070,13070,13070,3,28-02-2024,Pending,13154.71
13071,13071,13071,10,03-12-2025,Completed,9795.23
13072,13072,13072,5,18-02-2025,Completed,13712.46
13073,13073,13073,7,22-08-2024,Pending,682.27
13074,13074,13074,4,04-07-2025,Cancelled,14766.34
13075,13075,13075,10,09-02-2024,Cancelled,12236.57
13076,13076,13076,10,14-03-2024,Pending,14977.65
13077,13077,13077,10,24-10-2023,Completed,14659.73
13078,13078,13078,-2,12-01-2026,Cancelled,14743.57
13079,13079,13079,2,28-02-2025,Completed,10811.91
13080,13080,13080,5,27-12-2025,Completed,2541.61
13081,13081,13081,7,08-06-2025,Pending,1836.93
13082,13082,13082,9,28-10-2023,Cancelled,12369.06
13083,13083,13083,0,16-08-2024,Completed,17
13084,13084,13084,1,28-06-2025,Completed,10090.57
13085,13085,13085,1,29-05-2023,Completed,1612.35
13086,13086,13086,2,24-08-2025,Completed,4927.47
13087,13087,13087,6,18-04-2026,Cancelled,2996.26
13088,13088,13088,1,07-01-2024,Cancelled,9543.49
13089,13089,13089,0,10-07-2025,Pending,5271.94
13090,13090,13090,10,29-12-2024,NA,3735.1
13091,13091,13091,3,21-06-2024,Completed,9089.88
13092,13092,13092,10,03-09-2025,Pending,4526.13
13093,13093,13093,5,19-06-2025,Pending,9267.12
13094,13094,13094,4,08-10-2024,Completed,10476.63
13095,13095,13095,3,30-10-2025,Pending,4612.18
13096,13096,13096,-2,08-03-2024,Pending,14196.09
13097,13097,13097,2,26-05-2024,NA,612.62
13098,13098,13098,10,07-03-2025,NA,783.88
13099,13099,13099,4,23-09-2024,Completed,7406.72
13100,13100,13100,4,29-09-2023,Completed,9143.92
13101,13101,13101,5,19-07-2024,Pending,8727.05
13102,13102,13102,3,26-01-2026,Completed,282.28
13103,13103,13103,7,24-08-2025,Cancelled,9617.28
13104,13104,13104,-2,19-07-2024,Completed,4761.38
13105,13105,13105,1,13-08-2025,Cancelled,4578.71
13106,13106,13106,-2,18-12-2023,Pending,7355.58
13107,13107,13107,-2,11-04-2025,NA,14878.47
13108,13108,13108,3,11-06-2023,Completed,8818.18
13109,13109,13109,3,09-06-2023,Completed,3872.53
13110,13110,13110,3,25-05-2025,NA,12823.99
13111,13111,13111,5,19-03-2024,Completed,8607.46
13112,13112,13112,10,29-08-2023,Pending,2887.66
13113,13113,13113,0,29-05-2023,Completed,4618.62
13114,13114,13114,-2,01-02-2026,Pending,6292.04
13115,13115,13115,2,01-01-2026,NA,14377.06
13116,13116,13116,9,13-06-2025,Completed,14586.88
13117,13117,13117,1,24-08-2025,Completed,10304.56
13118,13118,13118,3,11-06-2024,Pending,14581.4
13119,13119,13119,4,23-10-2024,NA,1012.21
13120,13120,13120,-2,05-06-2024,Pending,6168.44
13121,13121,13121,8,07-03-2026,Completed,7744.19
13122,13122,13122,9,01-12-2023,Cancelled,3121.74
13123,13123,13123,0,14-04-2024,Pending,11870.51
13124,13124,13124,0,21-03-2026,NA,10972.32
13125,13125,13125,8,25-03-2024,Completed,13765.68
13126,13126,13126,0,10-03-2025,NA,12538.59
13127,13127,13127,1,18-08-2024,Cancelled,3701.05
13128,13128,13128,7,15-04-2025,Pending,3857.04
13129,13129,13129,4,21-11-2024,Completed,4379.01
13130,13130,13130,3,16-10-2024,NA,1033.95
13131,13131,13131,9,13-05-2025,Completed,4965.1
13132,13132,13132,4,09-05-2023,NA,3198.65
13133,13133,13133,1,19-10-2025,Completed,9453.08
13134,13134,13134,-2,03-03-2026,Cancelled,14691.74
13135,13135,13135,-2,27-07-2025,NA,227.46
13136,13136,13136,4,11-07-2023,Cancelled,14751.38
13137,13137,13137,5,25-02-2025,Pending,3133.63
13138,13138,13138,9,08-08-2024,Pending,7468.35
13139,13139,13139,5,17-06-2025,Completed,14699.87
13140,13140,13140,5,18-04-2026,Pending,9172.52
13141,13141,13141,4,17-10-2023,Cancelled,8897.27
13142,13142,13142,2,15-06-2023,Cancelled,716.04
13143,13143,13143,4,23-04-2025,Cancelled,2751.62
13144,13144,13144,3,10-07-2024,Completed,4789.55
13145,13145,13145,5,25-09-2024,NA,8699.75
13146,13146,13146,0,08-08-2024,Cancelled,13588.97
13147,13147,13147,5,07-04-2026,Cancelled,5916.09
13148,13148,13148,9,17-09-2025,Cancelled,8314.73
13149,13149,13149,2,19-08-2024,Pending,12491.9
13150,13150,13150,7,02-02-2025,Completed,4593.08
13151,13151,13151,0,29-03-2024,Cancelled,13862.19
13152,13152,13152,4,13-12-2024,Cancelled,11950.88
13153,13153,13153,7,12-12-2025,Cancelled,0
13154,13154,13154,9,11-06-2024,Completed,7181.08
13155,13155,13155,7,08-10-2025,NA,8116.29
13156,13156,13156,2,31-01-2024,Completed,12276.73
13157,13157,13157,4,25-08-2024,NA,2093.4
13158,13158,13158,7,04-10-2023,Cancelled,1002.52
13159,13159,13159,2,27-04-2026,Cancelled,256.21
13160,13160,13160,6,22-05-2023,NA,2014.55
13161,13161,13161,7,17-02-2026,Completed,14863.1
13162,13162,13162,7,23-01-2024,Cancelled,2203.4
13163,13163,13163,8,11-02-2024,Pending,9775.58
13164,13164,13164,8,27-06-2023,Pending,5057.01
13165,13165,13165,9,15-07-2024,NA,11962.76
13166,13166,13166,8,09-08-2023,NA,0
13167,13167,13167,6,01-09-2023,Pending,2974.57
13168,13168,13168,3,26-03-2025,Pending,11536.07
13169,13169,13169,4,29-05-2023,Pending,1286.23
13170,13170,13170,8,05-04-2025,Pending,1604.59
13171,13171,13171,2,25-11-2025,Cancelled,14552.75
13172,13172,13172,1,08-04-2025,Completed,12146.22
13173,13173,13173,3,21-06-2025,NA,13328.01
13174,13174,13174,7,09-01-2026,Cancelled,1674.29
13175,13175,13175,10,09-11-2024,Completed,2135.16
13176,13176,13176,5,22-06-2023,Pending,590.07
13177,13177,13177,5,29-07-2024,Pending,1656.83
13178,13178,13178,3,17-01-2026,NA,89.35
13179,13179,13179,6,17-04-2024,Pending,0
13180,13180,13180,3,25-02-2026,Completed,8416.24
13181,13181,13181,7,18-08-2023,Completed,13946.57
13182,13182,13182,4,13-11-2024,NA,14265.06
13183,13183,13183,1,05-12-2025,NA,518.73
13184,13184,13184,9,10-12-2024,Pending,14137.87
13185,13185,13185,7,01-06-2025,Pending,3323.34
13186,13186,13186,6,25-09-2024,Completed,4312.45
13187,13187,13187,9,08-10-2025,Cancelled,1414.96
13188,13188,13188,7,29-05-2024,NA,8870.23
13189,13189,13189,3,11-04-2026,NA,8414.68
13190,13190,13190,8,06-08-2024,Cancelled,13847.6
13191,13191,13191,7,01-05-2024,Completed,5096.17
13192,13192,13192,3,07-11-2024,Completed,12513.48
13193,13193,13193,2,20-02-2026,Pending,5214.56
13194,13194,13194,4,14-12-2025,Cancelled,0
13195,13195,13195,6,12-06-2024,Completed,9688.18
13196,13196,13196,5,23-12-2023,NA,3591.23
13197,13197,13197,6,01-11-2025,Completed,2371.49
13198,13198,13198,1,28-09-2025,Completed,3254.49
13199,13199,13199,3,03-12-2025,Completed,12330.29
13200,13200,13200,6,11-01-2024,Completed,5435.41
13201,13201,13201,-2,16-06-2023,Completed,12599.53
13202,13202,13202,9,03-01-2026,Completed,13531.97
13203,13203,13203,3,09-08-2024,Completed,13975.78
13204,13204,13204,4,22-12-2023,Pending,386.73
13205,13205,13205,2,07-01-2024,Completed,7201.84
13206,13206,13206,6,17-05-2023,NA,7041.25
13207,13207,13207,8,23-02-2026,Pending,2009.36
13208,13208,13208,8,02-11-2025,Completed,2941.51
13209,13209,13209,7,12-07-2025,Completed,14453.52
13210,13210,13210,8,21-03-2026,Pending,0
13211,13211,13211,10,03-05-2026,Cancelled,1521.84
13212,13212,13212,7,29-07-2023,NA,5180.37
13213,13213,13213,3,27-01-2026,Pending,3123.07
13214,13214,13214,6,18-11-2025,NA,7819.22
13215,13215,13215,9,14-04-2026,Pending,7882.36
13216,13216,13216,5,04-01-2026,Cancelled,10136.44
13217,13217,13217,-2,13-09-2024,Cancelled,11963.82
13218,13218,13218,1,13-12-2024,Completed,12917.76
13219,13219,13219,8,16-07-2023,NA,2458.76
13220,13220,13220,6,05-06-2023,Completed,3277.48
13221,13221,13221,3,18-05-2025,Completed,2176.96
13222,13222,13222,-2,26-11-2023,Completed,11019.21
13223,13223,13223,1,24-12-2024,Completed,10145
13224,13224,13224,-2,01-04-2024,NA,13466.55
13225,13225,13225,0,02-06-2024,NA,6830.46
13226,13226,13226,4,09-09-2023,Completed,807.93
13227,13227,13227,1,07-06-2024,NA,6050.06
13228,13228,13228,1,18-12-2025,Pending,693.57
13229,13229,13229,1,08-10-2023,NA,694.45
13230,13230,13230,7,29-09-2023,Completed,12997.88
13231,13231,13231,8,07-05-2025,Completed,2353.48
13232,13232,13232,1,27-09-2025,NA,261.99
13233,13233,13233,9,09-10-2025,NA,5348.65
13234,13234,13234,5,14-01-2025,Completed,11952.1
13235,13235,13235,8,04-05-2025,Completed,7148.25
13236,13236,13236,9,27-02-2026,NA,3620.2
13237,13237,13237,3,23-06-2024,Pending,8644.34
13238,13238,13238,4,13-07-2023,Cancelled,12366.04
13239,13239,13239,9,18-10-2023,Cancelled,6642.41
13240,13240,13240,-2,15-02-2026,Completed,921.58
13241,13241,13241,0,26-01-2024,Cancelled,11961.81
13242,13242,13242,8,01-07-2024,Completed,7819.41
13243,13243,13243,4,20-12-2023,Cancelled,7233.83
13244,13244,13244,9,29-08-2024,Completed,13536.95
13245,13245,13245,3,28-09-2025,Completed,14805.37
13246,13246,13246,1,01-08-2025,NA,7157.31
13247,13247,13247,8,17-01-2025,Completed,3977.34
13248,13248,13248,10,24-07-2024,Completed,2297.52
13249,13249,13249,3,19-11-2025,Completed,10325.23
13250,13250,13250,0,25-12-2024,NA,3769.71
13251,13251,13251,6,22-12-2025,NA,1919.48
13252,13252,13252,9,15-06-2024,NA,4260.28
13253,13253,13253,-2,30-10-2024,Cancelled,6600.62
13254,13254,13254,5,21-09-2023,Pending,8460.3
13255,13255,13255,0,25-11-2023,Pending,14910.23
13256,13256,13256,10,25-12-2024,Completed,88.72
13257,13257,13257,4,28-07-2025,Completed,11609.71
13258,13258,13258,3,06-07-2025,Cancelled,11168.56
13259,13259,13259,7,24-10-2025,Cancelled,6313.29
13260,13260,13260,0,10-09-2024,Completed,9249.52
13261,13261,13261,5,15-04-2026,Pending,10401.02
13262,13262,13262,0,15-08-2025,Completed,11669.41
13263,13263,13263,4,07-05-2024,Pending,6246.34
13264,13264,13264,9,02-09-2024,Completed,14520.91
13265,13265,13265,2,24-06-2023,Completed,11047.54
13266,13266,13266,3,17-01-2025,Pending,11195.02
13267,13267,13267,6,22-11-2023,Cancelled,121.76
13268,13268,13268,9,09-12-2024,NA,3186.05
13269,13269,13269,4,12-06-2024,Completed,10644.86
13270,13270,13270,6,08-03-2024,Completed,11647.1
13271,13271,13271,2,27-11-2023,Completed,11080.92
13272,13272,13272,3,13-11-2023,NA,1882.77
13273,13273,13273,5,25-08-2023,Completed,1324.36
13274,13274,13274,5,30-08-2023,Completed,14725.77
13275,13275,13275,6,08-05-2025,Cancelled,2086.33
13276,13276,13276,3,07-11-2024,NA,14750.43
13277,13277,13277,2,06-07-2023,Cancelled,6269.01
13278,13278,13278,6,02-12-2023,Cancelled,3425.55
13279,13279,13279,4,02-11-2024,NA,0
13280,13280,13280,7,26-03-2026,Completed,14821.46
13281,13281,13281,2,27-06-2023,Cancelled,11010.7
13282,13282,13282,-2,27-09-2023,NA,14798.28
13283,13283,13283,5,12-09-2025,Completed,10289.66
13284,13284,13284,7,07-06-2023,Completed,12544.22
13285,13285,13285,6,28-02-2024,NA,8898.95
13286,13286,13286,8,28-11-2025,Completed,8072.16
13287,13287,13287,3,20-11-2023,Completed,7274.49
13288,13288,13288,0,09-05-2025,Pending,13687.11
13289,13289,13289,1,07-09-2023,Cancelled,13218.85
13290,13290,13290,4,05-08-2024,Cancelled,5343.21
13291,13291,13291,9,31-01-2024,Cancelled,9312.52
13292,13292,13292,10,11-12-2025,Cancelled,0
13293,13293,13293,4,21-01-2024,Pending,9562.07
13294,13294,13294,7,03-02-2025,NA,6832.95
13295,13295,13295,2,13-05-2025,Completed,4348.54
13296,13296,13296,-2,15-02-2026,Completed,9442.46
13297,13297,13297,2,05-08-2024,Cancelled,11135.46
13298,13298,13298,6,07-05-2023,NA,132.74
13299,13299,13299,4,02-05-2025,NA,5961.23
13300,13300,13300,8,06-04-2025,NA,7642
13301,13301,13301,1,07-12-2024,Completed,8130.82
13302,13302,13302,2,05-01-2025,NA,3258.14
13303,13303,13303,10,30-07-2025,NA,9963.92
13304,13304,13304,5,26-03-2026,Completed,6119.53
13305,13305,13305,4,17-11-2025,NA,12119.16
13306,13306,13306,5,23-06-2024,Cancelled,8738.79
13307,13307,13307,4,26-08-2024,Cancelled,700.65
13308,13308,13308,6,16-07-2024,Completed,13411.33
13309,13309,13309,5,18-08-2025,Cancelled,14294.41
13310,13310,13310,7,16-02-2026,NA,10637.38
13311,13311,13311,4,20-03-2025,Pending,8316.64
13312,13312,13312,10,13-07-2023,NA,7440.46
13313,13313,13313,4,28-12-2025,Cancelled,0
13314,13314,13314,6,25-07-2023,Pending,11166.75
13315,13315,13315,10,17-07-2025,Completed,14739.36
13316,13316,13316,5,10-11-2024,Completed,12833.82
13317,13317,13317,4,06-10-2023,NA,5431.09
13318,13318,13318,2,22-07-2024,NA,2255.64
13319,13319,13319,-2,21-08-2025,NA,13639.43
13320,13320,13320,2,03-04-2024,Completed,2896.9
13321,13321,13321,8,20-01-2024,NA,8237.27
13322,13322,13322,4,10-06-2025,Pending,11346.13
13323,13323,13323,9,22-12-2025,Completed,4448.46
13324,13324,13324,10,27-11-2024,Cancelled,10224.85
13325,13325,13325,6,27-03-2025,Pending,9112.95
13326,13326,13326,5,23-06-2024,Completed,3959.61
13327,13327,13327,4,12-10-2024,Completed,321.78
13328,13328,13328,2,23-03-2024,Pending,2568.93
13329,13329,13329,1,01-12-2023,NA,7289.03
13330,13330,13330,6,06-12-2025,Cancelled,2361.35
13331,13331,13331,2,04-03-2024,Completed,1584.81
13332,13332,13332,8,12-06-2025,Completed,2062.49
13333,13333,13333,4,04-02-2025,Pending,5371.31
13334,13334,13334,1,15-07-2024,Pending,2863.67
13335,13335,13335,0,03-12-2025,Completed,2824.41
13336,13336,13336,-2,25-08-2024,Cancelled,2350.54
13337,13337,13337,10,10-05-2025,Completed,4278.52
13338,13338,13338,6,17-01-2025,Pending,9206.49
13339,13339,13339,0,16-05-2025,NA,4512.67
13340,13340,13340,4,18-12-2024,Completed,8846.45
13341,13341,13341,4,21-11-2024,Completed,9449.1
13342,13342,13342,6,21-03-2026,Completed,11914.43
13343,13343,13343,4,25-06-2025,Completed,11501.5
13344,13344,13344,4,16-03-2024,Cancelled,12919.06
13345,13345,13345,1,09-09-2023,Completed,6668.95
13346,13346,13346,0,18-12-2024,Completed,5214.85
13347,13347,13347,2,06-06-2025,Completed,1311.08
13348,13348,13348,6,15-10-2025,NA,9573.95
13349,13349,13349,3,13-10-2023,Completed,2124.02
13350,13350,13350,9,04-10-2025,Cancelled,8321.16
13351,13351,13351,7,17-04-2026,Cancelled,11747.46
13352,13352,13352,2,13-09-2025,NA,11162.99
13353,13353,13353,4,01-01-2024,Pending,3613.85
13354,13354,13354,2,31-01-2024,Cancelled,11499.5
13355,13355,13355,2,01-11-2024,Pending,6274.51
13356,13356,13356,7,29-11-2024,Cancelled,14881.87
13357,13357,13357,0,31-12-2023,Pending,11645.34
13358,13358,13358,3,21-08-2023,Cancelled,2917.98
13359,13359,13359,4,04-02-2024,NA,3313.69
13360,13360,13360,6,03-04-2025,Completed,2541.31
13361,13361,13361,6,30-11-2025,NA,1388.13
13362,13362,13362,10,24-06-2025,Completed,2451.73
13363,13363,13363,-2,02-09-2025,Completed,9450.42
13364,13364,13364,2,28-10-2024,NA,0
13365,13365,13365,3,02-07-2024,Completed,8693.64
13366,13366,13366,2,20-02-2025,NA,0
13367,13367,13367,10,27-07-2024,Pending,4393.99
13368,13368,13368,3,26-03-2024,Pending,13984.17
13369,13369,13369,3,26-06-2025,Completed,10641.91
13370,13370,13370,10,16-04-2025,Completed,5540.62
13371,13371,13371,4,25-04-2024,Completed,9894.14
13372,13372,13372,10,04-06-2023,Cancelled,2760.89
13373,13373,13373,10,29-10-2024,Completed,5846.68
13374,13374,13374,7,07-03-2024,Cancelled,367.82
13375,13375,13375,7,11-01-2024,NA,0
13376,13376,13376,3,16-12-2024,Completed,9098.82
13377,13377,13377,9,24-07-2024,NA,13218.02
13378,13378,13378,-2,16-12-2024,Completed,11013.45
13379,13379,13379,1,01-05-2026,Completed,1653.59
13380,13380,13380,6,08-08-2024,Completed,8738.64
13381,13381,13381,7,23-05-2025,Pending,12459.6
13382,13382,13382,1,26-11-2023,Cancelled,9797.17
13383,13383,13383,10,15-05-2025,Completed,5805.34
13384,13384,13384,9,13-03-2026,Completed,7992.29
13385,13385,13385,6,01-11-2024,Completed,8738.93
13386,13386,13386,6,25-03-2025,Pending,4551.76
13387,13387,13387,10,22-09-2025,NA,9977.48
13388,13388,13388,0,10-06-2024,Pending,10773.39
13389,13389,13389,3,14-11-2023,Cancelled,2664.51
13390,13390,13390,1,19-02-2026,Cancelled,11103.99
13391,13391,13391,8,23-03-2026,Completed,12149.91
13392,13392,13392,9,05-03-2025,Cancelled,8517.73
13393,13393,13393,10,26-10-2025,Pending,6716.86
13394,13394,13394,4,22-12-2023,Completed,3709.96
13395,13395,13395,10,03-06-2024,Cancelled,10265.19
13396,13396,13396,-2,05-04-2024,Cancelled,4731.61
13397,13397,13397,3,25-07-2023,NA,8320.15
13398,13398,13398,-2,12-07-2023,Pending,7782.03
13399,13399,13399,0,29-11-2023,Completed,14381.53
13400,13400,13400,-2,27-12-2025,Completed,3922.84
13401,13401,13401,10,13-11-2024,NA,10663.71
13402,13402,13402,-2,18-06-2023,Completed,6569.81
13403,13403,13403,1,09-10-2023,Completed,2324.88
13404,13404,13404,4,10-02-2025,NA,4128.6
13405,13405,13405,2,25-05-2025,Cancelled,7881.34
13406,13406,13406,2,07-09-2023,NA,9349.64
13407,13407,13407,3,25-01-2024,Completed,1443.21
13408,13408,13408,0,21-09-2024,Pending,14751.09
13409,13409,13409,9,18-06-2025,Completed,10500.35
13410,13410,13410,3,08-09-2025,NA,11491.58
13411,13411,13411,2,29-02-2024,Completed,5789.73
13412,13412,13412,3,02-07-2023,Completed,8294.52
13413,13413,13413,3,16-09-2023,Pending,9982.27
13414,13414,13414,4,02-10-2023,Completed,4689.47
13415,13415,13415,10,03-06-2024,Completed,13539.37
13416,13416,13416,6,12-10-2024,Completed,1180.35
13417,13417,13417,4,23-05-2023,Completed,13921.65
13418,13418,13418,4,13-02-2025,Completed,13788.97
13419,13419,13419,6,06-05-2023,Cancelled,8310.85
13420,13420,13420,9,29-08-2024,NA,9771.05
13421,13421,13421,8,11-10-2025,Cancelled,5175.7
13422,13422,13422,0,25-07-2024,Completed,4270.81
13423,13423,13423,5,20-07-2023,Completed,7674.37
13424,13424,13424,9,30-12-2023,Cancelled,682.12
13425,13425,13425,0,03-09-2023,Pending,2653.98
13426,13426,13426,2,22-03-2025,Completed,11667.68
13427,13427,13427,6,23-06-2024,Pending,8956.27
13428,13428,13428,5,22-05-2023,Cancelled,973.65
13429,13429,13429,6,07-08-2023,Completed,6941.22
13430,13430,13430,0,14-08-2024,Pending,6549.58
13431,13431,13431,5,06-06-2024,NA,808.52
13432,13432,13432,4,03-06-2024,Completed,5874.52
13433,13433,13433,5,23-12-2025,Cancelled,11267.15
13434,13434,13434,6,16-05-2023,Completed,14749.03
13435,13435,13435,10,10-02-2024,Completed,8946.05
13436,13436,13436,5,09-10-2023,Completed,6841.28
13437,13437,13437,10,21-03-2026,Completed,3243.82
13438,13438,13438,9,18-12-2024,Completed,13265.28
13439,13439,13439,9,21-10-2025,Pending,1713.44
13440,13440,13440,10,17-09-2023,Pending,7518.65
13441,13441,13441,6,26-06-2025,NA,4570.33
13442,13442,13442,-2,12-09-2025,Pending,7425.93
13443,13443,13443,4,02-02-2024,NA,3440.75
13444,13444,13444,3,19-03-2025,Completed,7606.67
13445,13445,13445,0,11-03-2026,Pending,6118.18
13446,13446,13446,4,01-05-2026,Cancelled,13889.8
13447,13447,13447,3,06-12-2024,Completed,451.24
13448,13448,13448,5,14-08-2025,Pending,7302.51
13449,13449,13449,1,04-07-2024,Pending,14526.25
13450,13450,13450,6,03-05-2025,Pending,7302.36
13451,13451,13451,3,24-02-2025,Cancelled,4254.1
13452,13452,13452,2,22-12-2025,Cancelled,10211.06
13453,13453,13453,0,26-11-2025,Completed,3286.95
13454,13454,13454,4,18-01-2024,Pending,7701.63
13455,13455,13455,6,08-03-2025,Completed,703.83
13456,13456,13456,0,10-02-2025,Cancelled,372.43
13457,13457,13457,10,10-01-2026,Completed,3536.05
13458,13458,13458,4,15-03-2026,Cancelled,6114.05
13459,13459,13459,7,11-07-2024,NA,0
13460,13460,13460,1,06-06-2023,Pending,9921.08
13461,13461,13461,-2,25-02-2026,Cancelled,8173.44
13462,13462,13462,8,25-03-2024,Completed,5738.92
13463,13463,13463,0,22-07-2025,Completed,4296.35
13464,13464,13464,7,04-12-2024,Completed,11784.65
13465,13465,13465,6,22-11-2025,NA,0
13466,13466,13466,10,20-08-2023,NA,1599.35
13467,13467,13467,3,21-09-2025,Pending,11341.82
13468,13468,13468,7,22-06-2024,Pending,4776.98
13469,13469,13469,6,03-07-2025,Completed,2194.39
13470,13470,13470,0,05-06-2023,NA,10931.86
13471,13471,13471,8,06-05-2025,Pending,7413.25
13472,13472,13472,4,23-01-2024,Cancelled,5810.85
13473,13473,13473,0,20-10-2025,Cancelled,8372.51
13474,13474,13474,6,28-09-2023,Completed,12870.65
13475,13475,13475,4,06-07-2023,NA,4931.05
13476,13476,13476,9,11-12-2025,Cancelled,4836.39
13477,13477,13477,8,10-04-2026,NA,1752.24
13478,13478,13478,5,02-08-2024,Completed,6021.54
13479,13479,13479,4,20-10-2025,Completed,7475.57
13480,13480,13480,10,27-09-2023,Completed,5739.41
13481,13481,13481,-2,23-04-2025,NA,3465.15
13482,13482,13482,7,03-02-2026,Cancelled,3175.47
13483,13483,13483,2,09-10-2023,Completed,1339.58
13484,13484,13484,9,23-04-2024,Completed,3553.59
13485,13485,13485,-2,25-05-2024,Cancelled,12146.17
13486,13486,13486,4,08-09-2024,Completed,7604.82
13487,13487,13487,10,27-04-2026,Completed,4525.13
13488,13488,13488,5,09-07-2025,Completed,174.93
13489,13489,13489,7,21-04-2025,Completed,1925.98
13490,13490,13490,3,05-06-2025,Pending,4523.1
13491,13491,13491,10,19-07-2023,Completed,12392.86
13492,13492,13492,10,30-01-2025,Pending,10442.36
13493,13493,13493,5,23-01-2025,Completed,10524.02
13494,13494,13494,3,23-08-2023,Completed,3028.13
13495,13495,13495,1,20-06-2024,Completed,12432.66
13496,13496,13496,4,06-11-2025,Completed,3098.4
13497,13497,13497,1,28-07-2024,Pending,12787.39
13498,13498,13498,9,14-04-2025,NA,10772.72
13499,13499,13499,1,14-11-2023,Completed,6231.05
13500,13500,13500,1,31-03-2026,Pending,1653.64
13501,13501,13501,-2,08-05-2024,Pending,13773.53
13502,13502,13502,2,07-09-2023,Completed,603.54
13503,13503,13503,2,21-04-2025,NA,13973.59
13504,13504,13504,2,17-10-2023,NA,11988.41
13505,13505,13505,1,03-07-2025,Pending,2580.72
13506,13506,13506,4,23-09-2023,Completed,11720.11
13507,13507,13507,4,26-06-2024,NA,3685.24
13508,13508,13508,2,17-11-2025,Completed,14882.44
13509,13509,13509,9,18-09-2023,Completed,6630.38
13510,13510,13510,4,18-04-2025,NA,6064
13511,13511,13511,9,10-09-2023,NA,2507.91
13512,13512,13512,7,22-11-2025,Completed,4461.82
13513,13513,13513,3,13-12-2023,NA,1639.17
13514,13514,13514,10,17-09-2024,Pending,12148.91
13515,13515,13515,8,16-06-2024,NA,2554.62
13516,13516,13516,5,24-04-2026,NA,5654.39
13517,13517,13517,3,07-12-2024,Pending,10964.84
13518,13518,13518,4,10-04-2026,Pending,10486.72
13519,13519,13519,0,26-10-2023,NA,8781.46
13520,13520,13520,9,21-04-2025,Completed,2624.16
13521,13521,13521,0,20-05-2024,Pending,5617.52
13522,13522,13522,3,27-06-2025,Completed,1686.07
13523,13523,13523,10,26-11-2023,Completed,11207.52
13524,13524,13524,7,30-04-2024,Pending,9837.78
13525,13525,13525,4,24-02-2026,Completed,3577.94
13526,13526,13526,3,19-02-2024,Completed,923.2
13527,13527,13527,9,20-09-2023,Pending,3630.68
13528,13528,13528,2,21-11-2024,NA,12730.7
13529,13529,13529,1,16-05-2024,Cancelled,4818.04
13530,13530,13530,2,28-07-2024,Completed,5618.58
13531,13531,13531,8,20-12-2024,Completed,769.46
13532,13532,13532,1,14-09-2023,NA,5735.14
13533,13533,13533,0,02-07-2023,NA,1672.7
13534,13534,13534,6,07-11-2025,NA,13363.79
13535,13535,13535,5,22-07-2023,Completed,13495.77
13536,13536,13536,7,06-06-2024,NA,7882.37
13537,13537,13537,4,04-10-2024,Cancelled,11061.02
13538,13538,13538,9,03-09-2025,Completed,4059.93
13539,13539,13539,3,13-02-2025,Completed,10169.8
13540,13540,13540,4,26-07-2025,Cancelled,14167.48
13541,13541,13541,10,02-06-2025,Completed,0
13542,13542,13542,-2,24-06-2023,NA,14873.47
13543,13543,13543,-2,26-04-2024,Completed,11386.72
13544,13544,13544,5,17-07-2024,Pending,512.66
13545,13545,13545,3,13-04-2025,Cancelled,4048.56
13546,13546,13546,4,26-06-2024,Cancelled,13628.17
13547,13547,13547,0,03-06-2025,Completed,1756.72
13548,13548,13548,2,27-09-2024,NA,1708.08
13549,13549,13549,3,27-01-2025,Completed,1863.59
13550,13550,13550,10,25-02-2025,Pending,14715.48
13551,13551,13551,10,10-04-2024,NA,5692.83
13552,13552,13552,4,29-06-2024,NA,7431.28
13553,13553,13553,5,20-09-2025,Pending,9528.44
13554,13554,13554,6,17-07-2025,Cancelled,4551.23
13555,13555,13555,6,14-01-2026,NA,14127.35
13556,13556,13556,2,30-05-2023,Cancelled,6757.92
13557,13557,13557,6,01-09-2024,NA,13551.22
13558,13558,13558,1,05-09-2023,Cancelled,2545.65
13559,13559,13559,5,23-01-2025,Completed,639.7
13560,13560,13560,1,01-08-2024,Completed,10525.57
13561,13561,13561,4,15-10-2024,NA,7122.09
13562,13562,13562,-2,04-06-2023,NA,8671.18
13563,13563,13563,8,04-02-2025,Completed,3104.09
13564,13564,13564,8,31-08-2025,Completed,1486.43
13565,13565,13565,4,01-11-2024,Completed,12042.99
13566,13566,13566,10,20-10-2025,NA,0
13567,13567,13567,5,05-11-2023,Completed,4828.36
13568,13568,13568,3,09-04-2024,Completed,230.67
13569,13569,13569,8,13-08-2023,Completed,7743.35
13570,13570,13570,0,02-11-2024,Cancelled,13925.76
13571,13571,13571,0,07-09-2023,NA,7004.75
13572,13572,13572,6,05-04-2024,Completed,9506.83
13573,13573,13573,9,26-04-2025,Cancelled,10106.75
13574,13574,13574,1,04-05-2026,Cancelled,845.17
13575,13575,13575,9,03-07-2023,Completed,13478.85
13576,13576,13576,10,27-05-2025,Pending,5338.73
13577,13577,13577,9,26-07-2023,Pending,386.81
13578,13578,13578,2,24-05-2023,Completed,3100.32
13579,13579,13579,2,21-11-2023,NA,1991.15
13580,13580,13580,7,04-06-2024,NA,12787.18
13581,13581,13581,6,21-08-2025,Completed,10017.77
13582,13582,13582,9,24-03-2026,NA,10708.65
13583,13583,13583,4,08-08-2024,Pending,13324.09
13584,13584,13584,3,06-01-2026,Cancelled,14411.87
13585,13585,13585,5,07-11-2024,Completed,12417.11
13586,13586,13586,7,08-11-2025,Cancelled,7195.05
13587,13587,13587,4,11-05-2025,Pending,8740.79
13588,13588,13588,0,03-03-2025,Cancelled,1870.1
13589,13589,13589,5,15-01-2026,NA,12983.48
13590,13590,13590,1,01-04-2024,Pending,3946.62
13591,13591,13591,7,26-09-2025,Completed,8836.25
13592,13592,13592,-2,19-08-2023,Pending,4661.76
13593,13593,13593,9,01-04-2024,Completed,5584.85
13594,13594,13594,5,19-07-2023,Completed,5666.18
13595,13595,13595,10,25-09-2023,NA,5661.42
13596,13596,13596,3,08-01-2026,NA,0
13597,13597,13597,2,31-01-2025,Completed,12149.28
13598,13598,13598,7,12-06-2024,Completed,4601.35
13599,13599,13599,1,09-08-2024,Completed,5325.1
13600,13600,13600,5,30-03-2024,NA,0
13601,13601,13601,4,19-02-2025,NA,11314.63
13602,13602,13602,5,16-12-2025,Completed,11136.33
13603,13603,13603,7,01-04-2024,Pending,10704.18
13604,13604,13604,4,05-12-2024,Cancelled,12518.88
13605,13605,13605,8,26-04-2025,NA,6632.91
13606,13606,13606,6,08-06-2024,NA,14923.41
13607,13607,13607,4,27-04-2025,Completed,7869.06
13608,13608,13608,7,14-12-2023,NA,4013.32
13609,13609,13609,2,12-09-2023,Pending,2806.4
13610,13610,13610,3,02-03-2024,Completed,8309.23
13611,13611,13611,8,06-01-2025,NA,7216.82
13612,13612,13612,8,14-12-2024,Pending,11106.94
13613,13613,13613,7,23-12-2023,Completed,9527.58
13614,13614,13614,6,12-11-2025,Pending,13354.91
13615,13615,13615,7,28-08-2023,Pending,1561.62
13616,13616,13616,7,02-11-2024,NA,3669.74
13617,13617,13617,0,20-12-2025,Pending,4271.72
13618,13618,13618,2,25-06-2025,Pending,3912.57
13619,13619,13619,0,11-09-2025,Cancelled,9463.1
13620,13620,13620,7,06-03-2026,Cancelled,10665.27
13621,13621,13621,0,02-01-2025,NA,8911.95
13622,13622,13622,-2,10-11-2024,Cancelled,13155.74
13623,13623,13623,2,26-07-2024,Completed,0
13624,13624,13624,10,29-01-2024,Cancelled,11678.15
13625,13625,13625,8,25-03-2025,NA,8867.17
13626,13626,13626,5,09-08-2023,Completed,12317.38
13627,13627,13627,7,29-11-2023,Completed,6443.35
13628,13628,13628,10,12-02-2024,Completed,497.18
13629,13629,13629,-2,26-10-2025,NA,5135.17
13630,13630,13630,-2,05-09-2024,Cancelled,5384.18
13631,13631,13631,7,21-01-2026,Completed,12590.48
13632,13632,13632,0,01-09-2025,Pending,9634.86
13633,13633,13633,8,05-06-2024,Pending,2715.36
13634,13634,13634,6,08-11-2023,Cancelled,12304.35
13635,13635,13635,-2,05-12-2023,Completed,10717.25
13636,13636,13636,0,10-05-2024,NA,13555.52
13637,13637,13637,4,02-08-2023,NA,12718.69
13638,13638,13638,10,25-08-2024,Pending,3383.53
13639,13639,13639,5,25-01-2025,NA,14414.73
13640,13640,13640,3,05-12-2024,Pending,14569.95
13641,13641,13641,1,09-05-2024,Cancelled,8480.85
13642,13642,13642,-2,30-08-2024,NA,7189.52
13643,13643,13643,0,29-12-2025,Completed,14167.05
13644,13644,13644,2,11-04-2025,Pending,3729.2
13645,13645,13645,10,24-08-2025,Pending,13338.01
13646,13646,13646,7,15-12-2024,NA,14466
13647,13647,13647,2,30-05-2025,Completed,10669.55
13648,13648,13648,1,14-07-2025,Completed,3433.38
13649,13649,13649,9,23-09-2025,Completed,13948.2
13650,13650,13650,4,09-01-2025,Completed,0
13651,13651,13651,8,27-12-2025,Cancelled,8543.06
13652,13652,13652,0,12-02-2026,Cancelled,4225.77
13653,13653,13653,0,20-10-2024,Completed,2766.39
13654,13654,13654,3,31-05-2025,NA,14323.15
13655,13655,13655,3,18-10-2024,Completed,4030.3
13656,13656,13656,6,26-02-2026,Cancelled,5193.43
13657,13657,13657,1,16-12-2023,Cancelled,2799.69
13658,13658,13658,8,08-10-2025,Cancelled,3651.47
13659,13659,13659,2,02-05-2025,Pending,6351.14
13660,13660,13660,0,10-01-2024,Cancelled,1296.17
13661,13661,13661,8,31-07-2023,Cancelled,9856.78
13662,13662,13662,-2,25-01-2026,Pending,2835.45
13663,13663,13663,7,12-06-2024,Completed,13676.66
13664,13664,13664,2,17-01-2026,NA,11218.99
13665,13665,13665,-2,14-04-2024,Cancelled,0
13666,13666,13666,-2,23-03-2024,NA,2959.13
13667,13667,13667,0,16-06-2025,Pending,8779.94
13668,13668,13668,0,04-08-2025,Completed,12937.73
13669,13669,13669,8,17-09-2024,NA,5002.22
13670,13670,13670,9,04-08-2025,Cancelled,408.89
13671,13671,13671,0,14-11-2025,NA,2001.95
13672,13672,13672,9,27-05-2025,NA,12263.36
13673,13673,13673,4,23-01-2026,Completed,4685.69
13674,13674,13674,4,30-01-2024,Completed,9639.23
13675,13675,13675,9,10-04-2026,Pending,3293.18
13676,13676,13676,-2,18-01-2026,Cancelled,0
13677,13677,13677,4,12-01-2026,Cancelled,330.29
13678,13678,13678,10,18-08-2023,Completed,9234.31
13679,13679,13679,3,16-02-2024,Completed,7354.86
13680,13680,13680,4,30-04-2024,NA,0
13681,13681,13681,6,26-08-2025,Completed,8457.01
13682,13682,13682,0,15-10-2025,NA,392.32
13683,13683,13683,5,23-02-2024,Pending,8576.58
13684,13684,13684,-2,25-02-2026,Pending,13585.07
13685,13685,13685,8,22-04-2025,Cancelled,6379.16
13686,13686,13686,9,23-04-2024,NA,1789.88
13687,13687,13687,-2,01-07-2024,NA,531.31
13688,13688,13688,10,24-05-2025,Cancelled,1557.72
13689,13689,13689,-2,03-10-2024,Cancelled,7138.15
13690,13690,13690,0,22-07-2023,Pending,11207.28
13691,13691,13691,9,23-07-2025,Completed,14633.73
13692,13692,13692,10,06-04-2025,NA,11673.38
13693,13693,13693,3,09-06-2024,Pending,2191.74
13694,13694,13694,5,13-02-2024,Completed,12073.28
13695,13695,13695,1,20-11-2025,Completed,11989.85
13696,13696,13696,8,05-04-2026,Completed,6336.68
13697,13697,13697,8,19-01-2025,NA,9888.35
13698,13698,13698,1,22-08-2025,Cancelled,0
13699,13699,13699,0,23-08-2025,Pending,0
13700,13700,13700,6,27-12-2025,Completed,14830.01
13701,13701,13701,4,02-03-2024,Completed,9189.92
13702,13702,13702,3,04-06-2024,Completed,4865.02
13703,13703,13703,4,12-07-2025,NA,10881.38
13704,13704,13704,8,21-09-2025,Cancelled,11510.32
13705,13705,13705,6,08-06-2025,Pending,11810.36
13706,13706,13706,3,28-01-2026,Pending,11467.93
13707,13707,13707,-2,19-10-2023,Pending,7771.21
13708,13708,13708,5,11-07-2025,Pending,0
13709,13709,13709,3,22-06-2023,Completed,11897.9
13710,13710,13710,9,02-05-2024,Completed,5461.86
13711,13711,13711,4,14-05-2024,Completed,8363.36
13712,13712,13712,10,17-04-2026,NA,14973.09
13713,13713,13713,6,20-12-2025,Cancelled,13834.28
13714,13714,13714,10,08-07-2023,Completed,7937.93
13715,13715,13715,4,07-03-2025,Completed,9272.61
13716,13716,13716,1,05-12-2024,Cancelled,10657.53
13717,13717,13717,6,22-04-2026,Completed,2136.84
13718,13718,13718,4,06-03-2024,Pending,13027.96
13719,13719,13719,1,01-08-2023,Pending,1717.56
13720,13720,13720,0,12-07-2023,Completed,6271.05
13721,13721,13721,7,29-01-2026,Cancelled,5179.14
13722,13722,13722,6,28-07-2025,Completed,4001.99
13723,13723,13723,-2,28-12-2025,Completed,6522.39
13724,13724,13724,0,12-04-2025,Pending,7292.67
13725,13725,13725,8,25-05-2025,Pending,4843.59
13726,13726,13726,9,01-05-2026,Completed,10639.55
13727,13727,13727,4,08-08-2023,NA,2151.39
13728,13728,13728,2,19-04-2024,Pending,8281.18
13729,13729,13729,4,16-12-2024,Cancelled,3717.74
13730,13730,13730,2,05-11-2023,Cancelled,5892.69
13731,13731,13731,5,07-09-2023,Completed,7050.88
13732,13732,13732,9,18-10-2023,NA,11764.68
13733,13733,13733,7,07-09-2023,NA,4488.01
13734,13734,13734,0,22-04-2026,Completed,5042.79
13735,13735,13735,3,01-11-2025,Completed,8435.65
13736,13736,13736,1,01-09-2025,Pending,10266.67
13737,13737,13737,6,21-04-2025,NA,4339.2
13738,13738,13738,3,03-09-2024,Cancelled,6193.02
13739,13739,13739,6,12-09-2023,Completed,3821.41
13740,13740,13740,9,23-06-2025,Pending,6347.36
13741,13741,13741,10,28-06-2024,Completed,4346.46
13742,13742,13742,4,31-10-2023,NA,14683.67
13743,13743,13743,1,13-11-2024,Cancelled,11788.89
13744,13744,13744,3,05-06-2025,Pending,12559.23
13745,13745,13745,9,04-10-2024,Pending,357.73
13746,13746,13746,2,20-06-2024,Pending,12239.05
13747,13747,13747,8,19-09-2024,Completed,11010.56
13748,13748,13748,9,29-07-2025,Cancelled,5806.93
13749,13749,13749,5,04-06-2023,Cancelled,7899.88
13750,13750,13750,3,27-11-2024,Completed,3984.17
13751,13751,13751,0,17-02-2025,Cancelled,13833.18
13752,13752,13752,8,20-11-2024,NA,7022.24
13753,13753,13753,5,27-04-2024,Completed,553.39
13754,13754,13754,-2,10-11-2025,Completed,11878.68
13755,13755,13755,5,23-02-2024,NA,11847.38
13756,13756,13756,-2,15-11-2025,NA,2823.52
13757,13757,13757,10,09-02-2025,Cancelled,4865.28
13758,13758,13758,2,02-04-2025,Cancelled,2235.62
13759,13759,13759,10,17-04-2026,Completed,4825.6
13760,13760,13760,6,12-06-2024,Completed,6683.75
13761,13761,13761,-2,23-08-2024,Completed,10528.93
13762,13762,13762,3,05-07-2023,Cancelled,1863.34
13763,13763,13763,4,12-04-2025,NA,7105.13
13764,13764,13764,8,23-05-2023,NA,9874.26
13765,13765,13765,-2,24-12-2023,NA,3370.55
13766,13766,13766,4,28-12-2024,Completed,2213.34
13767,13767,13767,4,19-06-2023,Completed,3812.23
13768,13768,13768,-2,22-06-2025,Completed,13450.44
13769,13769,13769,7,22-08-2024,Cancelled,13700.29
13770,13770,13770,10,22-03-2024,Cancelled,12933.28
13771,13771,13771,10,29-08-2023,NA,1354.71
13772,13772,13772,3,31-12-2024,Pending,6918.27
13773,13773,13773,7,03-11-2025,NA,3506.43
13774,13774,13774,0,12-03-2024,Cancelled,2302.32
13775,13775,13775,-2,04-02-2024,NA,10844.42
13776,13776,13776,8,06-07-2025,NA,6350.14
13777,13777,13777,5,20-02-2026,Completed,1989.24
13778,13778,13778,7,14-10-2024,Completed,3672.69
13779,13779,13779,7,11-08-2024,Completed,13700.72
13780,13780,13780,1,13-01-2026,Completed,1482.18
13781,13781,13781,7,04-07-2023,Completed,12223.26
13782,13782,13782,-2,11-12-2024,Cancelled,5377.33
13783,13783,13783,8,23-07-2024,Pending,6674.66
13784,13784,13784,0,22-12-2024,NA,12631.14
13785,13785,13785,10,03-09-2025,Completed,4121.62
13786,13786,13786,3,08-12-2024,Completed,12099.34
13787,13787,13787,0,30-03-2024,Pending,4796.04
13788,13788,13788,6,26-04-2025,Pending,13529.08
13789,13789,13789,-2,14-09-2025,NA,2595.18
13790,13790,13790,8,27-08-2023,Pending,14268.67
13791,13791,13791,10,29-10-2025,Completed,3670.13
13792,13792,13792,10,05-09-2025,Completed,5542.15
13793,13793,13793,3,02-10-2025,Cancelled,4756.9
13794,13794,13794,10,22-03-2024,Cancelled,7272.02
13795,13795,13795,5,27-05-2023,Completed,6904.88
13796,13796,13796,6,10-05-2023,Cancelled,6364.08
13797,13797,13797,1,01-08-2025,Pending,637.62
13798,13798,13798,7,11-01-2025,Completed,0
13799,13799,13799,4,23-10-2025,NA,6583.92
13800,13800,13800,9,10-09-2025,NA,8016.08
13801,13801,13801,7,15-12-2025,Cancelled,5915.91
13802,13802,13802,3,30-09-2024,NA,12326.49
13803,13803,13803,-2,19-04-2026,Cancelled,2634.9
13804,13804,13804,7,25-03-2024,Cancelled,10131
13805,13805,13805,1,23-10-2023,Pending,14675.84
13806,13806,13806,4,13-05-2023,Pending,4106.05
13807,13807,13807,6,05-09-2024,Pending,13652.93
13808,13808,13808,5,21-08-2023,NA,0
13809,13809,13809,9,18-03-2026,Completed,2709.01
13810,13810,13810,9,20-11-2025,Pending,8967.97
13811,13811,13811,0,07-04-2025,Cancelled,6042.38
13812,13812,13812,5,11-02-2024,Completed,6817.08
13813,13813,13813,7,03-07-2024,NA,1389.4
13814,13814,13814,9,24-03-2025,Cancelled,6605.12
13815,13815,13815,6,03-01-2026,Pending,3627.83
13816,13816,13816,8,27-08-2025,NA,9556.58
13817,13817,13817,5,14-02-2024,NA,5736.3
13818,13818,13818,5,08-04-2024,NA,6698.6
13819,13819,13819,1,11-06-2024,Cancelled,12558.32
13820,13820,13820,0,09-02-2025,Completed,0
13821,13821,13821,8,28-07-2024,Cancelled,5107.19
13822,13822,13822,10,20-05-2024,Cancelled,12591.26
13823,13823,13823,2,01-10-2024,Cancelled,14811.9
13824,13824,13824,3,17-08-2025,Completed,9710.35
13825,13825,13825,3,18-01-2026,Completed,5597.22
13826,13826,13826,6,22-10-2025,Completed,6554.34
13827,13827,13827,-2,16-04-2026,Completed,1983.68
13828,13828,13828,-2,21-10-2025,Pending,13268.14
13829,13829,13829,6,18-02-2025,Pending,10833.68
13830,13830,13830,6,12-06-2024,Completed,7017.45
13831,13831,13831,10,30-01-2026,NA,1373.34
13832,13832,13832,2,28-11-2025,Completed,7824.99
13833,13833,13833,4,29-10-2025,Pending,2280.85
13834,13834,13834,5,18-08-2024,Pending,12789
13835,13835,13835,6,18-02-2025,Pending,9152.05
13836,13836,13836,1,13-05-2024,Pending,10300.66
13837,13837,13837,7,22-08-2023,Cancelled,1088.32
13838,13838,13838,0,25-02-2024,Completed,11145.02
13839,13839,13839,0,13-10-2024,NA,4048.16
13840,13840,13840,4,26-01-2026,Completed,11207.92
13841,13841,13841,1,07-11-2023,Cancelled,0
13842,13842,13842,6,15-11-2025,Cancelled,10596.4
13843,13843,13843,-2,09-05-2023,Cancelled,7315.34
13844,13844,13844,8,09-11-2023,NA,2773.2
13845,13845,13845,0,20-08-2023,NA,4001.01
13846,13846,13846,4,29-05-2023,Completed,1879.14
13847,13847,13847,0,29-12-2025,Completed,14254.53
13848,13848,13848,8,19-07-2023,Pending,9091.64
13849,13849,13849,9,05-02-2026,Cancelled,12170.33
13850,13850,13850,4,11-01-2024,Completed,517.83
13851,13851,13851,2,14-11-2023,NA,687.89
13852,13852,13852,8,12-06-2023,Completed,14362.93
13853,13853,13853,8,30-12-2023,Pending,14498.27
13854,13854,13854,8,20-08-2023,Pending,12789.04
13855,13855,13855,3,11-05-2025,Completed,14687.2
13856,13856,13856,0,31-12-2024,Cancelled,5274.84
13857,13857,13857,8,22-01-2024,NA,10465.98
13858,13858,13858,10,03-04-2026,Completed,3062.11
13859,13859,13859,1,29-11-2025,Pending,14797.63
13860,13860,13860,7,05-06-2024,Completed,12438.51
13861,13861,13861,2,26-05-2025,Completed,11106.87
13862,13862,13862,1,01-09-2025,Completed,6331.27
13863,13863,13863,8,22-11-2023,Completed,3136.18
13864,13864,13864,7,22-05-2024,Completed,2675.51
13865,13865,13865,4,05-11-2023,Cancelled,5506.83
13866,13866,13866,8,06-06-2025,NA,12845.56
13867,13867,13867,7,09-02-2024,Cancelled,7063.3
13868,13868,13868,10,04-07-2024,Completed,14814.33
13869,13869,13869,6,29-11-2025,NA,14545.79
13870,13870,13870,2,10-02-2024,Completed,13470.08
13871,13871,13871,0,08-03-2024,Completed,6028.37
13872,13872,13872,5,01-04-2025,NA,102.27
13873,13873,13873,2,25-02-2026,NA,9512.67
13874,13874,13874,2,21-04-2026,Pending,4465.32
13875,13875,13875,7,26-06-2025,Cancelled,2556.44
13876,13876,13876,3,02-02-2024,Pending,6635.86
13877,13877,13877,0,06-04-2026,Cancelled,8360.51
13878,13878,13878,0,23-10-2023,Cancelled,8811.37
13879,13879,13879,0,15-05-2025,Cancelled,1459.2
13880,13880,13880,-2,09-09-2024,Pending,3511.46
13881,13881,13881,9,31-10-2023,Cancelled,5614.09
13882,13882,13882,4,12-09-2023,Pending,4800.78
13883,13883,13883,9,27-06-2023,Completed,13786.45
13884,13884,13884,6,15-04-2024,Completed,12363.56
13885,13885,13885,10,14-09-2023,NA,12932.35
13886,13886,13886,1,26-12-2023,NA,11820.49
13887,13887,13887,3,13-10-2024,Cancelled,6584.88
13888,13888,13888,9,09-06-2023,Completed,11030.3
13889,13889,13889,8,04-06-2025,Pending,5826.7
13890,13890,13890,4,04-09-2025,Cancelled,7431.54
13891,13891,13891,9,14-06-2024,Pending,5315.91
13892,13892,13892,-2,03-01-2026,Cancelled,933.54
13893,13893,13893,6,17-05-2025,Cancelled,2770.21
13894,13894,13894,5,29-02-2024,NA,9754.97
13895,13895,13895,3,11-04-2024,Completed,9762.18
13896,13896,13896,3,17-03-2025,NA,9689.58
13897,13897,13897,1,07-01-2024,Completed,5794.68
13898,13898,13898,10,12-04-2026,Cancelled,13977.56
13899,13899,13899,3,10-04-2025,Pending,10073.5
13900,13900,13900,1,08-11-2024,NA,12735.99
13901,13901,13901,7,04-06-2025,Completed,13374.45
13902,13902,13902,6,17-03-2024,Completed,12728.51
13903,13903,13903,4,29-11-2024,NA,10683.61
13904,13904,13904,8,01-07-2025,Completed,11562.71
13905,13905,13905,6,25-08-2024,Completed,8278.95
13906,13906,13906,8,09-01-2025,Completed,2676.37
13907,13907,13907,4,20-12-2024,Completed,0
13908,13908,13908,5,28-10-2023,Completed,6110.67
13909,13909,13909,5,27-07-2023,Cancelled,14187.34
13910,13910,13910,1,21-11-2025,Cancelled,5814.06
13911,13911,13911,3,23-08-2024,NA,11687.51
13912,13912,13912,-2,03-10-2024,Cancelled,8783.56
13913,13913,13913,0,28-02-2024,Cancelled,14493.79
13914,13914,13914,6,19-01-2025,Cancelled,1631.38
13915,13915,13915,3,30-11-2023,Pending,8416.06
13916,13916,13916,0,20-05-2024,Cancelled,10661.44
13917,13917,13917,2,24-03-2026,Completed,9422.3
13918,13918,13918,1,17-10-2025,Completed,0
13919,13919,13919,4,29-08-2023,NA,12662.69
13920,13920,13920,2,22-11-2024,Completed,4668.94
13921,13921,13921,8,09-10-2025,Cancelled,11150.62
13922,13922,13922,7,30-06-2024,Cancelled,2524.82
13923,13923,13923,-2,29-07-2025,Cancelled,1525.56
13924,13924,13924,10,29-02-2024,Completed,5512.19
13925,13925,13925,0,15-09-2024,Completed,3458.41
13926,13926,13926,3,06-05-2025,Completed,1004.18
13927,13927,13927,9,27-03-2025,Cancelled,8377.76
13928,13928,13928,3,17-08-2025,NA,10392.97
13929,13929,13929,6,29-05-2023,Completed,9713
13930,13930,13930,0,17-10-2025,Cancelled,2247.49
13931,13931,13931,1,05-05-2024,Cancelled,11156.87
13932,13932,13932,6,10-03-2024,NA,13399.97
13933,13933,13933,6,21-02-2025,Completed,5590.14
13934,13934,13934,10,14-11-2024,Completed,14380.95
13935,13935,13935,9,01-12-2023,Completed,5836.72
13936,13936,13936,4,20-12-2025,Cancelled,9686.67
13937,13937,13937,9,20-02-2025,Cancelled,3046.69
13938,13938,13938,9,15-07-2024,Completed,5996.77
13939,13939,13939,8,17-01-2024,Cancelled,10327.08
13940,13940,13940,10,14-01-2024,NA,9280.87
13941,13941,13941,5,10-02-2025,Pending,4070.01
13942,13942,13942,1,22-06-2024,Completed,4992.02
13943,13943,13943,3,10-01-2025,Pending,5011.11
13944,13944,13944,8,02-11-2023,Pending,8920.4
13945,13945,13945,3,16-02-2026,NA,10115.29
13946,13946,13946,5,14-11-2023,Completed,11453.52
13947,13947,13947,1,15-02-2025,Completed,842.58
13948,13948,13948,8,27-11-2023,Cancelled,11987.82
13949,13949,13949,9,05-09-2024,Completed,5154.97
13950,13950,13950,7,29-09-2025,Completed,9054.35
13951,13951,13951,5,14-02-2026,Completed,9642.52
13952,13952,13952,9,10-09-2024,Completed,5888.8
13953,13953,13953,9,02-12-2024,Pending,2155.74
13954,13954,13954,4,23-05-2025,Cancelled,14983.97
13955,13955,13955,5,01-03-2024,Completed,5138.18
13956,13956,13956,3,16-11-2023,Completed,11209.1
13957,13957,13957,3,05-11-2025,Cancelled,8612.29
13958,13958,13958,5,03-12-2025,NA,5744.38
13959,13959,13959,8,15-04-2024,Cancelled,14207.01
13960,13960,13960,2,06-07-2025,NA,11054.75
13961,13961,13961,8,02-08-2023,Cancelled,344.74
13962,13962,13962,7,09-05-2024,Pending,2859.69
13963,13963,13963,3,01-12-2023,NA,1067.89
13964,13964,13964,3,20-12-2024,Pending,14307.62
13965,13965,13965,7,26-05-2023,Pending,759.55
13966,13966,13966,8,16-12-2024,Cancelled,6241.62
13967,13967,13967,1,23-12-2023,Completed,0
13968,13968,13968,-2,03-12-2023,Cancelled,4331.51
13969,13969,13969,9,14-07-2023,Cancelled,79.8
13970,13970,13970,9,28-12-2023,Cancelled,771.49
13971,13971,13971,4,07-06-2023,Pending,6484.2
13972,13972,13972,6,01-12-2023,Completed,12782.8
13973,13973,13973,4,05-04-2025,Completed,8838.92
13974,13974,13974,4,11-02-2025,Pending,13975.15
13975,13975,13975,1,27-07-2025,Cancelled,0
13976,13976,13976,-2,06-01-2025,Completed,14323.18
13977,13977,13977,7,21-09-2024,Cancelled,11111.99
13978,13978,13978,-2,30-01-2026,Pending,9566.77
13979,13979,13979,8,27-12-2024,Pending,5248.14
13980,13980,13980,7,02-10-2023,Cancelled,2408.42
13981,13981,13981,4,16-03-2026,Pending,2182.64
13982,13982,13982,4,05-01-2025,Completed,1394.21
13983,13983,13983,8,26-12-2024,Cancelled,7227.67
13984,13984,13984,1,19-06-2023,NA,3451.97
13985,13985,13985,8,21-07-2025,Cancelled,5943.43
13986,13986,13986,4,27-02-2025,Completed,9910.61
13987,13987,13987,4,06-12-2023,Completed,12495.37
13988,13988,13988,3,22-02-2024,Pending,13918.66
13989,13989,13989,10,15-12-2024,Completed,14403.38
13990,13990,13990,1,29-05-2025,Completed,8689.67
13991,13991,13991,2,29-07-2024,Pending,8680.47
13992,13992,13992,2,04-05-2025,Completed,8109.25
13993,13993,13993,2,21-09-2023,Cancelled,4307.43
13994,13994,13994,4,04-07-2023,Pending,1566.7
13995,13995,13995,3,13-03-2026,Completed,9176.86
13996,13996,13996,-2,16-01-2025,NA,10867.93
13997,13997,13997,-2,17-04-2026,Completed,9710.08
13998,13998,13998,3,06-06-2025,Pending,4408.06
13999,13999,13999,7,02-06-2024,Pending,10007.24
14000,14000,14000,9,28-04-2024,Completed,12887.38
14001,14001,14001,0,10-06-2024,Pending,12519.52
14002,14002,14002,3,11-05-2023,Completed,0
14003,14003,14003,6,18-04-2024,Completed,12206
14004,14004,14004,5,10-04-2026,Completed,2795.41
14005,14005,14005,2,20-12-2024,Completed,10584.16
14006,14006,14006,4,21-09-2025,Cancelled,2665.74
14007,14007,14007,10,01-02-2025,Cancelled,12082.21
14008,14008,14008,8,05-06-2024,Completed,7487.55
14009,14009,14009,5,10-12-2024,NA,543.16
14010,14010,14010,8,12-09-2023,NA,5908.53
14011,14011,14011,6,21-07-2023,NA,1506.77
14012,14012,14012,9,28-11-2025,Completed,6764.17
14013,14013,14013,10,13-04-2024,Completed,2130.35
14014,14014,14014,3,09-02-2026,Completed,12147.74
14015,14015,14015,2,25-11-2024,Completed,11342.95
14016,14016,14016,10,30-05-2024,Pending,1542.87
14017,14017,14017,10,14-11-2025,Cancelled,14174.3
14018,14018,14018,1,14-08-2025,Cancelled,14569.74
14019,14019,14019,9,13-06-2023,NA,6358.62
14020,14020,14020,-2,04-01-2026,Cancelled,2124.73
14021,14021,14021,-2,22-11-2023,Completed,6846.46
14022,14022,14022,6,02-04-2026,NA,5337.65
14023,14023,14023,1,06-10-2023,Pending,1429.18
14024,14024,14024,6,31-10-2024,Completed,13911.38
14025,14025,14025,5,04-06-2023,Cancelled,3377.48
14026,14026,14026,5,20-12-2023,Completed,13587.71
14027,14027,14027,2,01-08-2024,NA,4055.76
14028,14028,14028,9,06-08-2025,NA,12818.25
14029,14029,14029,0,19-06-2023,Cancelled,6602.85
14030,14030,14030,3,17-03-2024,Pending,11763.53
14031,14031,14031,-2,22-03-2024,Pending,4735.51
14032,14032,14032,4,05-02-2025,Completed,1686.29
14033,14033,14033,4,28-04-2024,Pending,12501.06
14034,14034,14034,5,02-12-2024,Completed,13539.69
14035,14035,14035,7,27-01-2026,Completed,7519.08
14036,14036,14036,-2,12-12-2023,Completed,2517.51
14037,14037,14037,10,21-05-2023,Completed,10237.7
14038,14038,14038,8,09-11-2024,Cancelled,4812.54
14039,14039,14039,3,10-06-2023,NA,14099.65
14040,14040,14040,-2,15-12-2024,Completed,3164.23
14041,14041,14041,1,05-01-2025,Pending,11245.91
14042,14042,14042,10,23-04-2025,Completed,4545.05
14043,14043,14043,-2,22-03-2024,Completed,7158.86
14044,14044,14044,9,28-04-2025,Completed,1140.85
14045,14045,14045,0,03-01-2026,NA,9684.64
14046,14046,14046,6,28-05-2024,Cancelled,9686.82
14047,14047,14047,4,18-02-2024,Completed,9204.2
14048,14048,14048,4,20-12-2025,Pending,2852.52
14049,14049,14049,1,25-03-2025,Pending,13872.94
14050,14050,14050,10,05-01-2026,Pending,3355.27
14051,14051,14051,-2,30-08-2025,Cancelled,7848.4
14052,14052,14052,0,14-05-2024,NA,1749.39
14053,14053,14053,6,14-04-2026,NA,6666.58
14054,14054,14054,0,17-12-2024,Cancelled,6705.01
14055,14055,14055,0,19-01-2025,Pending,602.92
14056,14056,14056,2,25-08-2024,Completed,4262.86
14057,14057,14057,8,10-02-2024,Completed,8586.08
14058,14058,14058,4,24-03-2025,Completed,8290.14
14059,14059,14059,6,17-02-2024,NA,4086.43
14060,14060,14060,1,16-05-2024,Completed,5070.23
14061,14061,14061,4,15-05-2025,NA,1305.73
14062,14062,14062,0,01-09-2024,Cancelled,6354.54
14063,14063,14063,-2,23-02-2024,Cancelled,7379.77
14064,14064,14064,-2,15-01-2026,Pending,7301.38
14065,14065,14065,4,03-11-2024,Completed,14356.72
14066,14066,14066,5,20-01-2025,Completed,1316.17
14067,14067,14067,0,17-03-2026,Completed,11931.13
14068,14068,14068,5,28-03-2024,Completed,4692.24
14069,14069,14069,4,17-11-2023,Pending,2530.57
14070,14070,14070,8,12-11-2025,Completed,4397.25
14071,14071,14071,9,23-07-2024,NA,9548.21
14072,14072,14072,10,05-07-2023,Pending,5571.4
14073,14073,14073,1,24-09-2024,Completed,12610.18
14074,14074,14074,5,06-02-2025,Completed,4303.36
14075,14075,14075,2,15-09-2025,Completed,4045.29
14076,14076,14076,-2,21-03-2025,Cancelled,9774.02
14077,14077,14077,6,17-07-2025,Completed,7479.16
14078,14078,14078,6,28-11-2023,NA,12276.85
14079,14079,14079,4,25-11-2025,Pending,10333.8
14080,14080,14080,0,10-05-2024,Pending,170.71
14081,14081,14081,8,07-10-2025,Pending,10470.84
14082,14082,14082,6,24-08-2025,NA,14938.8
14083,14083,14083,6,19-09-2024,NA,12099.93
14084,14084,14084,10,22-02-2024,Completed,3437.24
14085,14085,14085,10,20-06-2025,Completed,3184.45
14086,14086,14086,2,07-10-2024,Cancelled,7126.57
14087,14087,14087,2,16-02-2026,Pending,11001.75
14088,14088,14088,5,08-03-2026,Cancelled,12369.11
14089,14089,14089,1,29-11-2025,Pending,12176.9
14090,14090,14090,4,19-05-2025,Pending,5604.04
14091,14091,14091,10,24-03-2025,Completed,14687.5
14092,14092,14092,5,28-08-2025,NA,3938.65
14093,14093,14093,9,13-04-2026,Pending,7696.65
14094,14094,14094,2,17-05-2023,Pending,12122.72
14095,14095,14095,4,14-10-2023,Completed,7815.78
14096,14096,14096,7,25-07-2024,Completed,12161.16
14097,14097,14097,3,22-08-2025,Pending,4023.77
14098,14098,14098,2,16-11-2024,Completed,4744.93
14099,14099,14099,3,12-09-2023,Completed,7323.79
14100,14100,14100,2,14-12-2025,Completed,4041.58
14101,14101,14101,4,04-05-2026,NA,3070.67
14102,14102,14102,-2,08-06-2023,Cancelled,12408.5
14103,14103,14103,0,20-10-2025,Cancelled,6273.87
14104,14104,14104,3,21-07-2024,Pending,8762.73
14105,14105,14105,9,10-09-2025,Cancelled,4712.2
14106,14106,14106,0,11-09-2023,NA,343.11
14107,14107,14107,3,27-12-2023,Cancelled,167.8
14108,14108,14108,0,30-07-2024,NA,11450.81
14109,14109,14109,6,16-03-2024,NA,9740.85
14110,14110,14110,8,20-04-2024,Completed,8497.38
14111,14111,14111,9,22-12-2025,Completed,3006
14112,14112,14112,10,24-08-2023,NA,7273.18
14113,14113,14113,5,17-03-2024,Cancelled,655.63
14114,14114,14114,8,27-01-2024,Completed,6255.66
14115,14115,14115,10,25-09-2025,Cancelled,12018.38
14116,14116,14116,2,06-04-2026,NA,2203.51
14117,14117,14117,7,23-04-2024,Completed,4815.15
14118,14118,14118,-2,06-12-2024,Pending,979.57
14119,14119,14119,9,17-05-2023,NA,4057.97
14120,14120,14120,1,01-10-2023,NA,14474.8
14121,14121,14121,-2,14-07-2024,Pending,13426.33
14122,14122,14122,2,26-08-2025,Completed,12799.3
14123,14123,14123,-2,29-11-2024,Cancelled,1190.49
14124,14124,14124,1,15-03-2026,Pending,707.75
14125,14125,14125,10,10-07-2024,NA,10096.49
14126,14126,14126,4,20-07-2023,Completed,10679.58
14127,14127,14127,-2,29-08-2023,Pending,7273.52
14128,14128,14128,4,30-11-2025,Cancelled,5147.69
14129,14129,14129,7,07-04-2026,Completed,8991.4
14130,14130,14130,3,10-09-2024,NA,5663.36
14131,14131,14131,8,13-10-2025,Pending,3538.43
14132,14132,14132,1,04-01-2025,Pending,4124.61
14133,14133,14133,4,16-02-2025,Completed,13568.94
14134,14134,14134,-2,28-09-2025,NA,643.34
14135,14135,14135,2,07-08-2024,Cancelled,0
14136,14136,14136,5,08-05-2023,Pending,6879.79
14137,14137,14137,4,22-11-2025,Completed,14179.86
14138,14138,14138,-2,31-03-2026,NA,13579.56
14139,14139,14139,2,24-02-2024,Pending,12971.85
14140,14140,14140,5,24-09-2025,NA,2767.54
14141,14141,14141,0,04-04-2024,Completed,2396.53
14142,14142,14142,2,14-06-2025,Pending,5220.78
14143,14143,14143,9,25-09-2023,Cancelled,4914.79
14144,14144,14144,8,25-09-2025,Completed,11801.37
14145,14145,14145,5,07-09-2024,Cancelled,10765.27
14146,14146,14146,1,06-08-2024,Cancelled,7596.49
14147,14147,14147,8,02-01-2025,Pending,2527.89
14148,14148,14148,4,17-05-2023,Pending,8031.85
14149,14149,14149,2,06-03-2024,Cancelled,7276.28
14150,14150,14150,2,26-03-2025,NA,2348.07
14151,14151,14151,4,10-11-2023,Cancelled,13618
14152,14152,14152,6,29-07-2023,Completed,4572.25
14153,14153,14153,4,03-04-2025,Pending,8498.6
14154,14154,14154,10,22-01-2026,Pending,8699.45
14155,14155,14155,0,22-10-2023,Completed,13147.17
14156,14156,14156,8,04-07-2024,Completed,1312.17
14157,14157,14157,9,09-03-2026,Pending,3396.41
14158,14158,14158,2,05-06-2024,Cancelled,0
14159,14159,14159,8,21-09-2024,Completed,13849.59
14160,14160,14160,7,01-04-2026,Pending,8861.44
14161,14161,14161,6,10-04-2026,NA,9258.82
14162,14162,14162,9,15-01-2024,Completed,10779.89
14163,14163,14163,8,01-11-2025,Cancelled,745.4
14164,14164,14164,8,14-06-2025,Completed,7418.27
14165,14165,14165,0,25-08-2023,Pending,8065.59
14166,14166,14166,2,08-04-2024,Cancelled,4777.22
14167,14167,14167,10,20-04-2026,Completed,0
14168,14168,14168,0,28-01-2024,Pending,9104.78
14169,14169,14169,10,06-04-2024,Cancelled,9747.27
14170,14170,14170,0,18-04-2026,Completed,9023.31
14171,14171,14171,8,26-11-2024,Cancelled,13099.02
14172,14172,14172,5,09-06-2023,Completed,5901.66
14173,14173,14173,-2,29-03-2026,Completed,1849.67
14174,14174,14174,7,24-08-2025,Pending,9039.65
14175,14175,14175,8,21-05-2024,Completed,575.45
14176,14176,14176,10,18-11-2024,NA,12530.72
14177,14177,14177,9,18-02-2024,Cancelled,10440.78
14178,14178,14178,0,10-09-2023,Completed,1109.19
14179,14179,14179,-2,02-02-2026,Completed,4300.1
14180,14180,14180,5,12-10-2025,NA,2285.91
14181,14181,14181,4,12-08-2025,Completed,6269.08
14182,14182,14182,4,22-11-2023,Pending,6429.75
14183,14183,14183,4,25-12-2025,Completed,8936.31
14184,14184,14184,-2,16-01-2025,Completed,6224.2
14185,14185,14185,10,04-05-2024,Completed,10432.7
14186,14186,14186,7,31-12-2023,Cancelled,4770.92
14187,14187,14187,5,07-03-2026,Completed,9561.85
14188,14188,14188,10,10-11-2025,Pending,3158.02
14189,14189,14189,6,03-01-2024,Completed,11522.99
14190,14190,14190,4,12-07-2025,Pending,8910.91
14191,14191,14191,0,20-03-2026,Cancelled,7160.59
14192,14192,14192,7,11-09-2025,Cancelled,5588.84
14193,14193,14193,3,23-03-2026,Completed,7213.35
14194,14194,14194,0,09-01-2024,Completed,14731.08
14195,14195,14195,6,31-05-2025,Pending,14226.46
14196,14196,14196,6,13-01-2025,Completed,2491.74
14197,14197,14197,0,11-01-2024,Completed,14097.08
14198,14198,14198,1,21-06-2024,Pending,5307.39
14199,14199,14199,7,21-03-2026,Cancelled,10521.71
14200,14200,14200,9,16-11-2024,NA,7229.6
14201,14201,14201,4,22-02-2025,Pending,2684.55
14202,14202,14202,10,26-10-2024,NA,9125.45
14203,14203,14203,4,19-05-2023,Completed,9483.33
14204,14204,14204,0,18-03-2026,Completed,3010.58
14205,14205,14205,9,20-04-2026,NA,10989.86
14206,14206,14206,3,24-09-2023,Completed,12607.05
14207,14207,14207,-2,23-08-2025,Pending,2056.46
14208,14208,14208,4,05-05-2024,Completed,14098.2
14209,14209,14209,4,24-05-2025,NA,9070.85
14210,14210,14210,10,27-03-2025,Cancelled,2475.42
14211,14211,14211,2,20-09-2024,Completed,5904.16
14212,14212,14212,8,24-03-2026,Cancelled,2986.1
14213,14213,14213,-2,26-11-2023,Completed,8916.75
14214,14214,14214,-2,10-01-2026,Completed,8457.88
14215,14215,14215,6,23-02-2024,Completed,3025.27
14216,14216,14216,4,26-12-2024,Completed,6205.72
14217,14217,14217,7,30-05-2025,Completed,10017.56
14218,14218,14218,4,11-09-2025,Completed,10909.04
14219,14219,14219,3,30-04-2026,Pending,11722.85
14220,14220,14220,-2,17-10-2025,NA,2627.52
14221,14221,14221,0,05-02-2025,Cancelled,0
14222,14222,14222,2,18-03-2026,NA,3793.27
14223,14223,14223,5,14-12-2025,Pending,12521.67
14224,14224,14224,9,05-03-2025,NA,1352.94
14225,14225,14225,5,06-02-2024,Cancelled,8870.87
14226,14226,14226,-2,25-07-2023,Pending,14264.52
14227,14227,14227,3,04-01-2026,Cancelled,11244.75
14228,14228,14228,7,08-06-2023,NA,4914.55
14229,14229,14229,10,10-05-2023,NA,246.15
14230,14230,14230,10,22-03-2024,Completed,2533.87
14231,14231,14231,1,05-12-2023,NA,8610.85
14232,14232,14232,6,10-06-2023,Completed,12832.06
14233,14233,14233,8,23-08-2023,Completed,14933.18
14234,14234,14234,3,26-12-2024,Pending,795.64
14235,14235,14235,1,04-04-2025,Completed,3622.48
14236,14236,14236,8,08-12-2025,Pending,9323.56
14237,14237,14237,10,11-12-2025,NA,11879.73
14238,14238,14238,6,29-08-2024,Completed,4509.39
14239,14239,14239,7,16-07-2024,Pending,93.2
14240,14240,14240,-2,02-11-2024,NA,6021.86
14241,14241,14241,3,04-08-2024,Completed,8274.27
14242,14242,14242,10,12-02-2024,Cancelled,3075.53
14243,14243,14243,7,21-12-2023,Pending,8109.85
14244,14244,14244,7,19-08-2025,Cancelled,7066.53
14245,14245,14245,1,03-10-2023,Pending,1022.92
14246,14246,14246,2,26-09-2023,Completed,7769.61
14247,14247,14247,1,18-04-2025,NA,2607.62
14248,14248,14248,3,04-10-2024,Cancelled,0
14249,14249,14249,0,18-06-2024,Cancelled,3979.38
14250,14250,14250,-2,22-01-2026,Cancelled,8111.34
14251,14251,14251,6,28-08-2025,Pending,8273.54
14252,14252,14252,1,02-08-2025,Cancelled,8826.93
14253,14253,14253,7,08-11-2025,Pending,9166.66
14254,14254,14254,6,01-10-2024,Completed,1931.54
14255,14255,14255,1,19-12-2024,Completed,1376.18
14256,14256,14256,2,01-04-2025,Completed,4126.48
14257,14257,14257,4,18-10-2023,Completed,4847.81
14258,14258,14258,2,24-01-2026,Completed,3314.41
14259,14259,14259,5,29-05-2025,Completed,6917.35
14260,14260,14260,8,26-12-2024,Completed,3443.89
14261,14261,14261,10,10-02-2026,Completed,9014.96
14262,14262,14262,5,19-06-2024,Pending,6113.16
14263,14263,14263,-2,09-05-2023,Cancelled,12627.28
14264,14264,14264,7,05-03-2024,Completed,4673.33
14265,14265,14265,7,05-08-2025,NA,13354.09
14266,14266,14266,4,28-08-2023,NA,3397.73
14267,14267,14267,2,27-02-2024,Pending,12428.71
14268,14268,14268,5,04-11-2024,Pending,1981.83
14269,14269,14269,6,05-11-2025,Pending,5130.8
14270,14270,14270,1,21-06-2025,NA,3804.9
14271,14271,14271,4,06-06-2023,Completed,669.95
14272,14272,14272,10,12-11-2024,Pending,12913.29
14273,14273,14273,9,19-11-2024,Completed,11749.02
14274,14274,14274,10,11-04-2026,Pending,4488
14275,14275,14275,4,13-01-2026,Cancelled,0
14276,14276,14276,3,20-09-2024,NA,7539.72
14277,14277,14277,3,18-06-2024,NA,3970.72
14278,14278,14278,1,16-08-2024,Completed,10476.97
14279,14279,14279,10,07-12-2023,Completed,11104.51
14280,14280,14280,4,31-12-2023,Cancelled,2628.14
14281,14281,14281,4,10-12-2025,Cancelled,0
14282,14282,14282,1,11-07-2024,Completed,1908.08
14283,14283,14283,4,10-05-2025,NA,11046.23
14284,14284,14284,9,23-02-2025,Cancelled,2815.96
14285,14285,14285,2,25-04-2025,Pending,12525.83
14286,14286,14286,8,28-01-2025,Completed,13042.56
14287,14287,14287,2,19-04-2026,Completed,6010.8
14288,14288,14288,5,25-11-2024,Completed,4120.91
14289,14289,14289,2,18-12-2024,NA,3335.49
14290,14290,14290,8,02-03-2025,Cancelled,14178.81
14291,14291,14291,8,09-07-2024,Pending,14424.32
14292,14292,14292,-2,06-06-2023,Completed,6937.13
14293,14293,14293,4,19-05-2023,NA,10554.73
14294,14294,14294,10,04-05-2026,Pending,12798.04
14295,14295,14295,0,28-12-2025,NA,14962.6
14296,14296,14296,4,04-10-2024,Completed,7401.46
14297,14297,14297,0,27-05-2025,Pending,6778.26
14298,14298,14298,9,15-12-2023,Pending,9824.2
14299,14299,14299,10,21-05-2025,Pending,3245.71
14300,14300,14300,7,17-04-2026,Completed,10868.22
14301,14301,14301,4,22-07-2023,Completed,6923
14302,14302,14302,4,06-12-2023,Pending,10820.42
14303,14303,14303,2,04-03-2025,NA,6126.76
14304,14304,14304,6,22-04-2024,Completed,12560.56
14305,14305,14305,10,13-09-2024,Completed,3033.2
14306,14306,14306,4,14-10-2023,NA,3863.83
14307,14307,14307,4,29-12-2023,NA,4200.15
14308,14308,14308,2,08-03-2024,Completed,11033.04
14309,14309,14309,2,25-05-2023,Cancelled,1959.19
14310,14310,14310,4,10-09-2024,Cancelled,14619.74
14311,14311,14311,4,18-12-2024,NA,4903.25
14312,14312,14312,5,25-08-2024,NA,5245.45
14313,14313,14313,0,01-05-2025,Completed,0
14314,14314,14314,2,02-05-2024,NA,5038.07
14315,14315,14315,9,17-08-2023,Completed,8115.42
14316,14316,14316,3,27-09-2024,Completed,10186.96
14317,14317,14317,4,28-02-2024,Completed,7737.76
14318,14318,14318,-2,25-08-2025,Completed,2355.63
14319,14319,14319,0,13-03-2025,Completed,10366.84
14320,14320,14320,7,07-06-2025,Cancelled,14368.67
14321,14321,14321,8,11-02-2026,Cancelled,3218.98
14322,14322,14322,9,27-08-2025,Cancelled,0
14323,14323,14323,5,27-11-2025,NA,9783.56
14324,14324,14324,7,06-07-2024,Cancelled,3385.33
14325,14325,14325,0,30-10-2024,Cancelled,12819.61
14326,14326,14326,4,18-09-2023,Cancelled,10987.8
14327,14327,14327,9,10-04-2026,Pending,12094.47
14328,14328,14328,6,19-07-2025,Pending,5133.97
14329,14329,14329,7,04-10-2024,Pending,7323.83
14330,14330,14330,4,05-11-2024,Completed,191.4
14331,14331,14331,1,21-02-2025,NA,14295.32
14332,14332,14332,9,15-01-2026,Pending,14913.92
14333,14333,14333,9,29-01-2025,NA,3236.79
14334,14334,14334,9,17-12-2023,Completed,9257.58
14335,14335,14335,10,17-08-2024,Completed,10070
14336,14336,14336,0,25-11-2024,Cancelled,8159.07
14337,14337,14337,4,05-07-2024,Completed,8622.3
14338,14338,14338,-2,02-12-2025,NA,14458.55
14339,14339,14339,8,23-11-2025,NA,2557.93
14340,14340,14340,4,16-09-2024,Completed,10244.25
14341,14341,14341,10,13-11-2025,Cancelled,10841.79
14342,14342,14342,4,10-06-2024,Completed,4982.53
14343,14343,14343,7,08-02-2025,NA,6446.92
14344,14344,14344,3,15-05-2025,NA,11190.44
14345,14345,14345,4,08-07-2023,Pending,3651.95
14346,14346,14346,-2,24-06-2023,NA,11840.56
14347,14347,14347,-2,17-07-2025,Pending,3717.66
14348,14348,14348,1,29-07-2023,Completed,7418.48
14349,14349,14349,4,10-02-2026,NA,2085.14
14350,14350,14350,-2,12-11-2025,Completed,11228.9
14351,14351,14351,-2,06-08-2025,Cancelled,10412.44
14352,14352,14352,1,26-03-2024,Pending,12417.62
14353,14353,14353,0,15-02-2024,Completed,1323.22
14354,14354,14354,5,29-12-2023,Pending,0
14355,14355,14355,7,28-07-2025,NA,1510.05
14356,14356,14356,8,30-04-2026,Completed,1523.19
14357,14357,14357,5,22-10-2023,Pending,7845.11
14358,14358,14358,9,31-10-2024,Pending,11464.18
14359,14359,14359,5,13-03-2026,Cancelled,4921.35
14360,14360,14360,6,24-05-2025,Cancelled,5189.28
14361,14361,14361,2,07-03-2025,NA,0
14362,14362,14362,6,23-01-2025,Pending,0
14363,14363,14363,5,05-04-2026,Cancelled,982.3
14364,14364,14364,4,18-10-2024,NA,0
14365,14365,14365,4,04-04-2024,Cancelled,4517.87
14366,14366,14366,4,22-03-2025,Pending,7228.41
14367,14367,14367,8,02-07-2024,Completed,5196.6
14368,14368,14368,3,28-12-2023,NA,123.48
14369,14369,14369,10,25-09-2024,Completed,13628.08
14370,14370,14370,0,26-07-2025,Completed,6945.19
14371,14371,14371,10,15-10-2025,Completed,11843.41
14372,14372,14372,-2,11-02-2024,Completed,0
14373,14373,14373,1,09-09-2025,Completed,1560.01
14374,14374,14374,9,04-08-2025,Completed,12007.22
14375,14375,14375,0,11-09-2025,NA,6248.44
14376,14376,14376,8,21-01-2026,Completed,14750.02
14377,14377,14377,3,16-09-2023,Completed,13246.29
14378,14378,14378,2,11-05-2023,Cancelled,8087.97
14379,14379,14379,8,12-09-2023,Completed,8185.38
14380,14380,14380,-2,18-09-2023,Cancelled,11434.05
14381,14381,14381,0,04-03-2025,Completed,12283.15
14382,14382,14382,7,01-02-2025,NA,4927.64
14383,14383,14383,0,13-04-2024,Cancelled,1913.7
14384,14384,14384,6,11-06-2024,Completed,8559.57
14385,14385,14385,5,25-06-2025,NA,10821.92
14386,14386,14386,-2,06-02-2025,Completed,2606.35
14387,14387,14387,4,10-02-2025,NA,11796.02
14388,14388,14388,0,27-04-2026,Cancelled,7712.56
14389,14389,14389,10,16-03-2025,Completed,0
14390,14390,14390,4,30-12-2025,Completed,5274.17
14391,14391,14391,1,05-09-2023,NA,8871.25
14392,14392,14392,7,15-11-2024,Completed,14089.9
14393,14393,14393,6,23-04-2026,Completed,4390.01
14394,14394,14394,9,17-04-2025,Pending,524.03
14395,14395,14395,3,18-04-2024,Completed,6248.07
14396,14396,14396,6,16-05-2024,Cancelled,13906.34
14397,14397,14397,9,20-01-2025,Pending,10557.06
14398,14398,14398,10,14-02-2024,Pending,5596.07
14399,14399,14399,0,17-11-2023,NA,7018.17
14400,14400,14400,8,28-03-2026,NA,10189.92
14401,14401,14401,9,31-07-2025,Completed,12292.1
14402,14402,14402,3,05-08-2023,Completed,11736.71
14403,14403,14403,5,02-07-2023,Pending,574.72
14404,14404,14404,2,04-07-2024,Pending,594.06
14405,14405,14405,0,02-09-2023,NA,14898.31
14406,14406,14406,6,18-08-2024,Completed,14223.93
14407,14407,14407,3,09-06-2023,Completed,8680.18
14408,14408,14408,1,09-11-2023,NA,1523.48
14409,14409,14409,9,12-01-2024,Completed,4042.62
14410,14410,14410,-2,22-01-2025,Completed,11051.14
14411,14411,14411,5,04-09-2025,Completed,13885.9
14412,14412,14412,6,05-08-2023,Cancelled,13273.49
14413,14413,14413,0,20-06-2023,Completed,10978.06
14414,14414,14414,1,23-09-2025,Cancelled,14063.24
14415,14415,14415,4,20-09-2024,Pending,3495.38
14416,14416,14416,7,19-05-2025,Pending,6725.17
14417,14417,14417,10,23-03-2026,Cancelled,11199.67
14418,14418,14418,5,24-01-2026,NA,9797.54
14419,14419,14419,2,13-11-2023,Pending,9439.52
14420,14420,14420,2,16-02-2025,Cancelled,3731.87
14421,14421,14421,5,05-03-2024,Completed,3357.7
14422,14422,14422,2,13-07-2024,Pending,1653.69
14423,14423,14423,5,29-03-2026,Pending,12592.18
14424,14424,14424,8,28-04-2024,Cancelled,2959.97
14425,14425,14425,4,09-04-2025,Completed,3288.01
14426,14426,14426,4,22-04-2026,Pending,14730.79
14427,14427,14427,9,27-11-2023,NA,4415.42
14428,14428,14428,-2,23-10-2023,Completed,8959.34
14429,14429,14429,-2,09-12-2025,Pending,14796.06
14430,14430,14430,10,14-02-2026,Cancelled,13523.74
14431,14431,14431,6,14-05-2023,Completed,4622.31
14432,14432,14432,3,27-09-2024,Completed,8567.14
14433,14433,14433,9,28-10-2025,Cancelled,2719.89
14434,14434,14434,4,04-09-2023,Completed,7796.2
14435,14435,14435,3,03-05-2025,Completed,9532.16
14436,14436,14436,7,24-09-2023,NA,4349.18
14437,14437,14437,3,09-04-2024,Completed,14720.79
14438,14438,14438,1,28-07-2023,Pending,7606.22
14439,14439,14439,9,18-06-2023,NA,12106.77
14440,14440,14440,6,20-08-2024,NA,2544.46
14441,14441,14441,3,26-12-2024,Completed,12757.59
14442,14442,14442,9,05-01-2024,Cancelled,2421.39
14443,14443,14443,10,14-12-2024,NA,12804
14444,14444,14444,0,05-08-2023,NA,0
14445,14445,14445,7,09-11-2023,Cancelled,478.81
14446,14446,14446,2,25-10-2023,Completed,4069.11
14447,14447,14447,10,29-09-2024,NA,0
14448,14448,14448,5,30-03-2025,Completed,3540.84
14449,14449,14449,7,12-02-2026,Cancelled,11964.3
14450,14450,14450,5,26-07-2024,Completed,10538.63
14451,14451,14451,-2,25-10-2023,Pending,7444.49
14452,14452,14452,2,18-03-2024,Completed,3078.15
14453,14453,14453,2,14-10-2025,Completed,14019.82
14454,14454,14454,1,14-02-2025,Completed,2258.42
14455,14455,14455,3,17-02-2025,Pending,9633.71
14456,14456,14456,10,14-07-2025,Pending,1031.13
14457,14457,14457,2,08-02-2025,Pending,9514.42
14458,14458,14458,2,23-12-2024,Cancelled,13075.17
14459,14459,14459,8,25-09-2025,Completed,4520.11
14460,14460,14460,9,04-12-2023,NA,13529.59
14461,14461,14461,4,12-09-2024,Cancelled,2943.71
14462,14462,14462,4,26-07-2025,NA,10310.41
14463,14463,14463,10,12-11-2024,NA,467.33
14464,14464,14464,9,22-07-2025,Completed,6085.56
14465,14465,14465,9,20-06-2025,Pending,9494.17
14466,14466,14466,8,18-10-2023,Completed,6224.54
14467,14467,14467,0,27-06-2025,NA,12045.01
14468,14468,14468,4,10-03-2026,Cancelled,515.35
14469,14469,14469,0,10-03-2026,Completed,4254.01
14470,14470,14470,3,25-12-2025,Completed,0
14471,14471,14471,9,09-06-2025,Pending,12561.48
14472,14472,14472,9,11-06-2024,Cancelled,4718.4
14473,14473,14473,2,08-12-2024,Completed,14278.97
14474,14474,14474,7,06-11-2024,Pending,8599.18
14475,14475,14475,4,17-02-2025,Pending,14784.65
14476,14476,14476,0,04-09-2023,NA,3562.7
14477,14477,14477,9,06-11-2023,Pending,2848.69
14478,14478,14478,0,30-11-2024,Pending,8155.31
14479,14479,14479,3,16-11-2023,Completed,14631.29
14480,14480,14480,1,27-12-2024,Completed,14897.63
14481,14481,14481,6,21-02-2024,Completed,7405.88
14482,14482,14482,3,30-05-2025,NA,3632.56
14483,14483,14483,2,24-04-2025,Pending,2429.52
14484,14484,14484,6,21-07-2025,Cancelled,9895.8
14485,14485,14485,4,23-02-2025,Completed,1236.65
14486,14486,14486,8,06-03-2025,Completed,9022.13
14487,14487,14487,7,07-11-2023,Completed,1707.89
14488,14488,14488,4,08-07-2025,Pending,12297.46
14489,14489,14489,4,03-10-2023,Cancelled,10504.13
14490,14490,14490,2,10-04-2025,Pending,13547.31
14491,14491,14491,4,23-05-2023,Completed,590.67
14492,14492,14492,3,01-08-2024,NA,3516.8
14493,14493,14493,2,07-03-2025,Completed,4264.34
14494,14494,14494,-2,12-05-2023,NA,11485.32
14495,14495,14495,8,02-12-2023,Cancelled,3182.98
14496,14496,14496,0,07-08-2023,Completed,12342.39
14497,14497,14497,1,05-05-2024,Completed,1922.44
14498,14498,14498,7,29-12-2024,Completed,14883.5
14499,14499,14499,10,24-08-2024,Completed,0
14500,14500,14500,3,25-11-2023,Completed,1310.21
14501,14501,14501,2,19-07-2025,NA,6827.23
14502,14502,14502,3,30-03-2025,Completed,13127.9
14503,14503,14503,9,10-03-2026,NA,4510.82
14504,14504,14504,9,15-10-2023,Cancelled,5906.45
14505,14505,14505,3,08-10-2025,Completed,11555.29
14506,14506,14506,10,05-11-2023,Completed,14449.99
14507,14507,14507,9,26-09-2024,NA,10886.37
14508,14508,14508,4,10-07-2023,Completed,5439.7
14509,14509,14509,4,17-02-2026,NA,5351.37
14510,14510,14510,2,21-08-2024,NA,8553.05
14511,14511,14511,6,02-08-2023,Pending,9799.34
14512,14512,14512,6,08-03-2026,Completed,7331.42
14513,14513,14513,4,12-03-2025,Completed,4326.13
14514,14514,14514,10,29-05-2023,Pending,7089.03
14515,14515,14515,3,03-03-2025,Completed,65.2
14516,14516,14516,3,27-10-2025,Completed,14833.12
14517,14517,14517,4,03-12-2025,Cancelled,10647.73
14518,14518,14518,2,17-04-2026,Completed,4477.52
14519,14519,14519,4,19-03-2025,Pending,10862.61
14520,14520,14520,1,14-10-2024,Completed,1557.97
14521,14521,14521,10,28-05-2024,Pending,9475.56
14522,14522,14522,3,10-10-2023,Completed,0
14523,14523,14523,7,22-12-2025,Cancelled,4703.38
14524,14524,14524,-2,15-10-2023,Completed,4765.42
14525,14525,14525,1,14-07-2024,Completed,2967.16
14526,14526,14526,10,02-08-2025,Cancelled,4474.09
14527,14527,14527,2,02-05-2024,NA,6183.73
14528,14528,14528,4,27-03-2025,Cancelled,1764.26
14529,14529,14529,2,21-01-2026,NA,2811.48
14530,14530,14530,5,26-05-2023,NA,9492.92
14531,14531,14531,9,27-04-2026,Cancelled,14654.78
14532,14532,14532,10,27-05-2024,NA,2737.19
14533,14533,14533,3,29-02-2024,Cancelled,11446.94
14534,14534,14534,7,16-04-2024,Completed,11692.15
14535,14535,14535,7,31-05-2024,Completed,5680
14536,14536,14536,0,05-11-2024,Cancelled,9710.41
14537,14537,14537,2,01-12-2025,Completed,6013.31
14538,14538,14538,1,21-02-2025,Completed,10867.04
14539,14539,14539,8,09-07-2023,Completed,6549.69
14540,14540,14540,2,06-01-2026,Pending,136.88
14541,14541,14541,3,29-10-2023,Pending,12098.42
14542,14542,14542,-2,06-06-2025,NA,2186.95
14543,14543,14543,-2,04-11-2025,Completed,13534.31
14544,14544,14544,8,30-11-2023,Completed,6041.24
14545,14545,14545,9,11-12-2023,Cancelled,8496.76
14546,14546,14546,10,30-11-2024,Completed,2550.95
14547,14547,14547,10,16-04-2025,Cancelled,11487.88
14548,14548,14548,2,24-01-2024,NA,0
14549,14549,14549,7,27-09-2023,NA,11123.3
14550,14550,14550,3,09-07-2024,Completed,10603.13
14551,14551,14551,5,07-12-2025,Cancelled,14288.8
14552,14552,14552,7,07-11-2024,NA,11277.33
14553,14553,14553,1,09-04-2026,Pending,146.33
14554,14554,14554,4,19-10-2023,Pending,10353.17
14555,14555,14555,-2,12-07-2024,Completed,6517.5
14556,14556,14556,3,17-06-2024,Pending,4395.47
14557,14557,14557,1,30-07-2025,Pending,2254.42
14558,14558,14558,10,18-04-2024,NA,14094.77
14559,14559,14559,8,15-12-2023,Completed,12509.81
14560,14560,14560,7,20-09-2025,Cancelled,8109.98
14561,14561,14561,1,13-12-2023,Pending,9745.34
14562,14562,14562,1,16-04-2026,Completed,3521.49
14563,14563,14563,5,27-03-2026,Completed,11072.7
14564,14564,14564,7,13-08-2025,Completed,12193.28
14565,14565,14565,6,08-04-2024,NA,0
14566,14566,14566,7,09-08-2024,Completed,3297.7
14567,14567,14567,2,03-01-2026,Pending,2939.71
14568,14568,14568,6,21-09-2025,Completed,4932.46
14569,14569,14569,3,16-02-2024,Completed,7104.95
14570,14570,14570,6,15-12-2024,Completed,7145.89
14571,14571,14571,4,15-12-2024,NA,4527.83
14572,14572,14572,1,04-03-2026,NA,12594.19
14573,14573,14573,9,20-09-2025,Completed,13754.09
14574,14574,14574,9,26-11-2023,Cancelled,10330.08
14575,14575,14575,2,06-05-2023,NA,11936.15
14576,14576,14576,2,14-04-2025,Cancelled,501.01
14577,14577,14577,8,13-04-2026,Cancelled,2066.7
14578,14578,14578,9,17-07-2025,NA,598.17
14579,14579,14579,4,26-02-2024,NA,14415.24
14580,14580,14580,9,30-12-2023,Cancelled,14073.45
14581,14581,14581,3,22-08-2024,NA,9241.72
14582,14582,14582,4,28-05-2025,Completed,12979.94
14583,14583,14583,6,18-12-2025,Cancelled,11736.49
14584,14584,14584,0,25-04-2026,Pending,0
14585,14585,14585,9,10-11-2025,Pending,8468.28
14586,14586,14586,8,11-02-2025,Completed,14146.05
14587,14587,14587,6,10-02-2025,Pending,4087.65
14588,14588,14588,-2,10-05-2023,Completed,174.66
14589,14589,14589,1,01-01-2024,Cancelled,5896.87
14590,14590,14590,4,30-10-2023,Pending,12937.69
14591,14591,14591,5,25-08-2023,Cancelled,2455.06
14592,14592,14592,0,06-12-2025,Completed,14191.75
14593,14593,14593,4,01-05-2024,Completed,0
14594,14594,14594,6,07-09-2024,Completed,6985.88
14595,14595,14595,4,04-03-2026,Completed,9480.09
14596,14596,14596,9,20-04-2025,NA,2511.24
14597,14597,14597,9,14-04-2026,NA,13552.77
14598,14598,14598,3,30-07-2023,Completed,8609.83
14599,14599,14599,0,23-05-2025,Completed,9926.44
14600,14600,14600,9,25-11-2023,NA,3438.34
14601,14601,14601,4,26-05-2024,Completed,12707.3
14602,14602,14602,6,26-03-2026,NA,6867.59
14603,14603,14603,10,09-03-2024,Completed,10918.36
14604,14604,14604,1,07-08-2024,Completed,2669.56
14605,14605,14605,8,29-08-2024,Pending,3124.48
14606,14606,14606,10,07-02-2026,Cancelled,8700.45
14607,14607,14607,3,25-02-2024,Completed,7348.37
14608,14608,14608,-2,30-04-2026,NA,2208.97
14609,14609,14609,5,12-08-2023,Completed,0
14610,14610,14610,9,24-02-2026,Completed,9263.22
14611,14611,14611,-2,01-08-2025,Cancelled,484.54
14612,14612,14612,8,01-06-2025,NA,8013.81
14613,14613,14613,3,15-11-2024,Completed,3352.41
14614,14614,14614,9,16-09-2025,Completed,605.71
14615,14615,14615,4,20-04-2024,Pending,6976.59
14616,14616,14616,2,23-04-2025,Pending,272.39
14617,14617,14617,3,14-11-2023,Cancelled,6178.58
14618,14618,14618,5,19-02-2024,Pending,1269.84
14619,14619,14619,9,08-11-2025,NA,6139.39
14620,14620,14620,8,01-09-2023,Completed,6521.64
14621,14621,14621,3,10-03-2024,Cancelled,4990
14622,14622,14622,2,17-12-2024,Completed,13080.79
14623,14623,14623,10,30-01-2026,Cancelled,10192.89
14624,14624,14624,0,08-05-2025,Cancelled,8946.51
14625,14625,14625,4,11-01-2026,Cancelled,1388.9
14626,14626,14626,2,23-08-2024,Pending,6934.48
14627,14627,14627,8,29-07-2023,Completed,8833.23
14628,14628,14628,7,26-04-2024,Cancelled,12021.27
14629,14629,14629,4,24-08-2025,Completed,5026.75
14630,14630,14630,10,14-09-2023,Pending,6293.52
14631,14631,14631,3,21-10-2025,Completed,9583.31
14632,14632,14632,8,31-05-2024,NA,11042.99
14633,14633,14633,8,23-06-2023,Completed,11739.61
14634,14634,14634,4,17-03-2024,Completed,5424.37
14635,14635,14635,3,06-08-2024,NA,8516.47
14636,14636,14636,9,14-04-2026,NA,6713.98
14637,14637,14637,4,31-12-2025,Cancelled,13234.46
14638,14638,14638,1,10-05-2024,Completed,8021.62
14639,14639,14639,5,19-04-2025,Completed,2288.34
14640,14640,14640,9,09-10-2025,Completed,4033.85
14641,14641,14641,0,01-10-2025,Completed,6225.8
14642,14642,14642,0,12-03-2025,Completed,5341.95
14643,14643,14643,-2,20-07-2024,Cancelled,49.44
14644,14644,14644,7,17-06-2025,NA,4446.35
14645,14645,14645,0,25-11-2025,Completed,924.04
14646,14646,14646,5,02-07-2023,Completed,5573.82
14647,14647,14647,6,21-05-2023,Completed,10460.31
14648,14648,14648,3,23-01-2024,NA,8891.05
14649,14649,14649,4,05-09-2025,Pending,7556.27
14650,14650,14650,10,30-10-2023,NA,12625.51
14651,14651,14651,7,06-12-2024,Cancelled,4841.06
14652,14652,14652,4,25-02-2025,Pending,11890.97
14653,14653,14653,9,03-12-2024,Completed,12704.44
14654,14654,14654,8,30-08-2025,Completed,301.03
14655,14655,14655,9,13-11-2023,Cancelled,10278.11
14656,14656,14656,4,16-04-2026,Completed,5850.23
14657,14657,14657,0,31-12-2025,Pending,4465.28
14658,14658,14658,-2,12-09-2024,NA,9414
14659,14659,14659,3,13-11-2025,Pending,8470.4
14660,14660,14660,4,30-04-2024,Pending,13052.23
14661,14661,14661,1,04-02-2025,Cancelled,13003.19
14662,14662,14662,3,21-10-2025,Pending,5476.26
14663,14663,14663,10,09-12-2024,NA,9158.86
14664,14664,14664,4,22-12-2024,NA,4130.69
14665,14665,14665,1,14-08-2023,Completed,14063.36
14666,14666,14666,4,07-09-2023,Completed,6491.99
14667,14667,14667,0,16-04-2024,Completed,5089.73
14668,14668,14668,4,07-02-2025,Completed,12713.25
14669,14669,14669,10,27-07-2025,Pending,12916.34
14670,14670,14670,-2,27-03-2025,Pending,3811.53
14671,14671,14671,9,20-01-2024,Completed,6379.71
14672,14672,14672,0,21-10-2023,Completed,14825.3
14673,14673,14673,6,21-02-2026,Cancelled,11069.08
14674,14674,14674,3,06-06-2025,Cancelled,3589.17
14675,14675,14675,9,11-02-2024,Pending,9277.61
14676,14676,14676,8,07-09-2025,Completed,7115.56
14677,14677,14677,4,11-02-2026,NA,1603.82
14678,14678,14678,4,12-03-2024,Completed,951.03
14679,14679,14679,7,03-09-2025,Completed,4416.7
14680,14680,14680,1,11-07-2024,Completed,6650.29
14681,14681,14681,9,19-09-2025,Completed,8429.37
14682,14682,14682,1,02-10-2023,Completed,6693.42
14683,14683,14683,-2,26-12-2023,Completed,1049.29
14684,14684,14684,9,30-08-2024,NA,7831.07
14685,14685,14685,1,09-01-2025,Pending,5669.55
14686,14686,14686,5,22-09-2024,Pending,9289.21
14687,14687,14687,4,20-06-2023,NA,12224.68
14688,14688,14688,4,03-09-2024,Pending,7239.46
14689,14689,14689,10,01-05-2025,Completed,10798.67
14690,14690,14690,4,22-05-2023,Completed,13725.75
14691,14691,14691,5,06-01-2025,NA,6469.19
14692,14692,14692,-2,02-04-2024,Completed,5822.56
14693,14693,14693,6,29-03-2025,Pending,2800.83
14694,14694,14694,5,29-03-2024,Pending,1757.9
14695,14695,14695,10,19-10-2023,NA,1314.9
14696,14696,14696,7,26-05-2024,Pending,7642.24
14697,14697,14697,5,13-11-2025,Completed,6859.41
14698,14698,14698,4,02-11-2024,Completed,12420.87
14699,14699,14699,8,01-09-2023,Completed,5021.94
14700,14700,14700,8,14-10-2023,Pending,4096.59
14701,14701,14701,6,22-12-2023,NA,9329.98
14702,14702,14702,6,08-09-2024,Cancelled,10701.19
14703,14703,14703,0,25-05-2023,Pending,8220
14704,14704,14704,10,08-07-2025,Pending,4099.13
14705,14705,14705,1,16-12-2024,Completed,1144.83
14706,14706,14706,4,31-01-2024,Pending,5218.91
14707,14707,14707,7,03-02-2025,NA,4408.03
14708,14708,14708,10,12-01-2026,Cancelled,1509.94
14709,14709,14709,-2,01-08-2023,Pending,1253.89
14710,14710,14710,4,09-10-2024,Completed,239.17
14711,14711,14711,4,30-04-2025,Completed,0
14712,14712,14712,10,03-06-2023,Completed,5163.75
14713,14713,14713,3,04-07-2025,Completed,0
14714,14714,14714,6,07-04-2026,Pending,6923.35
14715,14715,14715,10,17-11-2024,Cancelled,2115.09
14716,14716,14716,-2,06-06-2023,Cancelled,11412.71
14717,14717,14717,3,24-02-2026,Cancelled,14092.4
14718,14718,14718,3,21-05-2023,Cancelled,1868.72
14719,14719,14719,5,11-06-2023,Cancelled,12028.74
14720,14720,14720,4,06-03-2024,NA,4492.17
14721,14721,14721,6,22-10-2024,NA,1155.72
14722,14722,14722,8,04-12-2025,Completed,12434.54
14723,14723,14723,8,19-02-2024,Pending,9693.75
14724,14724,14724,5,13-07-2024,Pending,11526.95
14725,14725,14725,4,26-06-2024,Completed,8407.24
14726,14726,14726,4,02-05-2025,Pending,5759.41
14727,14727,14727,-2,16-12-2025,Cancelled,2980.01
14728,14728,14728,9,27-05-2023,Pending,6373.68
14729,14729,14729,2,04-07-2025,Completed,6117.89
14730,14730,14730,0,14-12-2023,Completed,2185.5
14731,14731,14731,2,25-08-2024,NA,8141.36
14732,14732,14732,2,04-10-2025,Pending,1857.12
14733,14733,14733,7,28-09-2025,Cancelled,13158.4
14734,14734,14734,3,07-11-2023,NA,4056.67
14735,14735,14735,10,13-02-2026,Completed,2609.65
14736,14736,14736,7,27-06-2024,Completed,10921.36
14737,14737,14737,2,28-11-2024,Completed,13233.38
14738,14738,14738,4,23-09-2024,Completed,12136.78
14739,14739,14739,4,17-02-2026,Completed,13827.05
14740,14740,14740,3,01-07-2023,NA,8138.35
14741,14741,14741,0,28-08-2025,Pending,863.94
14742,14742,14742,7,25-06-2025,Completed,9760.44
14743,14743,14743,1,29-06-2024,Completed,8164.6
14744,14744,14744,3,08-12-2025,NA,6073.55
14745,14745,14745,0,27-09-2025,Cancelled,14781.38
14746,14746,14746,3,20-04-2025,Completed,7153.88
14747,14747,14747,7,27-04-2026,Cancelled,9895.84
14748,14748,14748,1,09-07-2025,Pending,4163.29
14749,14749,14749,4,30-11-2024,Completed,12758.19
14750,14750,14750,8,08-11-2023,Completed,13178.61
14751,14751,14751,2,11-10-2023,Completed,11991.29
14752,14752,14752,0,23-01-2025,Completed,0
14753,14753,14753,5,30-09-2025,NA,9082.43
14754,14754,14754,5,01-08-2025,Completed,3459.11
14755,14755,14755,8,02-05-2024,NA,697.52
14756,14756,14756,-2,27-09-2023,Completed,1655.67
14757,14757,14757,6,25-08-2023,Cancelled,4134.75
14758,14758,14758,3,17-01-2026,Pending,8193.98
14759,14759,14759,4,31-05-2024,Cancelled,13768.07
14760,14760,14760,4,26-07-2024,Pending,5074.86
14761,14761,14761,-2,01-12-2023,Completed,10931.04
14762,14762,14762,4,25-09-2025,NA,4882.23
14763,14763,14763,4,23-09-2023,Completed,8069.42
14764,14764,14764,8,10-05-2023,NA,3959.25
14765,14765,14765,4,16-07-2023,Pending,14295.27
14766,14766,14766,6,16-12-2024,Completed,2051.88
14767,14767,14767,8,25-11-2025,NA,13364.93
14768,14768,14768,8,16-02-2026,Completed,8271.2
14769,14769,14769,5,16-03-2024,NA,10579.47
14770,14770,14770,10,17-02-2024,Pending,3733.58
14771,14771,14771,4,31-03-2025,Cancelled,12254.09
14772,14772,14772,4,15-04-2024,NA,4220.82
14773,14773,14773,10,07-01-2026,Completed,13200.41
14774,14774,14774,1,10-08-2025,Completed,11830.83
14775,14775,14775,4,18-10-2024,Completed,4471.98
14776,14776,14776,4,13-05-2024,Cancelled,359.97
14777,14777,14777,8,12-11-2024,Completed,11877.51
14778,14778,14778,4,02-10-2024,Completed,13815.29
14779,14779,14779,0,26-10-2024,Completed,10811.63
14780,14780,14780,3,31-05-2025,Pending,12852.48
14781,14781,14781,6,20-01-2025,Cancelled,0
14782,14782,14782,7,27-08-2025,Pending,628.76
14783,14783,14783,2,15-05-2025,Completed,1116.61
14784,14784,14784,6,14-10-2023,Completed,12641.25
14785,14785,14785,7,01-12-2025,Cancelled,10853.33
14786,14786,14786,4,21-12-2025,NA,12345.96
14787,14787,14787,8,01-06-2024,Completed,3901.56
14788,14788,14788,2,06-03-2026,NA,8805.69
14789,14789,14789,10,05-10-2023,Cancelled,2763.9
14790,14790,14790,6,02-02-2026,Completed,5266.88
14791,14791,14791,-2,15-01-2026,Cancelled,9997.65
14792,14792,14792,4,17-12-2025,Completed,3085.57
14793,14793,14793,0,28-12-2024,Completed,742.3
14794,14794,14794,5,06-05-2025,Pending,6928.27
14795,14795,14795,6,29-08-2024,Completed,5534.41
14796,14796,14796,2,06-12-2023,Completed,10821.78
14797,14797,14797,7,25-06-2025,Completed,2480.89
14798,14798,14798,8,29-06-2023,Completed,5253.76
14799,14799,14799,6,01-07-2023,Cancelled,11393.93
14800,14800,14800,3,15-05-2025,NA,4587.95
14801,14801,14801,10,19-07-2025,Completed,11142.32
14802,14802,14802,-2,15-07-2025,Completed,1717.82
14803,14803,14803,-2,23-05-2025,Completed,12644.17
14804,14804,14804,7,17-01-2024,NA,9157.51
14805,14805,14805,7,23-02-2024,Completed,14716.4
14806,14806,14806,4,12-09-2023,Pending,11648.13
14807,14807,14807,0,12-02-2026,Cancelled,977.72
14808,14808,14808,8,31-07-2024,Pending,7909.11
14809,14809,14809,4,22-10-2023,Completed,0
14810,14810,14810,4,05-02-2025,Completed,13643.55
14811,14811,14811,9,04-06-2025,Completed,4227.09
14812,14812,14812,10,24-12-2023,Completed,14601.97
14813,14813,14813,4,06-05-2025,Completed,8100.48
14814,14814,14814,4,16-03-2025,Completed,9385.87
14815,14815,14815,5,04-06-2024,Completed,10960.94
14816,14816,14816,4,08-03-2025,Cancelled,12017.63
14817,14817,14817,0,29-11-2023,Completed,4499.53
14818,14818,14818,0,21-11-2023,NA,5627.13
14819,14819,14819,-2,10-08-2025,Completed,5142.23
14820,14820,14820,2,15-11-2023,Cancelled,8008.95
14821,14821,14821,6,21-12-2023,Completed,8889.98
14822,14822,14822,5,02-11-2023,Cancelled,6509.42
14823,14823,14823,2,04-01-2025,Completed,4980.73
14824,14824,14824,-2,02-03-2026,Cancelled,10905.37
14825,14825,14825,-2,16-05-2024,Completed,798.02
14826,14826,14826,6,08-01-2025,Completed,4159.99
14827,14827,14827,9,10-02-2025,Completed,14216.47
14828,14828,14828,10,26-10-2024,NA,11290.47
14829,14829,14829,8,31-10-2025,Pending,11727.93
14830,14830,14830,5,30-09-2024,Pending,879.36
14831,14831,14831,10,14-02-2024,NA,4803.81
14832,14832,14832,7,20-09-2023,Completed,8553.34
14833,14833,14833,0,29-11-2023,Completed,8912.96
14834,14834,14834,10,12-12-2023,Cancelled,13036.1
14835,14835,14835,2,19-07-2023,NA,5528.13
14836,14836,14836,-2,18-07-2025,Completed,4706.43
14837,14837,14837,10,23-07-2023,NA,2370.33
14838,14838,14838,5,12-06-2023,Completed,11369.65
14839,14839,14839,-2,02-10-2025,NA,13002.73
14840,14840,14840,1,14-02-2024,Completed,8276.07
14841,14841,14841,7,09-11-2024,Cancelled,2020.85
14842,14842,14842,2,06-01-2024,Completed,8567.6
14843,14843,14843,9,18-11-2023,Completed,3713.73
14844,14844,14844,4,19-12-2024,Completed,10904.91
14845,14845,14845,4,16-01-2025,Completed,7054.04
14846,14846,14846,2,15-05-2024,Pending,13675.68
14847,14847,14847,6,19-11-2025,Cancelled,10717.01
14848,14848,14848,5,08-12-2023,Completed,10003.98
14849,14849,14849,-2,01-05-2026,Completed,783.66
14850,14850,14850,6,04-05-2025,Cancelled,3138.81
14851,14851,14851,9,12-03-2024,Pending,12960.49
14852,14852,14852,10,13-03-2026,Completed,7891.82
14853,14853,14853,5,21-08-2024,NA,12230
14854,14854,14854,5,11-08-2024,Completed,11041.5
14855,14855,14855,5,08-12-2024,NA,11906.73
14856,14856,14856,10,28-04-2025,Completed,9658.88
14857,14857,14857,2,20-01-2026,Completed,3066.71
14858,14858,14858,7,12-02-2026,NA,11655.71
14859,14859,14859,7,17-09-2025,Cancelled,2593.32
14860,14860,14860,6,23-06-2025,Completed,4090.89
14861,14861,14861,0,14-03-2026,NA,14283.59
14862,14862,14862,4,09-08-2023,Pending,14060.61
14863,14863,14863,1,14-11-2024,Cancelled,5514.55
14864,14864,14864,6,09-09-2025,NA,14161.7
14865,14865,14865,6,08-07-2023,Pending,8883.08
14866,14866,14866,8,03-12-2025,Cancelled,3072.05
14867,14867,14867,0,11-05-2024,Completed,1026.84
14868,14868,14868,3,12-07-2025,Cancelled,10654.17
14869,14869,14869,7,29-08-2023,Completed,8474.21
14870,14870,14870,2,25-11-2025,NA,0
14871,14871,14871,10,02-05-2025,Completed,2762.65
14872,14872,14872,2,23-10-2025,NA,0
14873,14873,14873,4,23-12-2024,NA,960.17
14874,14874,14874,-2,30-05-2024,Cancelled,10885.58
14875,14875,14875,0,09-01-2026,Pending,4120.89
14876,14876,14876,9,08-05-2025,Completed,4963.63
14877,14877,14877,8,05-12-2024,Pending,13695.38
14878,14878,14878,10,29-10-2024,Completed,4414.93
14879,14879,14879,4,15-11-2025,Pending,4694.31
14880,14880,14880,8,04-07-2024,Cancelled,8097.96
14881,14881,14881,6,04-09-2023,NA,12873.64
14882,14882,14882,2,26-12-2024,Cancelled,14009.07
14883,14883,14883,7,10-08-2023,NA,12592.47
14884,14884,14884,3,11-03-2025,Cancelled,10864.38
14885,14885,14885,1,19-12-2025,Completed,10479.81
14886,14886,14886,4,18-11-2025,Pending,8863.89
14887,14887,14887,3,26-06-2025,Completed,8398.73
14888,14888,14888,2,14-05-2023,Pending,11741.39
14889,14889,14889,4,26-09-2025,Completed,2499.1
14890,14890,14890,1,31-10-2024,Completed,4703.8
14891,14891,14891,4,20-10-2023,NA,11448.18
14892,14892,14892,9,09-08-2024,Completed,1700.18
14893,14893,14893,10,03-03-2025,Pending,11895.52
14894,14894,14894,-2,04-08-2025,NA,999.67
14895,14895,14895,5,25-02-2025,Pending,12453.91
14896,14896,14896,9,11-01-2024,Cancelled,5415.73
14897,14897,14897,2,05-07-2023,Cancelled,7166.76
14898,14898,14898,-2,01-07-2023,Pending,4035.78
14899,14899,14899,4,19-10-2023,Completed,14973.14
14900,14900,14900,4,22-03-2026,Completed,3878.88
14901,14901,14901,1,06-02-2025,Completed,7144.26
14902,14902,14902,10,25-10-2023,Pending,4563.18
14903,14903,14903,1,14-01-2026,Completed,7124.55
14904,14904,14904,2,16-01-2025,Completed,12598.55
14905,14905,14905,5,25-08-2024,Cancelled,2862.9
14906,14906,14906,2,04-01-2026,NA,1588.16
14907,14907,14907,10,02-02-2026,Completed,12824.3
14908,14908,14908,2,06-08-2023,Completed,5173.61
14909,14909,14909,4,21-04-2025,Completed,7071.33
14910,14910,14910,2,20-08-2023,Cancelled,12561.88
14911,14911,14911,6,27-05-2023,Pending,6043.48
14912,14912,14912,1,05-12-2023,Completed,11501.12
14913,14913,14913,8,14-08-2024,Completed,5428.45
14914,14914,14914,4,14-05-2025,Completed,10601.66
14915,14915,14915,4,29-03-2025,Completed,11077.24
14916,14916,14916,3,21-02-2026,Cancelled,4567.36
14917,14917,14917,6,19-02-2025,NA,6158.71
14918,14918,14918,10,09-07-2023,Completed,4055.13
14919,14919,14919,0,01-08-2024,Completed,13318.79
14920,14920,14920,9,26-12-2023,Completed,1678.02
14921,14921,14921,4,06-08-2024,Completed,113.41
14922,14922,14922,7,17-09-2025,Completed,6497
14923,14923,14923,5,24-04-2025,Cancelled,3687.35
14924,14924,14924,0,09-07-2023,Completed,7435.36
14925,14925,14925,2,24-03-2026,NA,13721.14
14926,14926,14926,9,12-05-2023,Cancelled,3002.05
14927,14927,14927,2,26-11-2024,Completed,12020.71
14928,14928,14928,4,20-11-2024,Pending,14085.05
14929,14929,14929,2,15-06-2023,Pending,1316.28
14930,14930,14930,8,27-10-2023,Pending,6108.63
14931,14931,14931,1,29-04-2025,Pending,6482.33
14932,14932,14932,4,16-11-2025,Completed,14706.91
14933,14933,14933,6,26-07-2025,Pending,0
14934,14934,14934,10,13-04-2024,Completed,4739.78
14935,14935,14935,9,08-08-2024,Completed,10213.93
14936,14936,14936,1,02-10-2025,Completed,9594.38
14937,14937,14937,10,30-03-2025,Cancelled,5832.7
14938,14938,14938,10,30-11-2025,NA,2816.72
14939,14939,14939,2,07-08-2024,Cancelled,6172.22
14940,14940,14940,5,02-08-2024,NA,6783.06
14941,14941,14941,6,17-08-2024,NA,8190.76
14942,14942,14942,0,24-07-2024,NA,11070.97
14943,14943,14943,2,08-09-2023,NA,12048.55
14944,14944,14944,2,02-02-2024,NA,4564.5
14945,14945,14945,3,14-05-2024,Cancelled,5410.24
14946,14946,14946,2,20-01-2025,Cancelled,12731.13
14947,14947,14947,6,29-03-2025,Pending,2859.76
14948,14948,14948,10,13-01-2025,Cancelled,11541.87
14949,14949,14949,6,18-12-2024,NA,550.86
14950,14950,14950,9,28-07-2023,Completed,12930.07
14951,14951,14951,4,23-05-2024,Completed,12526.78
14952,14952,14952,5,18-01-2025,Completed,14806.74
14953,14953,14953,3,15-01-2024,Completed,8621.55
14954,14954,14954,5,23-12-2025,Cancelled,4981.59
14955,14955,14955,10,21-12-2025,Pending,1795.39
14956,14956,14956,7,11-01-2024,Cancelled,0
14957,14957,14957,9,18-12-2025,Completed,11855.2
14958,14958,14958,8,16-03-2024,NA,0
14959,14959,14959,7,03-01-2025,Cancelled,14391.84
14960,14960,14960,-2,14-03-2025,Completed,0
14961,14961,14961,10,22-10-2023,Completed,2651.18
14962,14962,14962,9,10-06-2024,Completed,14171.64
14963,14963,14963,4,05-06-2023,Pending,2914.91
14964,14964,14964,5,30-04-2026,NA,13312.24
14965,14965,14965,3,13-08-2024,Cancelled,10700.59
14966,14966,14966,9,27-05-2023,Completed,2564.07
14967,14967,14967,2,20-11-2025,Pending,9750.72
14968,14968,14968,9,03-02-2024,Completed,1999.03
14969,14969,14969,6,30-07-2023,NA,14558.04
14970,14970,14970,4,09-06-2024,Completed,9826.95
14971,14971,14971,5,30-01-2024,NA,12966.34
14972,14972,14972,-2,28-10-2025,Cancelled,11970.7
14973,14973,14973,1,05-07-2025,NA,10812.36
14974,14974,14974,10,05-09-2024,Completed,8479.4
14975,14975,14975,0,30-01-2024,Pending,10495.69
14976,14976,14976,0,10-07-2023,NA,7791.3
14977,14977,14977,-2,07-09-2023,Completed,13034.83
14978,14978,14978,10,03-06-2025,Cancelled,14228.65
14979,14979,14979,4,26-08-2025,Cancelled,8886.3
14980,14980,14980,6,08-09-2024,Cancelled,1767.72
14981,14981,14981,3,09-07-2024,Completed,4654.81
14982,14982,14982,3,25-05-2025,Cancelled,4231.13
14983,14983,14983,3,23-12-2025,NA,5436.97
14984,14984,14984,3,14-06-2023,Completed,11676.07
14985,14985,14985,5,04-03-2026,Completed,3720.14
14986,14986,14986,8,28-12-2025,NA,8618.14
14987,14987,14987,1,22-04-2025,Completed,299.11
14988,14988,14988,5,17-11-2023,Completed,2954.51
14989,14989,14989,3,16-11-2025,Cancelled,8529.72
14990,14990,14990,3,01-10-2024,Cancelled,14441.38
14991,14991,14991,4,17-04-2025,Completed,891.13
14992,14992,14992,8,11-10-2024,NA,8059.2
14993,14993,14993,10,06-02-2024,Completed,12944.61
14994,14994,14994,5,08-12-2024,Completed,7156.58
14995,14995,14995,0,25-10-2024,Completed,1472.03
14996,14996,14996,10,03-12-2024,Completed,10122.49
14997,14997,14997,0,01-01-2025,Pending,7187.17
14998,14998,14998,0,06-12-2024,Cancelled,1335.72
14999,14999,14999,10,03-05-2026,Completed,4336.18
15000,15000,15000,2,16-12-2024,Completed,10142.61
