customer_id,customer_name,email,phone,city,country
1,Jacob Garcia,ryan56@yahoo.com,3048482646,Grayborough,CANADA
2,Robert Fuller,mark28@young.com,5147408332,Michaelburgh,CANADA
3,Crystal Hamilton,manuel36@gmail.com,5244341405,Taraberg, UK
4,Eric Welch,jennifer22@hotmail.com,5461663211,Austinburgh, UK
5,Alexis Orr,parkmary@skinner.com,7031525435,Cassandrahaven,NA
6,Erik Montgomery,NA,5276790793,Coxshire,INDIA 
7,Douglas Perry,scottmiller@blevins-brady.net,6433281205,Thomasborough,CANADA
8,Mr. Michael Allen,xirwin@yahoo.com,,Riggsstad,NA
9,Katie Hunter,tanya89@miller-roman.info,9651816218,East Adrian,CANADA
10,Daniel Phillips,ahancock@gmail.com,6714243645,Allenton,USA
11,Alexander Cortez,michellestephens@baxter.com,5775592833,NA ,NA
12,Dawn Roberts,kari03@russell-sanders.com,9761370952,Sherrybury,CANADA
13,Carlos Massey,langmichelle@cox.info,,Jonathanbury,INDIA 
14,Julia Page,michaelgraham@gmail.com,5145619745,Lake Levihaven,CANADA
15,Brooke Patel,xsmith@smith.com,4998207371,New Jessica,NA
16,Carlos Rubio,cohenbrooke@hotmail.com,7037595570,Jenniferton,INDIA 
17,Holly Duarte,xmedina@yahoo.com,7623897181,North Soniatown,USA
18,Samuel Clark,gpope@hotmail.com,3091131744,West Mallory,USA
19,Jane Macdonald,huynhgabriel@yahoo.com,8037806992,Port Edwin,INDIA 
20,Ian Garrison,hollandmegan@sims.com,7772169073,New Maria,NA
21,Paul Valenzuela,millerchristopher@gardner.info,1303405836,Kempbury, UK
22,Michael White,uaguirre@hotmail.com,3481851622,East Martin,NA
23,John Hughes,NA,2772339346,Brianhaven,NA
24,Joseph Wallace,morgandaryl@beck-murphy.com,3085898705,West Ashleyfurt,USA
25,Amy Werner,hilljessica@jones.com,4076425094,NA ,CANADA
26,David Schultz,ujenkins@hurst.net,2706769270,Walkerhaven,USA
27,Jacob Olson,NA,4765913166,East Patricia,INDIA
28,Anna Garcia,wadkins@gmail.com,2051573068,West Heatherfort,INDIA 
29,Alejandro Scott,mackjames@hotmail.com,9991190039,Marissamouth,CANADA
30,Mary Orozco,bryantmark@gomez.com,2868175562,Hermanside,USA
31,Michael Hill,garciastephen@clark.net,7384725892,Port Scottfort,INDIA 
32,Anthony Smith,chrishudson@johnson-thompson.com,9738167067,Andreamouth,NA
33,Caitlin Diaz,lucaskelley@casey.com,2186023230,North Daniel,NA
34,NA,lauren34@gmail.com,8981284616,North Jeanside,USA
35,Kylie Morse,edward55@yahoo.com,4648473054,Port Emily,USA
36,Nicholas Vincent,joyce76@novak-santos.com,,New Robert,NA
37,Richard Ferguson,jason15@gmail.com,9119919946,Robbinsberg,U.S.A
38,Valerie Tanner,ericksontyler@parker.com,1179869954,New Brandishire,INDIA
39,Michael Mann,caitlinbrown@alvarado.com,2407881319,East Patrickchester,INDIA 
40,Nicholas Solis,NA,6571231150,Lake Monicaland,NA
41,Jeffrey Mckee,samueljones@hotmail.com,5075797090,Port Garrett,NA
42,Adam Clark,shawnrogers@yahoo.com,3692672742,Fullerton,NA
43,Justin Gates,garciaamanda@wong.biz,,NA ,U.S.A
44,Sandra Mcmillan,kelleyjill@yahoo.com,2865604439,New Jonathan,CANADA
45,Jacob Lawson,taylorpatricia@cherry.com,2764843984,Wendystad,USA
46,Patricia Gill,thomasdawn@yahoo.com,4316153532,Danachester, UK
47,Dylan Adams,hughesyolanda@gmail.com,4037555538,Donnastad,INDIA 
48,Kristy Smith,NA,5499927105,Marcburgh,NA
49,Kimberly Wallace,tiffanydalton@norris.biz,6725720073,East Cassieside, UK
50,Calvin Day,trevinokaren@white.com,9980772794,NA ,U.S.A
51,Jessica Salas,campbellgeorge@weiss.org,8943752399,East Derrickbury,CANADA
52,Robert Duke,brandon32@miller-wright.com,5261699774,NA ,U.S.A
53,NA,norrischristina@hotmail.com,8581611458,Carlatown,INDIA 
54,Madeline Hardy,ashleyperez@gmail.com,6995774107,Vanessafurt,NA
55,Jennifer Anderson,christine22@hotmail.com,,North Nathaniel, UK
56,Karen Bartlett,tyler23@hotmail.com,7600353965,Deborahland,CANADA
57,Troy Shaw,hannahharvey@murphy.org,,West Christopher, UK
58,Sarah Moody,david38@gmail.com,9332075466,New Bethanyshire, UK
59,Antonio Zimmerman,hamiltonlisa@hotmail.com,5186953164,Bentleychester,USA
60,Darius Garcia,karen39@neal-roberts.com,3651349610,Schultzland,CANADA
61,Christopher Short,zcalderon@jackson.info,1656737635,Lake Kennethview,INDIA
62,Daniel Ward,emilychaney@ramirez-williams.biz,2971290788,Gonzalezborough,INDIA
63,Kristin Henderson,johnsongregory@hotmail.com,1968318230,West Brandon,U.S.A
64,Anne Zimmerman,fstevens@miller.com,5827341975,Port Larry,U.S.A
65,Stephanie Gregory,rickytaylor@yahoo.com,4084748939,Kennethmouth,INDIA 
66,Brandon Neal,mlutz@santiago.info,2356682612,Torresborough,USA
67,James Morgan,michael14@mosley-padilla.org,3227387018,Darylport,NA
68,Desiree Palmer,christopherwyatt@blair-romero.biz,7930411285,Tracystad, UK
69,Carla Gordon,lisafrazier@hotmail.com,6674389672,North Jeffrey,CANADA
70,Oscar Hayes,pcook@gmail.com,9109211023,Mooremouth, UK
71,Ann Murphy,wallacejeremy@perry.info,4447068398,East Charleschester,USA
72,Katherine Crawford,sharonlarson@flowers.info,4686954961,Port Maryborough,INDIA
73,William Morris,michelle82@yahoo.com,,East Robert,U.S.A
74,Jeffrey Willis,edwardsdavid@hotmail.com,9177436696,South Marissa,INDIA
75,Kirsten Wilson,michellewhite@hanson-king.org,4207943373,Kellyton,INDIA
76,Rebecca Fernandez,aimeeadams@ward.net,,Jamesville,INDIA
77,Johnny White,batesdonna@jones.net,1673396379,Port Kathrynfurt,USA
78,Eric Miller,jacksoneric@fields-wood.com,1119396407,Jesusstad,INDIA
79,Keith Rodriguez,alexbenjamin@yahoo.com,6448343860,West Patrick, UK
80,Jaclyn Newman,lindalloyd@hotmail.com,8295318878,West Amyborough,USA
81,Jeffrey Thompson,joneskimberly@sanchez.com,6933240954,Williamsborough, UK
82,Heather Hughes,crystalcruz@evans-marsh.biz,,Heidiview,U.S.A
83,Charles Braun,david38@mason.com,4498685489,East Taylor,USA
84,Franklin Hayden,carlos08@hotmail.com,1163632836,West Christian,CANADA
85,Brian Hill,torresshelby@walsh.com,8406029193,North Richardmouth,INDIA 
86,Patricia Small,rjoyce@martin-williams.info,6209043535,Trevorland,NA
87,Nancy Donaldson,stewartmaureen@yahoo.com,9339994292,Robinsonport,CANADA
88,Lisa Savage,bdavis@braun-thompson.net,,Lake Wanda, UK
89,Francisco Rhodes,brownrenee@cordova.com,3174249224,East Autumn,INDIA
90,Sarah Rose,bhicks@williams.com,5039435152,Hernandezport,CANADA
91,NA,stephenjackson@smith.com,5057119880,South Collin,NA
92,Kelly Hudson,brian19@gordon.com,4229582704,Thomasfurt,CANADA
93,Alicia Best,kimberlymoore@kennedy.com,1230964034,Jaredview,CANADA
94,James Sanders,NA,,Gonzalezmouth,NA
95,Tracey Olsen,aconley@lopez.net,3490957950,Robinsonstad,NA
96,Michael Brady,garrettvanessa@wade-reyes.com,,Knightmouth,U.S.A
97,Christina Crawford,jamesdean@davis.com,2367636600,Courtneyburgh,NA
98,Kathleen Pierce,kellymeyers@wilson.org,2925989209,Ronaldtown, UK
99,Christine White,kristygeorge@meyer.info,2789508300,Davisshire,INDIA
100,Eric Ross,washingtonsamantha@evans.org,9613042087,Lake James, UK
101,Jacqueline Davis,millermelissa@aguirre.com,3220601825,Jessemouth,INDIA 
102,Thomas Riley,yeverett@hotmail.com,3044926921,NA , UK
103,Diana Mason,jacob36@lewis.net,8027881996,Hamiltonland,NA
104,Renee Green,jason23@williams-weber.com,3074929647,NA ,INDIA
105,Nicole Barnes,jessica24@white.com,9281614308,East Tyler,USA
106,Jeffery Hartman,beckerjermaine@hotmail.com,7487399465,North Ian,U.S.A
107,Marcus Middleton,nrobbins@cline.biz,6730170651,West Michaeltown,CANADA
108,Carol Greene,kimberly31@berry.com,6601257522,Johnsonview,NA
109,Robert Rogers,lwall@hotmail.com,6603217590,South Danielle,U.S.A
110,NA,gabriel01@pace-downs.com,5488683269,Port Lori,CANADA
111,NA,owilliams@mitchell-lang.com,4393902769,Alexanderborough,INDIA
112,Xavier Bauer,zshields@hotmail.com,4182475501,Lake James,NA
113,Angela Hernandez,jeffreycollins@torres.info,1352739700,Ayalastad,USA
114,Juan Pena,lisajackson@maldonado.com,7879397435,Stevenport,NA
115,Johnny Robbins,jonesdiana@hotmail.com,8008107308,Lake Moniqueton,NA
116,Paige West,longkelly@gmail.com,5865257562,Cunninghamside,CANADA
117,Gregory Williams,curtis40@martinez.com,7685579911,East Kimchester,INDIA 
118,Sherry Fritz,sarnold@wagner.org,9198747030,NA , UK
119,Dominique Edwards,xklein@hutchinson.com,1319456307,South Jasonbury,U.S.A
120,Patricia Scott,ncarrillo@gardner.com,7925608215,Clarkton,CANADA
121,Molly Key,markramirez@gmail.com,4323015552,West Brianhaven,INDIA 
122,Bobby Hall,robertgardner@roberts-hall.biz,6946286756,Kochport,USA
123,Ashley Kane,eflores@hotmail.com,3543860761,NA ,U.S.A
124,Michael Mendez,baileypaul@higgins-jones.com,6976278896,West Kimberly,USA
125,Emily Schmidt,bskinner@gmail.com,5733978819,Rachelstad, UK
126,Shelia Simmons,jacksoncharles@gmail.com,9716213256,NA ,U.S.A
127,Danielle Harris,taylorerin@yu.com,7637560927,Carterstad,U.S.A
128,Matthew Cunningham Jr.,angela05@ramsey.org,9461508524,NA ,INDIA
129,Catherine Sutton,jmartinez@hotmail.com,9214530538,Port Robertland,INDIA 
130,Alyssa Sandoval,krichard@hotmail.com,7884360634,NA ,NA
131,Kimberly Brown,davenportjames@gmail.com,6352208746,Turnerhaven,CANADA
132,Andrew Baker,ryan92@hotmail.com,2159056260,Pamelafurt, UK
133,Corey Whitehead,fmoreno@lopez.info,2056017243,West Brandi,U.S.A
134,Randy Bailey,lauragray@yahoo.com,2180371551,New Allisonchester,CANADA
135,Bryan Arnold,paulevans@jones.com,2989542953,New Karlaville,U.S.A
136,Edwin Thomas,conwayjeanette@moore.com,9005683408,Thomasport,INDIA
137,Chad Hanson,ralph31@yahoo.com,7339123983,New Chris,USA
138,Sarah Chaney,becky66@yahoo.com,8886930323,New Michelleburgh,CANADA
139,Michele Ward,qking@yahoo.com,2251670652,Loristad,USA
140,Selena Harris,carrcharlene@baxter-clark.com,,South Jessicaberg,USA
141,Kelly Edwards,stephanie04@yahoo.com,7005844559,Haileyfort,INDIA
142,Mary Harris,kvillegas@yahoo.com,8830973911,Walkershire,USA
143,Jacob King,johnathan48@adams.org,6876788489,NA ,U.S.A
144,Megan Washington,reginahenderson@robbins-jones.net,4337122298,North Daniel,INDIA
145,Anne Wall,samuel04@gmail.com,6356010416,East Andrew, UK
146,Richard Goodwin,mwiley@clark.net,8512928642,Michaelstad, UK
147,Erin Ford,davidherring@archer.org,3617606205,North Tyler,INDIA 
148,Kelly Wells,malonesuzanne@gmail.com,6056662921,West Suzanne, UK
149,William Gomez,thomas48@yahoo.com,4770026804,Port Robert,INDIA
150,NA,jbuck@gmail.com,9257998721,South Danielleville,CANADA
151,Natasha Hayes,justinwilson@reynolds.net,,North Christianfurt,U.S.A
152,Shane Long,hsmith@alvarez-carey.com,2040055308,Juanchester,U.S.A
153,Amy Jackson,robertsonchristina@smith.com,6433826670,NA ,NA
154,Kim Lopez,brian57@wolf.com,5378903104,Lake Robert,U.S.A
155,Vanessa Walsh,elove@lloyd.com,3074018566,Katherineborough,NA
156,Crystal Thompson,williamslatoya@gmail.com,9648952931,West Bethanyport,INDIA 
157,Tony Williams,christinastark@cook.com,7921303145,East Matthew,U.S.A
158,Charles Jones,kelly53@gmail.com,9680190822,Michaelbury,INDIA
159,David Warner,zpace@alexander-woods.com,8706692645,Huffmanbury, UK
160,Melissa Doyle,johnduran@yahoo.com,4759864934,East Ericberg,U.S.A
161,Kimberly Mitchell,ycox@gmail.com,9378883888,Castanedaburgh,CANADA
162,Peggy Hernandez,hughespaula@jackson.net,,Lake Robin,U.S.A
163,Joseph Cardenas,robinsonchristine@ramsey.com,8739752218,Stewartfurt,INDIA
164,Pamela Duncan,bryce17@yahoo.com,,Jackstad,USA
165,NA,mannkathleen@wilson-king.com,3082074992,Maryburgh, UK
166,Lisa Grimes,lkennedy@yahoo.com,6956773500,South Karamouth,INDIA
167,Holly Ruiz,agonzalez@yahoo.com,2864839584,North Andrewburgh,INDIA
168,Timothy Mathews,NA,7392522148,New Williamland,INDIA
169,Anthony Crawford,derrick96@gomez-hernandez.com,8599221335,NA ,USA
170,Yvette Cruz,andreagarcia@yahoo.com,3179404445,East Melissaport,CANADA
171,Susan Hoffman,greenstephanie@torres-lara.com,6194209171,West Kayla,NA
172,Molly Johnson,NA,3123346962,Lake Kristenview,INDIA
173,Julia Bailey,NA,8044259991,South Robert,U.S.A
174,Stephanie Johns,patrick57@yahoo.com,,Staffordmouth, UK
175,Ryan Rivera,vancenicole@gmail.com,2662479525,Johnstonport,USA
176,Louis Allen,atkinsheather@yahoo.com,6248381932,Ruizmouth,CANADA
177,Alejandra Pearson,acarney@hotmail.com,8302088077,Andrewtown,USA
178,Dorothy Escobar,terry73@gmail.com,8630405818,Lisabury,CANADA
179,Patricia Chan,rojaskenneth@martin-curry.com,3211330886,Terriport,NA
180,Jennifer Best,kstewart@davis.info,7000594083,Lake Deborah,INDIA 
181,Donna Reed,aperkins@hotmail.com,6208992124,NA ,U.S.A
182,David Taylor,patricia08@yahoo.com,6315565651,New Jesusberg,U.S.A
183,Austin Evans,matthew02@simpson.com,9032796860,West Davidmouth,INDIA 
184,Samantha Davenport,ssutton@yahoo.com,4649436384,NA ,INDIA 
185,Thomas Cooper,corey80@yahoo.com,7442504115,East Catherine,NA
186,Yvette Kelly,xbrooks@yahoo.com,4736476942,Donovanview,CANADA
187,Martin Garrett,ogarcia@hotmail.com,4211009811,Freemanport,INDIA 
188,Warren Stokes,NA,3418889149,Jackport, UK
189,Shawn Stevenson,alishasanchez@gmail.com,1452653287,Cunninghamborough,INDIA
190,Patricia Ramirez,umartinez@miller.org,5032057533,Wongside,INDIA 
191,Christopher Dominguez,wilsonrobert@carney-allen.com,7288276744,New Willie,CANADA
192,NA,dhardin@wright.com,4003585900,Port Waynetown, UK
193,Thomas Mooney,matthewpratt@bentley.com,5376153137,Jamesview, UK
194,Amy Black,crystal08@gmail.com,6459029970,Millerstad,CANADA
195,Bonnie Lozano,taylorjamie@gmail.com,1586569440,West Christophermouth, UK
196,Michael Flores,NA,,Burnettton,U.S.A
197,Mark Perez,christyadams@hotmail.com,6954928852,Lake Natalieborough,INDIA
198,Robin Carter,qmeyer@yahoo.com,2487137310,South Jonathan,NA
199,Kyle Todd,lperkins@reese-rivera.org,4023348693,South Tonya,INDIA 
200,Lisa Hughes,changmichael@yahoo.com,6419474161,East Rachelview,USA
201,Charles Gomez,NA,8500097789,Lake Alyssa, UK
202,Sarah Buck,gentrycarlos@mayo.com,5555074677,Victoriafurt,USA
203,Brittney Ingram,jeffreybennett@gmail.com,9821712973,North Cynthia,USA
204,Paul Anderson,pattersondawn@gmail.com,8333846921,West Kimberlychester, UK
205,Julie Murphy,steven41@yahoo.com,7000599169,Garrettfort,USA
206,Melissa Chung,paul15@graham.com,1665515463,Emilyberg,USA
207,Reginald Hernandez,batescarlos@weaver.net,6942308816,New Brendashire,INDIA 
208,Rachel Lewis DDS,charlene40@gmail.com,6339779509,Lake Shaneton,USA
209,Kari Burns,iturner@russell.com,1153501220,Lake Keith,U.S.A
210,Lori Mendez,clarkjustin@burnett.com,,New Morgan,INDIA
211,Kirsten Glass,nlee@schroeder.com,,Danielfurt,NA
212,Jacqueline May,uwatson@valencia-sandoval.com,6080100643,Ambermouth,U.S.A
213,Brenda Wilson,smedina@garcia.com,1488894565,East Ericton,CANADA
214,Benjamin Paul,clarkjennifer@warren.biz,5758545771,Port Joanne,NA
215,Patricia Palmer,NA,4916246900,Lake Ronald, UK
216,Robert Garcia,anitawilliams@hotmail.com,4939103591,New Christopherborough,USA
217,Michele West,dominguezbonnie@gmail.com,8514030435,Holmesshire,U.S.A
218,Tracy Frazier,sgarrison@yahoo.com,,Lake Christian, UK
219,Joanne Lewis,hensleymeredith@hotmail.com,8870421107,Perezburgh,INDIA
220,Dillon Fisher,ksmith@yahoo.com,2319537434,Lake Kelly,INDIA 
221,NA,NA,9967905982,Lake Ericview, UK
222,Lydia Delgado,cruiz@brown-lewis.com,1248167244,Kingborough, UK
223,Ashley Johnston,ryanburke@bell.org,6301298624,Kellyside,USA
224,Ryan Small,jlin@yahoo.com,6764576890,Bondport,U.S.A
225,Kristen Montgomery,schultzlouis@harris-jackson.com,7529646049,New Elaineview,INDIA 
226,Derek Martin,NA,6082939161,Port Jennifer,CANADA
227,Kathleen Moreno,NA,5103760361,East Patriciaton, UK
228,Martin Harrison,houstonmichael@liu.com,1604917479,NA , UK
229,Frank Stevens,susanpatterson@huang.net,8587068522,Garnerfort,USA
230,Curtis Beasley,jenna43@hendricks-bryant.com,,South Andrea,NA
231,Mitchell Johnson,tfarley@howard.com,5810592986,Emmachester,INDIA 
232,Dr. Alexander Strong,toddstephanie@snyder-mcdonald.com,7334694552,Danaside,NA
233,Amber Webb,patrick15@rowe.info,5009688311,Alexafurt, UK
234,Michelle Barnett,deboraharnold@hotmail.com,,Morganfort,USA
235,Daniel Smith,jessica71@gmail.com,4138246092,Lake Caroline,USA
236,Peter Morales,sarahdavis@gmail.com,3031332847,South Andrew, UK
237,Bradley Reynolds,hogantimothy@howard.biz,7157215153,North Jasonland,USA
238,Jessica Mcdonald,jason10@gmail.com,3053344562,Millerland,U.S.A
239,Tyler Rodriguez,jacquelineadams@chen-zamora.biz,9276670930,West Jennifertown,INDIA 
240,Jacqueline Fields,peter87@gmail.com,1173052714,Christopherfurt,U.S.A
241,Karen Browning,lgreene@hotmail.com,1180972459,North Larryborough,CANADA
242,Heather Prince,kathleenjackson@torres.com,6688585784,South Rebecca, UK
243,Andrew Nguyen,NA,2936421306,East Andrew,NA
244,Stephanie Mcclain,barbara29@gmail.com,7946896307,Port Lindaville,INDIA 
245,Jason Schneider,msmith@king.com,,North Justinfort,U.S.A
246,Douglas Melendez,cheryl09@kelly.com,6394257357,Priceshire,U.S.A
247,Tanner Marquez,terrierickson@weber-tucker.com,7062825627,Rayfurt,CANADA
248,William Joyce,elizabeth06@harris.com,9395742967,North Michelle,U.S.A
249,Nicholas Nunez,aaron74@arroyo.info,9167828010,Port Juliebury,INDIA 
250,Lisa Green,bkent@york-dodson.com,4374624205,South Deborah,NA
251,Johnny Yates,holdermark@gmail.com,3287350475,Port Christineton,NA
252,Jason Kennedy,luke37@hotmail.com,4657840022,Jayport,U.S.A
253,David Schmitt,ebarnett@yahoo.com,1036881013,Morseland,CANADA
254,Luis Lyons,matthewharris@gmail.com,1897822818,Patrickmouth,CANADA
255,Jeremy Williams,sanchezteresa@suarez.net,8018437292,Jamesberg,INDIA 
256,Kimberly Kelly,mendezzachary@thompson.biz,7706258128,New Matthew,INDIA 
257,Daniel Ponce,tiffanyestrada@gmail.com,8807418402,Harrismouth,NA
258,Luis Costa,huynhtaylor@travis.net,9688573055,Yuville,NA
259,Mrs. Rachel Trujillo,davidbarron@yahoo.com,5510028276,Evansview,USA
260,Stephanie West,markvega@nguyen-wilson.com,6841084189,New Tanya,NA
261,Jimmy Oconnor,riddleeric@gmail.com,8998115807,Lake Kaylaton,USA
262,Theresa Salinas,terrelltodd@hancock.com,3929665320,Davidton,INDIA
263,Charles Sosa,martha21@hotmail.com,4627472911,East Michaeltown, UK
264,Eric Robinson,beth80@may-williams.net,2270040404,Grantshire,INDIA 
265,William May,kathrynrussell@frank.info,4857807716,West Carrie,INDIA
266,Christopher Gutierrez,sotopatrick@anderson.com,2735669795,South Jefferyville,INDIA
267,Russell Alvarez,elizabeth52@yahoo.com,,North Angelamouth,USA
268,William Leon,watkinsanthony@hotmail.com,8176969922,East Heatherview, UK
269,Susan Valdez,hernandezelizabeth@martin.com,1404867083,Port Richard,NA
270,Gary Smith,robertgreen@yahoo.com,3142506030,Ericfurt,U.S.A
271,Phillip Silva,NA,8011916314,New Williambury,NA
272,Jonathan Jones,danielssara@gmail.com,9089929197,Emilyton,USA
273,Julia Jones,crystaljones@yahoo.com,9655502107,Danielmouth,INDIA 
274,Eric Luna,bethany78@silva.org,8137070347,West Amy,INDIA
275,Ashley Smith,NA,4481430342,Lake Aaron,INDIA
276,James Meadows,bryan07@gmail.com,5325386083,Millerside,USA
277,Cheryl Collier,whitetodd@long.com,1391689126,Lopezland, UK
278,Michael Larson,NA,2723629446,Lake Craigton,INDIA 
279,Andre Mendoza,NA,4117305129,South Ricardo,USA
280,Jonathan Farmer,nharrison@rowe-robinson.com,3653193475,Younghaven,INDIA
281,Aaron Smith,vortiz@reed.com,8145544151,New Courtney,INDIA
282,William Rios,melissa61@gmail.com,9717623481,North Katherineton,USA
283,Mr. David Wood,tcobb@kelley-mcdonald.com,3614828624,Walkerburgh, UK
284,Tiffany Thomas,jwillis@joseph.com,3933107109,Butlerfort, UK
285,Darren Patel,david24@hotmail.com,3454230565,North Stephanie,NA
286,Mr. Brandon Hall Jr.,ashley43@martin.com,4931763185,Johnborough,USA
287,Lisa Smith,michelle30@hotmail.com,4945715164,East Susanmouth,CANADA
288,Bruce Blake,donaldsmith@gmail.com,7785940720,South Brandon,CANADA
289,Brenda Marquez,maldonadochristine@thompson-davis.info,,New Cheryl,INDIA
290,Dana Rose,lhall@snyder.info,1122793828,West Ryanhaven,INDIA 
291,NA,NA,7965646223,Brittneymouth,USA
292,Elizabeth Lewis,mitchelldeborah@yahoo.com,5157500528,North Amber,U.S.A
293,Scott Fisher,toni62@brown.info,6682565929,Robertborough,U.S.A
294,Patricia Nelson,khenry@yahoo.com,7765081681,Dudleyville,INDIA
295,Abigail Carroll,emartinez@yahoo.com,4552063630,Bensonport,USA
296,Michael Hamilton,mlindsey@hotmail.com,2008686948,East Rebekah, UK
297,John Yang,NA,3651687842,Annettehaven,NA
298,Kenneth Hall,andrew04@burns-king.org,4073112395,South Thomasland, UK
299,Denise Erickson,barrscott@welch-wilson.com,,Jonathanmouth, UK
300,Rebecca Cook,woodjames@yahoo.com,,East Brad,INDIA
301,Michael Williams,nancy42@anderson-campbell.com,3210288255,Davidhaven,INDIA
302,Wendy Moses,NA,2867879573,Trevinoton,INDIA 
303,Laura Briggs,NA,9072941077,Valerieland,USA
304,Teresa White,timothycollins@yahoo.com,4767300306,Richardshire,U.S.A
305,Brandi Carlson,hoffmancarla@lee.org,6936669387,New Jesse, UK
306,Casey Boyle,andrew93@landry.org,1947402247,New Marcoburgh,NA
307,Anna Kelly MD,reillysamuel@hotmail.com,6139288921,Williamsview,CANADA
308,Stephanie Jackson,kristophergarcia@gmail.com,2755896715,Thomasland,INDIA 
309,Bill Lucas,jeremiahfisher@yahoo.com,7310360209,Tonyaton,INDIA
310,April Davis,millercody@clark-carter.com,9413432040,South Ashley,USA
311,Thomas Davidson,leejoshua@brennan-santiago.com,5485429783,South Roseshire,U.S.A
312,Stephanie Diaz,sraymond@harrison.com,6467869897,West Perry,INDIA
313,Brenda Bailey,jacobbowman@wells-walker.info,9561586334,East Dawnshire,NA
314,Charles Sutton,NA,5476214351,Amandaview,INDIA
315,Alejandro Ruiz,bushrebecca@hotmail.com,8211953855,NA ,INDIA 
316,Amanda Davis,roger35@gmail.com,8585019038,South Mariahaven,INDIA 
317,Jeffrey Kelly,hillamanda@gmail.com,3607803526,Bradleyfort,NA
318,Yvonne Atkinson,scasey@hill.com,5770510088,Lisafurt,USA
319,Gilbert Williams,ecrosby@hotmail.com,8006146112,Travismouth,NA
320,Jeffrey Miller,NA,7040920043,Palmerfurt,USA
321,Brian Richards,michael25@yahoo.com,2995819247,West Jeffreyhaven,U.S.A
322,Lindsay Black,gcarson@perez.com,8324055092,Kathleenview,U.S.A
323,Christina Wright,NA,4310028190,West Jack,USA
324,Anthony Miller,curtisfuller@yahoo.com,5593656644,Robinfort,INDIA
325,Brenda Baker,marisa00@hotmail.com,2737002305,North Cheryl,U.S.A
326,Ashley Jones,smithtom@glover-cantrell.com,8881055811,Rogerside,NA
327,Brian Brown,jameshoward@coleman.com,5846429497,South Ana,INDIA 
328,Robert Jackson,ujohnston@yahoo.com,5992009196,Dawnshire,USA
329,Anna Manning,jessicahall@hotmail.com,3992201238,Kaylaborough,NA
330,Richard Briggs,lisaperkins@williams.net,3021825356,New Stephaniestad, UK
331,Samantha Page,zachary61@hancock-jones.com,6879414867,Lake Sabrina,U.S.A
332,Mary Vargas,kristen36@gmail.com,3200777209,North Frankville,CANADA
333,Cassandra Garcia,aprilvelasquez@yahoo.com,4164854495,Andrewview,INDIA
334,David Nelson,jasmineclark@mason.com,,Joseport,USA
335,Michele Price,spencersierra@kemp-fields.biz,9128291261,South Christopher, UK
336,Jeremy Ellis,melissamathews@yahoo.com,4391781384,Richardshire,U.S.A
337,Tyler Dawson,mccoysusan@gmail.com,1571629685,South Benjamin,NA
338,Shawn Martinez,dmcintosh@hotmail.com,3327054876,NA ,U.S.A
339,Ronald Richards,farleygregory@gmail.com,9903488903,South Williammouth,CANADA
340,Carol Romero,crystal09@hotmail.com,8356616033,Lewistown, UK
341,NA,joneal@yahoo.com,4534743288,Susanville,NA
342,Pamela Scott,jeremy46@knapp.com,,South Erin,U.S.A
343,Chris Edwards,bstewart@estrada.com,4475043494,North Jason,INDIA
344,Stephen Crosby,qdorsey@hotmail.com,1957682749,Mariaville,INDIA 
345,Dean Lewis,jonathan00@gmail.com,5267656307,South Jorge,CANADA
346,Andres Stone,njones@yahoo.com,1185296403,Parkport,USA
347,Michele Morris,rebeccalopez@mckenzie-scott.com,1664310436,North Raymondhaven, UK
348,Joshua Powell,deniseandrade@hotmail.com,1022689395,West Melissa,CANADA
349,Kimberly Knight,laura24@obrien.com,9365987000,Lake Katherineside, UK
350,David James,tiffanychen@yahoo.com,7611146505,Haleyfort,USA
351,Nathan Carter,denise80@hotmail.com,1637781624,Jermaineshire,USA
352,Nicole Gonzalez,johnathanmitchell@gmail.com,9974614439,North Tyler,NA
353,Jamie Curtis DDS,wrightmark@johnson.biz,4723275652,West Eric,INDIA
354,Jose Sims,ambersanders@gmail.com,5812009154,West Tomtown,INDIA 
355,Nicole Armstrong,barrettrobert@hotmail.com,6759195151,Cynthiaport,U.S.A
356,Mr. Steven Tucker,kingchristopher@gmail.com,2597705780,Davidberg, UK
357,Vanessa Peterson,craigcox@yahoo.com,8560141018,Lake Keith, UK
358,Kayla Cline,jennifer91@gmail.com,6355870877,North Susanburgh,NA
359,Kimberly Garrett,sandovaljonathan@gmail.com,8118146617,Lloydberg, UK
360,Samuel Wright,gonzalezwilliam@yahoo.com,5369071868,Lake Amandastad,INDIA
361,Patrick Reynolds,NA,6019151792,East Ralph,CANADA
362,Kayla Johnson,mayswarren@kim-newton.com,,Laraborough,INDIA
363,William Graves,NA,7517355355,Marissastad,USA
364,Tammy Romero,grahamrebecca@smith-chavez.com,5697955402,Meyersfort,CANADA
365,Michelle Wade,samantha74@barton-sanders.com,7688168740,Johnsonshire,NA
366,Dr. Michelle Skinner,michaelbarrett@yahoo.com,6289112065,Lake Melissaside,U.S.A
367,Jon Roy,zriley@gmail.com,8149048623,Weeksburgh,INDIA 
368,Dana Edwards,john37@hotmail.com,5332064507,New Matthew,INDIA
369,Stephen Juarez,justinsantana@mccormick.biz,1833310456,Christopherbury, UK
370,Veronica Villegas,maxwelljohnson@duncan-hudson.com,8312723213,Bakerside,USA
371,Natalie Lawson,caseygonzales@johnson.com,5991470060,Edwardston,NA
372,Teresa Jones,patrickhardy@hotmail.com,4512302321,NA ,U.S.A
373,Hayley Wallace,NA,9946764167,North Tom,NA
374,Jason Pace,jimmyriley@yahoo.com,,Port Christinahaven,INDIA 
375,Erin Rodriguez,williamssamantha@gmail.com,2636587481,Sandovalburgh,INDIA 
376,Jeremiah Evans,hamiltonlydia@yahoo.com,8193961548,Nunezside,NA
377,Valerie Mccarthy,allenjohn@shannon.biz,1261155911,East Denisefurt, UK
378,Aaron Turner,stephaniesmith@hotmail.com,6003550265,Lake Larry,USA
379,Nicholas Chapman,NA,,Watkinsburgh,INDIA 
380,Sarah Deleon,justin33@ryan.info,,Hillchester,INDIA
381,Raymond Arnold,lyoung@knox-hale.com,7998539658,South Meganview,INDIA 
382,Mrs. Emily Hall,vjohnson@gmail.com,8181749532,Port Melanie,U.S.A
383,Jeffrey Williams,david77@hotmail.com,4191779622,North Anita, UK
384,Rebecca Kennedy,james71@ford.info,9814588279,Port Carolynton,INDIA
385,Randall Davis,imckinney@harrington.com,8845903178,New Jill, UK
386,Robert Reynolds,markpeterson@yahoo.com,1423336007,Haydenberg,U.S.A
387,Joanne Brennan,zgray@yahoo.com,4408390064,West Gloria,CANADA
388,Tamara Branch,NA,7751489354,Gailside,USA
389,David Friedman,cwebb@hicks-michael.com,5204842942,Port Rickyberg, UK
390,Anne Perez,matthew87@stewart-howell.com,2428252041,East Lesliefort,INDIA 
391,Kathryn Ingram,woodsjason@hughes-stephens.com,7929409418,Port Tim, UK
392,James Williams,john02@hernandez.com,3917215468,Stewartchester, UK
393,Sarah Hernandez,emily81@yahoo.com,9265786293,Danielsshire,U.S.A
394,Crystal Shaffer,kevin84@hotmail.com,3886229897,Hoovermouth,U.S.A
395,Cody Moore,holly38@gmail.com,1553337788,Williamschester,U.S.A
396,Stephanie Hale,amorgan@davis.com,5603858529,North Carlosbury,CANADA
397,Gerald Vega,smcgee@simmons.com,4273227316,New David,INDIA 
398,Jessica Thompson,xbarton@gmail.com,1725747017,Garciaton,USA
399,Joshua Larsen,mccarthyelizabeth@hotmail.com,8864765396,East Ashleechester,NA
400,Andre Gray,jacobgarcia@smith.com,6043447600,East Jonathanbury,NA
401,Melissa Riddle,wlove@wilson-campbell.com,8776832119,North Damonstad,U.S.A
402,Justin Morales,robert13@yahoo.com,,Joshualand,USA
403,Adam Pacheco,amberanderson@gmail.com,,East Lori, UK
404,Sydney Thompson DVM,jonesrobert@yahoo.com,7105697464,Lake Dana,NA
405,Michael Ramirez,mariarios@yahoo.com,4312381593,Farrelltown,NA
406,Mrs. Rachel Woods,amywilson@hotmail.com,4407246056,Davenportberg,U.S.A
407,Richard Wang,ricardo58@yahoo.com,8234617597,NA ,USA
408,Katelyn West,qlambert@gmail.com,9038259721,West Ashley,INDIA
409,Lindsay Hall,keithglass@salazar.info,4813902609,Lozanomouth,CANADA
410,Brandy Thomas,eric33@ruiz-cruz.com,,Duffymouth,USA
411,Jill Brady,jameskathleen@hayes-rodriguez.info,1039259069,NA , UK
412,Cynthia Morales,donald10@yahoo.com,2965417582,East Amanda,USA
413,John Benson,amyjohnson@parker.com,7112694965,Michelleside,INDIA 
414,Jackie Rodgers,john43@levine.com,6735653893,Reginaldshire, UK
415,David Reynolds,christopher47@yahoo.com,,Molinaton,NA
416,Jonathan Grant,tvasquez@yahoo.com,1106526718,Langside,INDIA
417,Rachel Waters,andrew23@yahoo.com,2003924810,Gilbertbury,CANADA
418,Sandra Douglas,patricia76@gmail.com,7663521303,Cameronmouth, UK
419,Mary Valenzuela,shannonwilliams@ross.com,1190043366,Jeffreyfort,INDIA 
420,Richard Mccarthy,jeffreystevens@hotmail.com,9755250339,East Josephberg,CANADA
421,Jeffrey Ortiz,dedwards@hotmail.com,5490383938,Hillbury,U.S.A
422,Jill Reese,rodriguezjames@anderson.org,3908030626,Cassandraborough,INDIA 
423,Christopher Williams,pjohnson@hotmail.com,5274675287,Port Gailbury,USA
424,Jared Lester,NA,8439206092,East Nicole,INDIA
425,Alison Hall,vjordan@gmail.com,4410930612,New Kennethview,INDIA 
426,William Sanders,cuevaschristopher@hotmail.com,2757389097,Lake Brenda,USA
427,Vanessa Nielsen,NA,2981410099,Lake Darlenefurt,NA
428,James Powers,rodneyreyes@hotmail.com,8178561504,Copelandtown, UK
429,Dawn Hudson,melissaleach@gmail.com,,East Aliciaberg,USA
430,Timothy Barrera,thomasstevens@harrington.com,3863505850,Hollandburgh,CANADA
431,Whitney Hart,andradejesse@hotmail.com,,NA ,INDIA 
432,Victor Williams,fernandezwilliam@burton.com,,Erichaven,INDIA 
433,Keith Hampton,karen15@hotmail.com,2296964900,West Christopherland,INDIA
434,Michael Andrade,graydawn@malone-hughes.com,5347474239,Port Stephenfort, UK
435,Cameron Martin,zachary79@gmail.com,7011029956,South Benjaminbury,INDIA
436,Carly Bell,rachael62@gmail.com,2601904941,West Stephen,USA
437,Kenneth Lara,kayla58@gmail.com,6544597105,West Shelleystad,INDIA
438,Jasmine Adams,weberjohn@hotmail.com,2816745295,South Andrewland,INDIA
439,Michael Wallace,hermanamy@yahoo.com,6235990303,Everettberg,USA
440,NA,NA,4654295532,South Jamesfort,U.S.A
441,John Davidson,susannunez@gmail.com,2333037909,South Shawn, UK
442,Steven Martinez,jessica42@yahoo.com,1559463240,Lake Benjamin,INDIA 
443,Melissa Hughes,yreyes@james-brown.com,2411369129,Eileenville,U.S.A
444,Jacob Warner,shane33@pena-welch.net,,NA ,U.S.A
445,NA,greenekimberly@gmail.com,1002386630,Angelachester,USA
446,Cameron Erickson,floydsamuel@brown.com,5973003696,Lake Mitchell,NA
447,Cathy Simmons,NA,4086278643,Jessicaside,U.S.A
448,Michelle Hall,jonesanthony@mcdonald-luna.com,8369078992,Leslieland,INDIA
449,Robert Collins,moraleskerry@cline-peters.net,5418611540,Port Anthonystad,USA
450,Jonathan Fernandez,tyler43@cook-villanueva.com,4519314998,Baileybury,CANADA
451,Joseph Ross,nicole22@porter-blackburn.com,6673676039,West Tamiberg,USA
452,Lisa Reynolds,marymiller@simpson.net,1460466601,Gonzalesshire,NA
453,Frank Gardner,carolpetersen@hayes.org,5752626185,Ashleyside,INDIA 
454,Kim Garcia,garciamatthew@yahoo.com,5847274039,Aaronchester,U.S.A
455,Christie Taylor,garciajesse@gmail.com,9287767348,South Cynthia,USA
456,Tiffany Williams,cantrellfred@yahoo.com,4761985858,Kathleenmouth, UK
457,Scott Garcia,lynn79@shaw.com,5562324498,Port Sherry,NA
458,Kendra Jones,sandrews@simmons.com,8193219066,West Brandon,NA
459,Stephen Wyatt,kevinshelton@gray.com,3423570227,Snyderside,INDIA
460,Lisa Christian,dwhitaker@hotmail.com,4924256447,Velasquezmouth,INDIA 
461,Nicole Meyer,nancytaylor@yahoo.com,2000195472,North Richardhaven,INDIA
462,Adam Smith,brendasalazar@gmail.com,6808257265,Normanfort,NA
463,Robert Hess,vmcintyre@valenzuela.biz,4544697290,New Erikaton,USA
464,Jeffrey Ferrell,leondonald@yahoo.com,1414714697,Davishaven,NA
465,Zachary Brown,NA,4414512491,North Nicholas,INDIA
466,Rebecca Jones,stevennguyen@pitts.com,7337459831,Amandastad,USA
467,Tony Oneal,vaughaneileen@gmail.com,9448494059,Hudsonview,INDIA 
468,Mark Hammond,zachary46@curtis.com,5857027412,East Justin,NA
469,Paul Blanchard,charlesreyes@kim-thompson.com,3948597730,Kyleland,USA
470,John Anderson,colemanjennifer@porter.net,4050157032,Lake Scott,CANADA
471,Patrick Thompson,garyfloyd@turner-smith.info,9147690653,Lake Angelaton,NA
472,Bruce Frye,ktravis@kim.net,,Anthonyville,INDIA
473,William Miller,pamela65@burns-knight.info,4362936925,West Sheri,U.S.A
474,Debbie Cruz,jay79@hotmail.com,6474281084,Novakstad, UK
475,Charles Mejia,calhounjenny@lozano-miller.com,4861742348,New Spencer, UK
476,Mark Young,sandrarussell@reyes.org,8431479368,Lake Charles,INDIA 
477,Kayla Serrano,NA,6627636583,Davisberg,CANADA
478,Patrick Elliott,erik27@hotmail.com,6720423435,North Ginamouth, UK
479,Charles Wiggins,dandrews@hotmail.com,7987138217,Kelseyborough,NA
480,Mario David,irivera@zamora.com,8201279681,Lake David,NA
481,Michael Peterson,guerraangela@bright-turner.net,8151397239,Sharpberg,USA
482,Mary Gutierrez,taylorsims@krause-patterson.net,3248835150,North Matthewfurt,U.S.A
483,Heather Hernandez,davidbryant@avila.com,5230744430,East Eugene,U.S.A
484,Melissa Dougherty,umartinez@yahoo.com,9770113288,Gordonfort,NA
485,Nicole English,david48@york-ford.com,1403004239,Johnfurt,INDIA
486,Lisa Martinez,tyronebush@gmail.com,6602402014,NA ,INDIA 
487,Teresa Reid,paul85@hudson.info,9158709642,Toddberg,INDIA
488,Travis King,rachelwilliams@hotmail.com,8885433424,Donfort,CANADA
489,Ana Jimenez,dgardner@gmail.com,5245556281,West Jon,INDIA
490,Ricardo Jackson,NA,,Port Gregoryfurt,INDIA 
491,Karen Castro,graymond@young-walker.org,7289981597,East Ian, UK
492,Christine Martin,guerreromichael@hotmail.com,5375287137,Dixonchester, UK
493,Joseph Ochoa,ballphillip@gmail.com,8756215357,Port Ashley,INDIA
494,Kathryn Reid,jennifermiller@hotmail.com,7157127513,North Andreaport,USA
495,Christopher Campbell Jr.,jeremy53@gmail.com,5888677347,North Bradleyberg,USA
496,Phillip Byrd,dmyers@gmail.com,3402350240,Rileyville,USA
497,Gabriel Glover,markdaniels@flores.biz,4671643770,New Mary, UK
498,Kathleen Carpenter,NA,5537587554,Lake Kyliechester, UK
499,Nancy Knapp,medinamatthew@miller.com,7347451139,New Jorge, UK
500,Jane Howell,kevinvalenzuela@ewing.com,6912264944,New Juliamouth,USA
501,Kelsey Brooks MD,huynhcaitlin@yahoo.com,7086152702,Careyton,NA
502,Claire Reyes,mcconnellmaurice@hughes.com,9244179079,Cookburgh,CANADA
503,Juan Stone,denisebailey@white.net,5253659639,New Debra,INDIA 
504,Kyle Mosley,jacqueline97@hotmail.com,6079894752,South Tamarafurt,CANADA
505,NA,robertsteresa@yahoo.com,6880591254,Kimberlyfurt,INDIA 
506,Michael Brown,kylelee@flynn.org,5563708772,South Angela,INDIA
507,Matthew Contreras,riverajennifer@guerrero.com,1244203715,Port Douglas,U.S.A
508,Roger Williams,NA,4821688911,Lake Anna,CANADA
509,Abigail Bean,sydney18@thompson.com,2954782296,Rossburgh,U.S.A
510,Raymond Davis,omartin@atkinson.biz,5392660003,North Andrew,INDIA
511,Madison Williams,howetheresa@hotmail.com,6310265537,Lake Evelyn,USA
512,Ryan Gibson,elizabeth41@cooper.org,7475162497,Port Barbara,INDIA 
513,Janet Wiley,briandavis@yahoo.com,6599369232,Alexandershire,CANADA
514,William Brown,morganbarbara@hotmail.com,5214298158,New Whitney,U.S.A
515,Gary Ryan,richardmorrison@liu-jones.com,6411612826,Lake Meganchester, UK
516,Alice Hayes DVM,gwendolyn58@gmail.com,4468058996,Hernandezland,INDIA
517,Donna Schneider,danielle03@gmail.com,3915524499,South Sharonside,INDIA 
518,Robert Thompson,lambrachel@gmail.com,4445769378,Lake Jasonview,INDIA 
519,Mr. William Haynes,patrickryan@gmail.com,8468491302,Port Michaelville,CANADA
520,Kimberly Walker,raymond79@yahoo.com,5206669712,West David, UK
521,Jaime Raymond,flemingthomas@yahoo.com,9596418412,Barneshaven,INDIA
522,Samantha Barrett,zacharydixon@hotmail.com,2713980689,Port Joshua,CANADA
523,Joe Vasquez,dhernandez@powell.info,9966067963,North Spencer, UK
524,Julian Chambers,pkeller@hunter.com,6211587671,North Patriciaborough,NA
525,Debra Green,hicksrebecca@hotmail.com,3832251866,Charlesbury, UK
526,Sean Vasquez,bakerbarbara@peters.info,1238051768,Turnerfort,CANADA
527,Tanya Huber,diamondgibson@yahoo.com,4634567474,Lopezhaven,INDIA
528,Laura Merritt,sean16@taylor.info,1846827770,South Madisonfurt,CANADA
529,Kristine Levine,bradleymichelle@smith-rodgers.biz,4680511170,NA ,U.S.A
530,Brian Green,david92@hotmail.com,9765196733,New Kaylastad,INDIA
531,Danielle Rocha,pattymorales@yahoo.com,8941921526,West Chelsea,NA
532,Eric Miller MD,adamwilliams@yahoo.com,8218110487,Carsonbury,INDIA 
533,Judy Davis,beckervictoria@baldwin.com,9231230606,Garciastad,USA
534,Janet Morris,dweber@hotmail.com,4165893383,New Gregorymouth,INDIA
535,Rodney Evans,hancockalex@gmail.com,1310231760,Lake Jameston, UK
536,NA,megan06@yahoo.com,4385836934,North Brittany, UK
537,Kevin Young,clifforddavis@gmail.com,4553863813,Cruzbury,INDIA
538,Mark Jackson,thompsonshane@hotmail.com,,Padillabury,U.S.A
539,Connor Levine,mitchellbrandon@hotmail.com,4056443277,North Jenniferland,INDIA
540,Lisa Gray,yfleming@yahoo.com,,Jacquelinetown,INDIA 
541,Scott Butler,christopher65@stevens-martinez.com,8737982405,Port Carl, UK
542,Holly Warren,julie29@jenkins.org,9546010644,Brendastad,NA
543,Andrew Miller,bharper@hotmail.com,3590954758,Bakerhaven,INDIA
544,Jason Lopez,harveydarren@griffith-summers.com,7250341453,Savannahland,CANADA
545,Melanie Reyes,daniellepeck@yahoo.com,9267668048,North Jimmy,INDIA
546,Drew Chapman,ashley52@gmail.com,9648985279,Burgesschester, UK
547,Cory Smith,NA,3066009432,Port Darlenemouth,NA
548,Christina Gomez,michaelwade@gmail.com,1108459597,Amandaville,USA
549,Nicholas Walker,robertgibson@gmail.com,6697631044,New Sydney,U.S.A
550,Benjamin Ruiz,torresmegan@hotmail.com,4975688320,Calvinchester,CANADA
551,Anthony Dixon,jmiranda@mcdonald.info,3213934709,Davisbury,CANADA
552,Ashley Griffith,zacharygoodwin@yahoo.com,5432293134,Port Shannonview,NA
553,Betty Fisher,NA,9766339938,North Laurenborough,NA
554,Luis Quinn,james69@gmail.com,1805308527,Foxborough,U.S.A
555,Christine Schmidt,alexperkins@taylor-salazar.com,1406191663,East Michael,NA
556,Nicholas Reed,quinnamy@gmail.com,9961359706,New Kimberly, UK
557,Katie Howard,NA,2418027814,Lake Deborahburgh,CANADA
558,Danielle Young,mark84@rodriguez.com,8400613260,Port Lorichester,INDIA
559,Jennifer Thomas,vanessa40@gmail.com,4547128571,South Jenniferside,U.S.A
560,Anna Lee,baileymitchell@campos.net,2288365217,Rachelshire,USA
561,Elizabeth Crane,jasmine43@davis-cook.net,9929431860,Lake Wendystad,INDIA
562,Edwin Anderson,rkim@gmail.com,9055437388,Suttonfort,U.S.A
563,Jonathon Little,bpaul@rivas.com,7652185201,Jeffreybury,CANADA
564,Shannon Miller,candiceyates@yahoo.com,7951416286,South Angela,U.S.A
565,Dustin Jacobs,ginaclay@mcbride.org,3488463461,Whitehaven,USA
566,Hannah Turner,denisehunter@gaines-cole.com,4467151897,West Shannonton,USA
567,Sandra Cox,kstewart@ferguson.info,1720538689,East Brenda,CANADA
568,Vanessa Stevenson,kellycole@thomas.com,7348744237,Garciaport,CANADA
569,Ronald Harris,NA,,Jamesview,INDIA
570,Kendra Arroyo,sherryevans@hotmail.com,6236619995,West William,INDIA 
571,Marie Johnson,xturner@yahoo.com,3759928825,Gibsonmouth,INDIA 
572,Monica Stone,russell40@miller.com,6940140784,Lake Monicafurt, UK
573,Cory Flores,kelly49@gmail.com,1233196649,NA ,INDIA
574,Alicia Schneider,velasquezcatherine@mcguire-clements.org,5748732539,South Emilybury,CANADA
575,Julie Ho,amycarrillo@mills.biz,7674608222,North Eduardoside,INDIA 
576,Donna Bell,wesleymartin@houston.net,4960927784,Petersonburgh,CANADA
577,Donald Santos,finleybrandon@zavala-mcguire.com,4474695802,Lewisfort,U.S.A
578,Michael Johnson,campbellwilliam@harvey.info,9048979387,New Veronica,USA
579,Wendy Reeves,jenniferhoward@neal.net,6124226203,New Katie,USA
580,Carlos Rocha,pgreen@hall-parker.com,5309043951,Millermouth, UK
581,Rebecca Gamble,combskayla@romero-shaffer.com,5160373430,Romerotown,USA
582,NA,NA,1487681528,West Jamie,NA
583,Jeremy Thompson,leahcarter@adams.info,9366544826,West Kyle,U.S.A
584,Michael Washington,brandon00@nelson.net,,Lake Christopherborough,USA
585,Jessica Howell,rachel16@yahoo.com,5051716636,Garciaville,INDIA
586,Randy Carter,bradley01@lewis.com,1872553864,Lake Ronald,NA
587,Rodney Navarro,vmckinney@valenzuela-robinson.org,5870320400,Lake George,INDIA 
588,Ryan Schaefer,jenniferhayes@hotmail.com,5593992351,Harrisside,CANADA
589,Michael Castillo,petersphillip@moore.com,7263812254,Alexafurt,U.S.A
590,Matthew Keith,jennifer49@hotmail.com,4801013222,Port Johnathan,USA
591,Diane Hubbard,ksalazar@carrillo.com,4031061796,Myerstown, UK
592,Valerie Cherry,phenderson@keith.com,1118689525,NA ,INDIA
593,Heather Smith,justintorres@black.com,6564930175,North Tamaraburgh,U.S.A
594,Richard Buckley,patriciaramirez@yahoo.com,8295423212,North Anthonytown,NA
595,Stephen Ortiz,john67@yahoo.com,,Wardtown,CANADA
596,Jackson Scott,kayla39@hotmail.com,3832700786,Port Manuelland,CANADA
597,NA,karen37@hotmail.com,3369098615,Danielfurt,INDIA 
598,Alfred Wade,NA,4367360916,Jacksonchester,INDIA
599,Joanne Rosales,vwalter@yahoo.com,7935821966,Lake Leahport,USA
600,Sarah Miller,ajones@martin-perez.com,5226583889,New Gregoryville,USA
601,Angela Hill,summerscaleb@brooks.biz,4192375869,Port Aaronstad, UK
602,Jennifer Hall,bradshawphillip@gmail.com,6440307017,Snyderbury,INDIA 
603,Grace Brown,dayterri@gmail.com,8620980861,New Stephenshire,INDIA 
604,Alex Smith,nicholas05@collins.net,4603653552,Scottstad,USA
605,Brenda Thompson,NA,1201299622,Jonathanchester,USA
606,Gail Nelson,brandydickerson@yahoo.com,8726620582,NA ,USA
607,Jenna Juarez MD,adam50@burns-knight.com,3125636299,Kelleyland,USA
608,Maureen Adams,farleynancy@yahoo.com,5818211983,Peterschester,NA
609,Carol Wilson,joshuarasmussen@roy.com,6941804118,Johnsonville,INDIA
610,Andrew Cannon,umorales@horton.com,1028520735,Beltranfurt,U.S.A
611,Amanda Duncan,fischermichael@hotmail.com,3393708361,NA ,CANADA
612,Catherine Brooks,tammychen@jensen.com,4993106012,Jamesside,INDIA
613,Timothy Garcia,william58@gmail.com,9062835170,Henryfurt,USA
614,Isaiah Garcia,krista44@hotmail.com,7028498792,East James, UK
615,Robert Willis,edwardboone@gmail.com,9523751687,NA , UK
616,Bryan Brandt,mschroeder@kim.info,5412908361,Carolineshire,INDIA
617,Diana Parker,matthew16@gordon-johnson.com,7106367794,Port James,NA
618,Gregory Richards,znewton@monroe-terrell.com,9480125867,Connorville,NA
619,Jacob Wilson,stephaniejones@yahoo.com,3770973127,NA ,NA
620,David George,erikafarrell@hotmail.com,4682367980,Michaelborough, UK
621,Heather Gardner,amber00@hotmail.com,1208124002,North George,NA
622,Rhonda Glover,powersdaniel@gmail.com,6722887104,Reyesborough,INDIA
623,Carolyn Carroll,middletonmichael@reynolds.org,9646470436,Annafort,U.S.A
624,Jessica Bass,hollykelly@taylor.com,5040018119,NA ,U.S.A
625,Shannon Turner,laura61@wheeler.com,4137334487,Port Tonya,INDIA
626,Jonathan Morgan,websterbenjamin@young.net,5502090680,South Ryanmouth,CANADA
627,Michelle Weaver,mark45@colon.com,8312710221,East Morgan,INDIA 
628,Aimee Evans,barbarajackson@hotmail.com,3603621219,Peggyland,U.S.A
629,Kelly Murphy,crystal61@jacobs-rogers.com,5891118760,Branchshire, UK
630,Paul Allison,hamptondaniel@yahoo.com,,Fletcherberg,USA
631,Andrea Perez DDS,ronald44@yahoo.com,1549195350,South Jodihaven, UK
632,Megan Patterson,kevinmorris@hotmail.com,7631159268,Tylerton,USA
633,David Rivera,NA,,East Evanton,INDIA
634,Daniel Jenkins,emoore@jimenez.com,7380778236,North Jennifer,INDIA 
635,Michael Wright,mollybrown@yahoo.com,1416287481,Oliviaburgh,USA
636,William David,sandovallatoya@yahoo.com,5190360081,Janiceshire, UK
637,Christina Duke,markscott@cohen.info,9872483194,East Tiffany,U.S.A
638,Carlos Wolfe,nhudson@yahoo.com,3636533019,North Michellefurt, UK
639,Cindy Nelson,jessica99@bond.org,8610662207,Ellisshire,INDIA 
640,Jill Middleton,albertbrown@andrews.com,3961599446,Jamiemouth,CANADA
641,Kristen Hurley,plewis@gmail.com,1167289627,New Mariachester,USA
642,Michelle Collins,markhenderson@juarez.net,7981114242,Kimberlychester,U.S.A
643,Bob Bell,qward@potter-zuniga.org,7755885972,Port Meganchester,U.S.A
644,Chad Rosales,ykerr@shaffer-hernandez.com,7458908760,South Frankburgh, UK
645,Peter Nicholson,qjones@yahoo.com,1343308976,Andrewsborough,U.S.A
646,Elizabeth Hines,hansonalex@mann.com,2872050893,Lake Jose,CANADA
647,Holly Davis,tfowler@hotmail.com,4996069056,East Jeromeville,INDIA 
648,Joseph Gould,adamssara@patterson-martinez.org,6509998566,South Stephenside,NA
649,Christopher Diaz,bradley07@yahoo.com,1142279510,West Andrew,INDIA
650,Cody Berry,foxcynthia@hotmail.com,8083594514,NA ,INDIA 
651,NA,grivera@hull.com,7615830207,Lake Andrew,CANADA
652,Maria Mathews,hyu@hotmail.com,8394111371,South David,INDIA 
653,Dana Mccullough,gutierrezjoy@yahoo.com,4322517060,Leonberg,NA
654,Kimberly Hancock,patrickpayne@bowen-davis.net,6109741426,Loganstad,U.S.A
655,Allison Peterson,NA,,Russellhaven,CANADA
656,Shane Mays,barnesbrian@burton.biz,,Ronniehaven,U.S.A
657,Christopher Norton,monicastout@lee.org,7156451813,Samanthaside,CANADA
658,Gabrielle Kelly,savannahparker@keller.biz,4744916974,Geoffreyhaven,CANADA
659,Jessica Lewis,cindy33@gmail.com,2871740857,South Kristenville,INDIA
660,Mr. Daniel Jimenez MD,angelamunoz@gmail.com,6716213925,New Jillshire,USA
661,Melissa Shepherd,pollardjason@yahoo.com,9744516574,Ellishaven,INDIA
662,Stephen Stephens,cclark@gmail.com,8928060003,Ewingchester,INDIA
663,Ashley Hansen,NA,1835319907,Lake Michaeltown,NA
664,Juan Martin,zsmith@stephens.net,6857850517,Port Michele,USA
665,Paula Adkins,NA,5792105959,Sheilaton,CANADA
666,Amanda Small,wstevens@anderson.biz,3489404711,South Angelachester,NA
667,Cody Alvarez,reedlance@yahoo.com,3659677482,Michelletown,U.S.A
668,Priscilla Torres,NA,8969817967,South Christinahaven, UK
669,Connor Franklin,eatonjames@yahoo.com,5053862550,Josephborough,CANADA
670,Karen Howell,crystal72@duncan.com,2263850408,Lewisfort,INDIA 
671,Peter Wong,yrodriguez@hotmail.com,9559417524,Hardinside,INDIA 
672,Adam Holmes,kevin30@yahoo.com,9797499049,Lake Lanceberg,USA
673,April Barron,amoses@hotmail.com,1541621022,Wesleychester,CANADA
674,Mr. Roger Monroe,sevans@farmer-wright.biz,4555177617,Belindaborough,INDIA 
675,Jonathan Castillo,NA,8217918459,Billyshire,U.S.A
676,Lauren Carter,fowlerjames@miller.com,9429479091,North Morgan,U.S.A
677,Michelle Norman,dalekennedy@graves.net,,New Melanieside,INDIA 
678,Tammy Bridges,justinanderson@hotmail.com,5672442342,Tanyachester,INDIA
679,Ashley Fuller,laura16@gmail.com,,New Ericshire,INDIA 
680,NA,aaron43@burke-duran.net,9972721197,Williambury,INDIA
681,Gary Flores,NA,9028848459,Phillipsmouth,INDIA 
682,Roberto Johnson,lmartinez@sparks.info,9287338665,Joelport,INDIA
683,Mrs. Karen Lyons DDS,longzachary@yahoo.com,4451704539,Robertton,CANADA
684,Christopher Zavala,terripowers@yahoo.com,,South Katherinefort,CANADA
685,Mr. Derek Cook,NA,3015368176,North Ricardoburgh, UK
686,Thomas Martin,russell62@gmail.com,6372379679,North Meghanberg, UK
687,Tyler Jones,cmorales@gmail.com,6605615732,Terrifurt,CANADA
688,Jay Kelly,smithsteve@hotmail.com,5447828375,Lake Keith,USA
689,Michele Morales,lisaglover@patel-scott.com,,Sharonton,INDIA 
690,Lisa Scott,fosterleah@hotmail.com,7022527991,Lake David,USA
691,Brianna Valencia,jeremy81@greer.org,4784480158,Beverlytown,CANADA
692,Gary Moore,rebeccamurphy@mason.info,9638063282,Wernershire,CANADA
693,Kirsten Nguyen,ireyes@gmail.com,1839348941,New Dawn,NA
694,Grant Osborne,browndeanna@hotmail.com,5790966733,Carrilloview,CANADA
695,Stephanie Aguilar MD,seanowens@nguyen.com,2325029858,East Rogermouth,NA
696,Victor Simpson,pprice@hotmail.com,4615185865,Katherinemouth, UK
697,Amber Duncan,jtorres@gmail.com,5358297011,West Brandyhaven,USA
698,Sarah Hughes,theodoregray@matthews.org,,Simpsontown,USA
699,Natalie Garcia,christopherelliott@yahoo.com,9238638876,North Craig,NA
700,Amy Davis,stevenscarlos@hotmail.com,7526608464,Shawnville,USA
701,Rachel Morton DDS,erichampton@gmail.com,5555103961,Lake Gary,INDIA
702,Christopher Kelley,suzanne52@hotmail.com,6252927048,South Jasonbury, UK
703,Hannah Sutton,NA,1620748413,East Daniel,INDIA 
704,Henry Foster,emartinez@hotmail.com,9174954551,New Brandyside,USA
705,Nicholas Tyler,jillian79@gmail.com,3094373629,Lake Nathaniel,INDIA 
706,Jonathan Schultz,russobrandon@cummings.com,1863712970,Richmondshire,USA
707,Ms. Janet Levy,watsonleslie@yahoo.com,4090403582,Kevinburgh, UK
708,Sandra Ingram,clewis@hotmail.com,9853808616,Hutchinsonton,INDIA 
709,Zachary Hayes,daisy41@schmidt-watson.info,4592447939,Port William,USA
710,Darrell Hendrix,emiller@gmail.com,3355897576,East Staceyview,U.S.A
711,Curtis Marquez,christensenerin@morris-james.com,8393037296,Edwardhaven, UK
712,Mr. William Perkins,hallanthony@robertson.info,9434408071,Shanefort, UK
713,Jill Guzman,daviddavis@gmail.com,8043236470,Wilsontown,USA
714,Jay Yates,silvajodi@burke.biz,1543476350,Kevinfurt, UK
715,Jessica Peters,zsmith@moore.org,4052937908,Chavezchester, UK
716,Brittany Perez,joneslaura@gmail.com,5649662877,Johnborough,U.S.A
717,Walter Robinson,ruizgavin@gmail.com,5692926124,Kyleside,U.S.A
718,John Schmitt,rodrigueznicole@ramos-lynch.com,9479016737,South David,INDIA
719,Troy Hutchinson,smithkevin@yahoo.com,8640445923,Amyhaven,CANADA
720,Martha Garrett,juan88@hotmail.com,5220717492,New Sherryside,NA
721,Jacob Clark,alexanderrhonda@gmail.com,,South Melinda,USA
722,Amy Hernandez,melanie71@hoffman.com,2550533345,South Joy,NA
723,Steven Brooks,james70@weeks-snyder.com,9516916980,West Johnmouth, UK
724,Colleen Garcia,bhoffman@hotmail.com,4308146399,New Joseph,U.S.A
725,Kristina Bowen,asampson@hotmail.com,4221664517,Mcdonaldfort,USA
726,Ashley Haley,mthompson@hotmail.com,6665980936,North Charlesview,INDIA 
727,Dr. Jon Parker MD,mgonzalez@mills.biz,7300725947,Millerview,U.S.A
728,Pedro Cline,hshaw@hotmail.com,5808713343,East Bradley,INDIA 
729,Karen Holden,NA,5823789262,West Megan,CANADA
730,April Johnson,vjohns@gmail.com,6247711459,Evanschester,NA
731,Jesse Bullock,bflowers@hotmail.com,4325640550,Myersmouth,INDIA
732,Olivia Walker,dyerdiana@lopez-murphy.com,9542291204,Hayesville,U.S.A
733,Miranda Mendoza,zflores@hotmail.com,5862562374,Atkinsview,CANADA
734,Kenneth Elliott,ksanchez@ruiz.com,4824983011,West Lisaview,INDIA
735,Joseph Smith,ekirby@hotmail.com,1244964457,West Devinland,NA
736,Angie Caldwell,bbernard@gmail.com,4339531649,Lake Tina,INDIA
737,Zachary Harmon,jacqueline41@goodwin-adams.com,6286324184,East Alexander,U.S.A
738,Keith Wade,randyford@gomez.com,6223023475,South Peter,INDIA 
739,James Mejia,NA,4551606614,Riveratown,CANADA
740,Megan Smith,melissa35@liu.com,3393116977,South Henry,NA
741,Catherine Evans,david79@hotmail.com,1218077113,Robertbury,INDIA 
742,Jesse Rivera,NA,9334679140,Robertchester,U.S.A
743,Amy Hodge,NA,8407113751,Lauraville,NA
744,Larry Phillips,ymosley@johnson.net,5460020374,South Jason, UK
745,Sharon Martin,laurabradley@schmidt.info,2915420903,Millerland,INDIA 
746,Charles Jackson,kristen57@burnett.com,9515292968,Williamston,INDIA 
747,Susan Luna,laura27@johnson-macias.com,5172470424,New Jennifer,INDIA 
748,Eric Anderson,timothy23@yahoo.com,1574653101,Mendozaville,U.S.A
749,William Russo,danny38@yahoo.com,7753758131,East Brittanyland,INDIA 
750,Roger Riley,wellsmary@hotmail.com,8533854225,Stephentown,INDIA
751,Anthony Miller Jr.,robert20@mason.com,1329793564,Parkmouth,INDIA
752,Tiffany Ellis,ianjacobs@yahoo.com,2934372351,Rebekahland,NA
753,Alexis Ferguson,wilsonrussell@hotmail.com,8488186473,Aguirrefurt,U.S.A
754,Melissa Martin,NA,6909136888,NA ,USA
755,James Fischer Jr.,staceyfisher@black.com,4131832926,North Jamesbury,NA
756,Nicole Stanton,tiffany71@gmail.com,5803514334,East Kaylaland,INDIA 
757,Casey Brown,mbraun@hotmail.com,8140729147,Joanneport,NA
758,John Rodriguez,amyjones@carrillo-gonzalez.biz,5454119952,Brentburgh,INDIA 
759,Sean Park,ghull@walker.com,5228020216,New Amberborough,INDIA
760,Jasmine Clark,maurice19@yahoo.com,5720945151,Tammyland,NA
761,Courtney Henderson,klittle@hotmail.com,9722832300,Coreymouth, UK
762,Rodney Bowen,kathleenherman@yahoo.com,2689799717,NA , UK
763,Larry Webb,franciscoortega@gmail.com,7560437968,Padillafurt,U.S.A
764,Jessica Ramirez,martha03@williams-villa.info,6210094611,New Peter,INDIA 
765,Pam Green,clarkmisty@hotmail.com,7427372698,Rogerbury,U.S.A
766,Colleen Lloyd,gentrystacey@brown.org,,North Lisafurt, UK
767,Jessica Miller,melissa09@gmail.com,2183389780,New Michaelmouth,INDIA
768,Andrea Gardner,NA,9704962429,South Dustinport,NA
769,Rita Williams,dgeorge@evans.com,8134220144,West John,INDIA 
770,Jeffrey Holland,lynn00@garner.biz,7487482703,Reillystad,USA
771,Raymond Mcdonald,madelinevincent@hotmail.com,,North Steven,INDIA
772,Dominique Harvey,dillongrimes@patterson.com,9323994336,Davisshire,INDIA
773,Colleen Poole,leah86@vincent.biz,9053185524,North Kimberlyville,INDIA
774,Katherine Avila,kirwin@hernandez.com,4638676635,North Bradchester,U.S.A
775,Martin Fleming,linda56@martin.net,8431726933,Wagnermouth,INDIA 
776,Nicholas Marks,madison59@henson.com,1622859577,South Robert,CANADA
777,Daniel Hanson,daniel03@hotmail.com,4103981636,East Brittany,INDIA 
778,Bryan Juarez,melissariley@hotmail.com,7454096754,Warrenmouth,NA
779,Mary Reid,thomaslove@wilcox.info,9840739046,Carolynview,INDIA 
780,Amy Hughes,alyssaramirez@hotmail.com,7640840677,South Jose,NA
781,Mackenzie Moore,amayo@gmail.com,2120937058,Lake Patricia,USA
782,Shane White,cindyrodriguez@yahoo.com,4034576278,Bradyside,USA
783,Thomas Kennedy,spencereginald@moore.com,7893461805,Garciaton,INDIA
784,William Pace,NA,6562231914,Hannahtown,NA
785,Rachael Roberts,lrogers@norton.com,4752028111,Dorseybury,INDIA 
786,Samuel Griffin,olsonbrianna@yahoo.com,2072892704,North Amandaview,INDIA
787,Tyler Sawyer PhD,martinmelissa@williams-graves.com,3714053125,Christopherside,U.S.A
788,Diana Cooper,garydeleon@yahoo.com,4331448449,Meyerfort,NA
789,Jorge Villanueva,barbara69@riley.info,9920459091,South Amberville,NA
790,Dana Hill,colemark@yahoo.com,9252322762,NA ,USA
791,Robert James,yperez@miller.info,9373425649,South Katie,USA
792,Sandra Williams,kaylaatkins@garcia.org,,Lake Josehaven,INDIA
793,Barbara Gomez,fcaldwell@jackson-blair.com,7034051904,New Justinfurt, UK
794,Hector Ayers,karen44@yang-arellano.org,3147131137,East David,INDIA
795,Craig Martin,mahoneygina@horn.com,2845241167,Glennshire,CANADA
796,Daniel Curtis,jodi22@smith.com,2686202516,Port Anthonyfort,NA
797,William Webster,tsoto@hotmail.com,4766149128,East Jacob,NA
798,Crystal Bruce,bryantnicholas@johnson.com,5012414233,West Tracy, UK
799,Jeffrey Neal,johndavis@waters.com,8603427032,Port Vincentstad,NA
800,Alan Harris,garyross@yahoo.com,9534060767,West Karenton,NA
801,Paul Moreno,thomas49@coleman-clark.com,8211674175,Ryanborough,INDIA
802,Wendy Cole,ashleypugh@moore.com,5906432083,New Jeffrey,USA
803,Timothy Terry,williammullins@yahoo.com,9168202466,Henryshire,INDIA
804,David Garcia,iray@gmail.com,4142248169,South Sharon,U.S.A
805,Chelsey Austin,elizabethkim@hoffman.net,1718660302,Lake Patricia,INDIA 
806,Cody Clark,bryan06@daniel-peters.com,2314672988,Hernandezburgh,INDIA 
807,Erin Cooley,amanda14@moses.net,6799016298,East Laurafort,CANADA
808,Courtney Drake,iblankenship@barnes-chandler.biz,6544762506,West Angela,NA
809,Frank Moyer,georgehendricks@henderson-lowe.com,2781213578,Maldonadoshire,INDIA
810,Anna Cruz,robin34@burns-pearson.com,1099279462,North Wayne,CANADA
811,Ashley Brown,nolantoni@yahoo.com,5391391200,South Anne,CANADA
812,Monica Ashley,vterry@saunders.com,8600889806,Lake Jaytown,INDIA
813,Samantha Torres,adam03@delgado.com,2569478932,North Kathryn,U.S.A
814,Tanya Phillips,harrisfrank@yahoo.com,,North Susanville,U.S.A
815,Mary Robinson,jacksonjoseph@hotmail.com,1934828176,Natalieshire,INDIA 
816,Victoria Ward,crosbylisa@hotmail.com,9685578021,Lake William,U.S.A
817,Jennifer Gordon,tiffanyhale@yahoo.com,1063691473,Lake Tristanport,INDIA 
818,Samuel Green,kevin26@bennett.com,1740793931,North Russelltown,CANADA
819,Rita Miller,omartinez@yahoo.com,3279017024,North Seanstad,INDIA
820,Kathleen Moses,NA,3648006530,New Joshuaton,USA
821,Sheila Martinez,pdaniels@scott.com,8307914413,Lake Caitlin,INDIA 
822,Karina Warren,kellyjason@patton.com,8273994423,Hannahstad,CANADA
823,Annette Collins,melissaboyd@hotmail.com,1589023576,West Laura,U.S.A
824,Bobby Baker,alextran@hotmail.com,4508805103,NA ,USA
825,Matthew Zhang,rebeccabrown@brown-hunter.com,7402351319,Thomasburgh, UK
826,Nicole Kent,michelle95@barry.com,2118535894,Russomouth,INDIA 
827,Jordan Maxwell,kristenwolf@yahoo.com,1095785322,South Thomasfort,INDIA
828,Stacey Harris,andreajackson@gmail.com,7207841328,Coleton,USA
829,Lydia Carter,donaldsonrachel@adams-barrett.com,3877536272,Sancheztown,U.S.A
830,Mitchell Strong,xthomas@guerrero-ruiz.org,9114380133,Leeborough,U.S.A
831,Ashlee Meyer,uwilliams@brooks-harris.net,8263821382,North Davidtown, UK
832,Rachel Willis,tjohnson@yahoo.com,3754439691,Lambstad,INDIA
833,Dr. Jennifer Boyd,sheryl45@moore-bradshaw.info,,Doughertyside,U.S.A
834,Chase Morgan,jennifer63@thompson.com,9977421052,West Nicoleland,U.S.A
835,Sarah Foster,hartkevin@gmail.com,6241627336,Port Veronica,U.S.A
836,Thomas Barnes,robinsonrobert@smith.com,6057053518,East Benjamin, UK
837,Ashley Fox,NA,8125581964,Port Melissaburgh,U.S.A
838,Judith Smith,imckee@hotmail.com,3748413405,South Jason,CANADA
839,Laura Keller,williamsmichelle@anderson-crane.com,2563434275,South Mary,INDIA
840,Karen Serrano,brandon72@hotmail.com,4288702697,North Calvinchester,USA
841,Madison Giles,craigsanchez@noble-barrett.com,6970283502,Rossport,INDIA 
842,Derrick Lee,shawnsanders@hotmail.com,3244002837,Georgebury, UK
843,Oscar Pratt,wademark@yahoo.com,1588779889,NA ,INDIA 
844,Adam Hensley,kgreen@gmail.com,8624925019,East Daniel,USA
845,Denise Cooper,rkaufman@henderson.com,8828789697,Port Christianside,NA
846,NA,catherinelawson@gmail.com,8280640965,North Brettview,USA
847,Anthony Cobb,christopherwagner@jimenez.net,7970068336,Richardville,CANADA
848,Cody Ramsey,bowennicole@gmail.com,5369018708,South Heatherstad,INDIA 
849,Sara Livingston,amydavies@yahoo.com,,Danielhaven, UK
850,Elizabeth Weaver,richard65@vargas.com,4687770117,Hunterburgh,NA
851,Ernest Adams,hartthomas@gmail.com,4008792588,Maxwellview,USA
852,John Hernandez,starkvicki@hodge-rasmussen.com,5495604825,South Bryceport, UK
853,George Jones,tsmith@gmail.com,7707340287,Port Robert,NA
854,Gregory Tate,andrea07@gmail.com,2119723792,NA ,CANADA
855,Michelle Contreras,shanemahoney@yahoo.com,4905929038,New Heather,INDIA 
856,Michael Hendricks,karendunlap@yahoo.com,6554264380,NA ,U.S.A
857,Phillip Mendez,umendoza@hotmail.com,,New Richard,INDIA 
858,Kendra Miller,NA,6225710299,East Ericberg,USA
859,Alexander Watts,raymond02@yahoo.com,2817317609,Port Seanview,NA
860,Jennifer Valdez,NA,1821888865,West Kristi,CANADA
861,Natasha Jackson,kwheeler@smith.com,3307694279,Theresastad, UK
862,Karla Wood,jacksondavid@montgomery-hoffman.com,6484337239,Lake Abigail,CANADA
863,Crystal Townsend,qmoss@hotmail.com,1935206163,West Carol,INDIA 
864,Patricia Anderson,jacksonjennifer@hotmail.com,5321413161,Sheriton,NA
865,Jacob Flores,francosarah@gmail.com,,Millerside,U.S.A
866,Pamela Schmidt,tlarsen@robinson-cox.com,8432786642,South Joe,USA
867,Mary May,meghanmiranda@hotmail.com,5379806984,Lehaven,U.S.A
868,Abigail Sharp,owright@hamilton.com,9050896445,North Jennifer,INDIA 
869,Joshua Hernandez,randy48@carter.com,6695743137,Tamarachester,USA
870,Alejandra Jones,tommiller@robinson.org,2254121988,NA ,CANADA
871,Dr. Ricky Burgess,wwright@yahoo.com,7329714717,Shafferchester, UK
872,Phyllis Potter MD,lewisjoshua@gmail.com,5510387633,New Trevor,INDIA 
873,Julie Watson,carlos31@davis.com,5842188059,New Allisonchester,U.S.A
874,Susan Morales,travis94@yahoo.com,1806889383,East Brendaport,INDIA 
875,Tony Holland,mark33@gmail.com,,NA ,CANADA
876,Amanda Price,michael22@yahoo.com,9939572693,West Lawrence,INDIA 
877,Angela Gutierrez,garyfry@gmail.com,6837906801,NA ,U.S.A
878,Brian Good Jr.,ijohnson@short.com,3781237842,Port Amyville,INDIA 
879,Angela Booth,rachel04@gmail.com,5913563310,NA ,INDIA
880,Vickie Reed,jill02@yahoo.com,1174879843,Cathystad,INDIA
881,Tara Bell,NA,6730002771,North Douglas,NA
882,Adrian Jones,berryjohn@yahoo.com,6554609514,Carriestad,INDIA 
883,Taylor Phillips,tonyhoward@swanson.info,,NA ,INDIA 
884,Joseph Pratt,franklinphillip@hotmail.com,8736985641,South Billychester,USA
885,Carlos Gray,carlsoncory@gmail.com,1563049649,South Feliciaberg,NA
886,Dr. Henry Collins PhD,onealdebra@fuentes.info,2114561659,Millertown,NA
887,Lauren Cabrera,fergusonmeagan@galloway-harper.com,,East Maureen,U.S.A
888,Robert Lester,NA,9355041120,Crystalburgh,U.S.A
889,Michelle Travis,yburke@hotmail.com,4270871766,Gregoryfort, UK
890,Robert Ortega,ryan53@yahoo.com,2915878626,Danielview,CANADA
891,Tracy Newton,david78@cannon.com,7021061703,Lake Andres,USA
892,Sherry Coffey,zreyes@hotmail.com,9291880545,Lake Alexanderbury,USA
893,NA,rowelaura@hotmail.com,3275704117,Lisaton,NA
894,Angela Barnes,briandiaz@gmail.com,8006531675,Bryanland,CANADA
895,Mr. Craig Beard,pagegeoffrey@yahoo.com,7983064488,Taylorville,NA
896,April Blake,paulespinoza@gmail.com,2826053569,Hoovermouth, UK
897,Marcus Spence,hobrien@gmail.com,4787883860,Port Anitahaven,USA
898,Dr. Matthew Richardson Jr.,jessegarcia@hotmail.com,5146642332,West Carlos,NA
899,Stacy Simmons,nicholashurst@yahoo.com,5714250985,Mcbridefort,INDIA
900,Patricia Terrell MD,annamartinez@gmail.com,,New Grantfort,INDIA 
901,Jody Washington,tannerjesus@cox-walker.com,7947915628,Sarahmouth,INDIA 
902,Julie West,NA,2964719144,West Ann,USA
903,Dr. Lisa Gonzalez DDS,kochwilliam@roman.com,3948672361,NA ,NA
904,Donna Small,griffinalex@velez.com,2271665322,Sullivanbury, UK
905,Donald Gonzalez,melissathompson@gutierrez.org,,West Jaimeburgh,INDIA
906,Antonio Jones,krystaldavis@spencer.net,5938128866,Port Courtneyland,INDIA
907,Tina Roberts,karenevans@davis.net,5198075901,Port Susan,INDIA
908,John Buck,katelynjames@gmail.com,7869339540,Natashastad,INDIA
909,Michael Johnson,makayla57@elliott.com,5150134997,New Rebeccabury,INDIA
910,Mary Brown,williamwilliams@green.net,1354132785,Port Colleen, UK
911,Diana Baker,NA,2013097617,Herreraside,INDIA
912,Katherine Drake,ftate@hotmail.com,6385576040,Buckleytown,INDIA
913,Sarah Huang MD,calvin78@yahoo.com,7299325997,Valentineland,CANADA
914,Jason Ramos,neverett@powell-mason.org,3374387890,South Jesse, UK
915,Brandon Morgan,daviskristen@atkins.info,,East Jeremyland,INDIA
916,Gregory Hamilton,kristymullins@hotmail.com,6602977414,South Rosefurt,USA
917,Carla Wright,kristen67@clark.biz,8668111189,Susanview,USA
918,Travis Brown,parsonsjeffrey@ruiz.com,7448581881,West Alexanderland,U.S.A
919,Scott Cooper,jimenezjulie@hotmail.com,2364808799,New Rebecca,INDIA 
920,Luis Ward,cameron60@yahoo.com,3084957206,West Jasonmouth,USA
921,Anthony Rowe,choidaniel@yahoo.com,4209147498,South James,INDIA
922,Anthony Perry,victoriahooper@perez-castillo.org,5119873147,New Jody,NA
923,Clifford Brown,vmoore@gmail.com,2834308967,NA ,CANADA
924,Darren Lee,devinyoung@hotmail.com,4663808565,Smithshire, UK
925,Daniel Rodriguez,steve94@jones.com,7470073854,Coltonstad,USA
926,Todd Brooks,tonymanning@gmail.com,,Katelynburgh,CANADA
927,Lisa Russell,rodriguezdavid@baird.com,4595693562,North Kevinshire,USA
928,Greg Turner,michael29@ponce-oliver.com,2598945467,Blairfurt,U.S.A
929,Joel Green,ymiller@yahoo.com,4452991224,South Breanna,CANADA
930,Evelyn Brock,daviesphillip@gmail.com,6234370738,Taraside,INDIA
931,Sarah Fisher,NA,2547460616,Hicksside, UK
932,NA,NA,2470258530,Antoniobury,INDIA 
933,Michael Mcintosh,sharonhill@wilson.com,9496981818,Yolandachester,U.S.A
934,Tiffany Tran,stricklandbrian@adams-patterson.com,4698729600,Port Ericville,USA
935,Amber Colon,robbinsjonathan@hotmail.com,9939032775,Zacharyhaven,INDIA 
936,Doris Lawrence,hturner@spencer.com,7661032150,North Michele,INDIA 
937,Teresa Hall,ugarza@gmail.com,6833333756,Durhamville,USA
938,James Patrick,castrobrittany@yahoo.com,7151513178,South Morganshire,USA
939,Sarah Gray,mark82@gmail.com,7177268526,Lake Ryan,NA
940,Charles Edwards,elizabethtyler@blair.com,9629219628,Rogersmouth,CANADA
941,Deanna Olson,fblair@gmail.com,2335320819,NA ,INDIA 
942,Martha Macias,ryan12@yahoo.com,5050741284,North Sharonview,INDIA 
943,Marvin Wilson,wangryan@gmail.com,9433544358,Jeffreymouth,NA
944,John Murray,hallpenny@mcdaniel.com,6604251876,Lake Kathrynton,USA
945,Howard Jones,stephen61@hotmail.com,7703174025,East Julie,NA
946,Jennifer Ellis,hamiltonvincent@hotmail.com,8924805479,Timothyport,NA
947,Tammy Fields,cassandra10@yahoo.com,9043698710,Richardville,CANADA
948,Laura Long,gadams@obrien.biz,5944550637,West Dakotashire,USA
949,Kimberly Turner,NA,3839367080,Debbiefort,INDIA 
950,Angela Young,NA,3890025332,Lake Mary, UK
951,Emily Dalton,jfrench@crosby.com,6769660172,Lake Travisport,NA
952,James Tate,cheryl42@wright.com,6287569241,West Aaronhaven,USA
953,Brian Roman,brittney21@gmail.com,4585903720,North Barbaramouth, UK
954,Nicolas Sullivan,NA,7477907169,West Louisberg,CANADA
955,Justin Maynard,haynesantonio@hotmail.com,7704102868,Lindachester,INDIA 
956,Zachary Jones,jonramirez@stanley.info,4932518526,North Sandra,USA
957,Jeffery Cabrera,elliottdustin@yahoo.com,6894277633,West Jamie,NA
958,Michael Rodgers,astewart@day-dunn.net,6542678420,Lake Stacyside,INDIA 
959,James Mcmillan,chungamanda@parker-simmons.biz,4027627051,Robinsonberg, UK
960,Matthew Moore,cameron62@sanchez.com,2353327182,Andrewstad, UK
961,Stephanie Pierce,williamsstephen@miller-wheeler.com,5137280506,NA ,USA
962,Shawna Cunningham,adamsamy@yoder-wise.com,9632283774,Lake Beckymouth,INDIA
963,Sharon Mann,katrina34@gmail.com,6334169152,Owensland,INDIA 
964,James Austin,jessica90@gmail.com,1989597837,East Brookeborough, UK
965,Leslie Jennings,watsonsusan@hotmail.com,,Chrisport,NA
966,Roy Morgan,samuel98@herman.com,5768313806,North Kayleetown,USA
967,Jessica Acosta,james17@yahoo.com,8085090848,North Christopherland,USA
968,Jessica Williams,wrightjennifer@yahoo.com,4816109080,North Gregoryborough,CANADA
969,George Rivera,ericnavarro@garcia.com,4323547668,East Terri, UK
970,Mary Martinez,justin76@yahoo.com,7134848534,Boydland, UK
971,William Andrade,marissabailey@nelson-miller.com,3931238470,Troyfort,INDIA
972,Jared Brown,matthewstewart@hotmail.com,2348427871,Tiffanyberg,NA
973,Kimberly Orr,jacobrodriguez@cardenas.biz,8312613737,Matthewberg,INDIA
974,Justin Whitaker,rjordan@skinner.com,3666498119,Lake Brett,INDIA 
975,Andrew Robbins,igarcia@hotmail.com,8389541604,Angelamouth,U.S.A
976,Anna Marks,robert78@gmail.com,9673330359,South Kaitlinton,INDIA 
977,David Brady,ydennis@hill-edwards.net,4554234144,Zunigastad, UK
978,Mrs. Ashley Duncan,NA,8751659378,Christianside,CANADA
979,Tracy Valdez,jerrywalker@yahoo.com,5460894844,Lake James, UK
980,Charles Benjamin,danielmorrison@richardson.com,,NA ,INDIA 
981,Shelia Adams,travis27@shields-jones.com,1936638831,South Jeremyfurt,INDIA
982,Gregg Williams,NA,6960497335,Scottfort,INDIA
983,Bailey Rivera,kristen37@hotmail.com,8138322838,Deleonmouth,CANADA
984,Gary Jones,martinderek@yahoo.com,2065776352,Fergusonburgh, UK
985,Courtney Pratt,cindy96@gmail.com,1846424075,South Kyle,NA
986,Mary Olson,NA,9384715363,West Katrina,USA
987,Manuel Young,dustin12@haynes.com,3603720287,Arnoldton,U.S.A
988,Kim Salinas,desireematthews@yahoo.com,2673560759,Lawrencehaven,CANADA
989,Stephen Larsen,teresajohnson@gmail.com,6857628169,Kaiserview,USA
990,Briana Tran,NA,8918106480,North Jasonstad,INDIA
991,Brian Jones,ocunningham@pennington.biz,2066299578,Port David,NA
992,Cheryl Bailey,yjohnston@hayes.org,5107918673,Bergstad,U.S.A
993,Megan Martinez,jennifer62@brown.info,,Hollandmouth, UK
994,Todd Simon,staylor@hotmail.com,2768515640,NA ,CANADA
995,Michael Frazier,steven35@gmail.com,2352226710,Strongton,USA
996,Heather Ramirez,NA,,Lake Robertmouth,NA
997,Ronald Petty,brittanyduke@yahoo.com,1409926675,Rachaelberg,U.S.A
998,Maria Mclaughlin,ashleyromero@valdez-peterson.com,2070273308,South Michaelbury,NA
999,Jennifer Cooper MD,NA,5699638919,Port Timothyland,USA
1000,Eric Graves DDS,poncemelissa@olson.biz,1864919677,Rachelport,USA
1001,Carl Fox,brian05@brock.org,4896762358,Alvarezbury,CANADA
1002,Phillip Brennan,steven87@nicholson-montes.com,1306797138,Parkerview,INDIA
1003,Shelley Lowery,craignathan@hotmail.com,8027469275,South Brittneyville,USA
1004,James Davis,danielsmaria@vega-moran.net,5162579085,Robertsburgh,CANADA
1005,Valerie Lewis,vanessa89@moss.biz,3958884803,Gonzalesmouth,NA
1006,Brian Grant,adamhall@thompson.com,8413621912,Howardtown,CANADA
1007,Shane Wise,sho@williams-medina.com,1261902915,Tiffanyfurt,NA
1008,Ronald Le,ryanpacheco@hotmail.com,1572091777,Brianhaven,USA
1009,Elizabeth Hanson,robertdaniels@allen-evans.com,7541158970,New Daniel,CANADA
1010,Thomas Wagner,bmckay@mason-mcclure.com,5423562764,Lake Jessicatown, UK
1011,Mr. Dalton Chen MD,elizabethgibbs@hotmail.com,8941147973,Jacobsonbury,U.S.A
1012,Chelsea Wright,sandravalenzuela@gmail.com,6390952755,South Paulmouth,INDIA
1013,NA,adamsjohn@bryan-ritter.com,4580407481,East Brenda,USA
1014,Matthew Adkins,aaronholloway@hotmail.com,6218114100,Lake Blake,USA
1015,NA,frederickfigueroa@yahoo.com,1609101229,Lake Charlesport,INDIA
1016,Marcus Gomez,dclark@hotmail.com,3665289745,Laurenstad,CANADA
1017,Keith Navarro,matthew47@hotmail.com,8264994580,Ashleytown,USA
1018,Heather Aguirre,nicoleramirez@bowman.com,4372128507,Craigview,INDIA
1019,John Payne,NA,3423667897,Landrymouth,USA
1020,Ryan Garcia,crawfordronald@marquez.com,3893604218,New Brianchester,CANADA
1021,Nicholas Short,baileyrachael@yahoo.com,3211752406,West Stevenborough,U.S.A
1022,Dylan Schneider,xvazquez@montgomery-thompson.com,8390728668,New Zacharyburgh,INDIA
1023,Craig Charles,kennethleach@hotmail.com,8170416676,Justinmouth,CANADA
1024,Charles Callahan,davidmyers@hotmail.com,3871256711,South Gregory,USA
1025,Edward Mitchell,mark77@moore.com,9000551491,Hubbardfurt,INDIA 
1026,Christina Franklin,ricetraci@peterson-castillo.net,9420734259,South Mistyborough,NA
1027,Amy Harris,zanderson@phelps.biz,5233802240,NA , UK
1028,Cindy Wilson,ndavis@yahoo.com,1566466561,Lake Maryview,U.S.A
1029,Charles Atkins,richardbentley@malone-burnett.com,7912207338,North Amy,U.S.A
1030,Samuel Chavez,terrycowan@gmail.com,2296151488,South Gabrielland,USA
1031,Charlotte Wade,rebecca50@rodriguez-hopkins.com,7621455885,New Charlesstad,INDIA 
1032,Lisa Acosta,NA,,South Christopherfort,NA
1033,Michael Herman,smithdonna@chung.com,3234915354,Port Melissaport,INDIA
1034,Michael Olsen,gregorykramer@mann.net,9128930103,Jamesland,CANADA
1035,Tammy Rojas,munozjodi@gmail.com,4401504070,Robinsonfurt,INDIA 
1036,Shane Cantrell,NA,,New Allison,INDIA
1037,Cheyenne Vaughn,robert62@gmail.com,6769035865,East Jonathan,INDIA 
1038,Diana Jones,mosesdaniel@wood.com,3553399493,North Tyrone,U.S.A
1039,Julie Richards,smithchristopher@gray.net,3121090298,Lake Erik,U.S.A
1040,Anthony Hebert,brianlopez@yahoo.com,,New Lindachester,CANADA
1041,Susan White,NA,2060405898,East Patrickhaven,NA
1042,April Phillips,james54@hotmail.com,9278736698,Christophermouth,USA
1043,Tammy Schmidt,cindytyler@watson-rice.com,5249823093,Stevenville,INDIA 
1044,Wayne Stanton,NA,7519917859,Yvonnechester,INDIA 
1045,Allen Lowe,bennetttammy@yahoo.com,1289869552,Farrellfurt,USA
1046,Jeanette Johnson,stephen18@smith.net,9893974456,Kendraborough,CANADA
1047,Kristen Smith,wjames@beard-mcintosh.com,7911029554,NA ,CANADA
1048,Molly Landry PhD,smithjonathan@yahoo.com,,South Richardbury, UK
1049,Shawn Jordan,chase66@gmail.com,1189151019,Lake Michaelburgh,U.S.A
1050,Thomas Jackson,vaughanmegan@bird-bailey.com,7963413162,East Kelseyshire, UK
1051,Mike Lin,NA,9833758642,Lindatown,INDIA
1052,Eileen Jackson,billy74@yahoo.com,9946603174,Carolmouth,NA
1053,Jessica Christian,patricia27@yahoo.com,8810170441,NA ,CANADA
1054,Nicholas Wall,lhendricks@hotmail.com,5270842006,South Richardview,USA
1055,Matthew Martinez,michael74@patterson.com,2632668733,Claudiaside,INDIA 
1056,Eric Peterson,ujohnson@english.com,3659016266,Lisashire, UK
1057,Kirsten Jones,wwhite@mcgrath.com,4669161654,New William,NA
1058,Justin Espinoza,dmaldonado@hotmail.com,,Kellyberg,CANADA
1059,Veronica Watson,jonathan43@hotmail.com,4317390600,Port Williamchester,U.S.A
1060,Eric Miller,vcampbell@hotmail.com,9187681206,Port Teresa,INDIA
1061,Jordan Davis,pacosta@baker-scott.net,8778780678,South Stephanie, UK
1062,Melanie Jensen,sparsons@yahoo.com,,East Dawn,INDIA 
1063,Christopher Webb,lindahart@ross-barnes.com,5769566376,Mitchellborough,INDIA
1064,Kenneth Benson,dhunter@mendez-mills.net,8817235636,Nicholasshire,INDIA
1065,Tyrone Wright,patricktodd@gmail.com,9720303075,Tarashire,NA
1066,Drew Ellison,smithsamantha@gmail.com,1802631132,Aguilarchester,CANADA
1067,Troy Marshall,juliegordon@yahoo.com,2384993975,Grantmouth,NA
1068,Brian Lozano,rvaldez@gmail.com,9920002282,Patelburgh,INDIA 
1069,Victor Day,jjackson@hotmail.com,2442977896,NA ,USA
1070,Anthony Farmer DVM,NA,8346184876,West Jacob,U.S.A
1071,Christine White,timothymays@yahoo.com,3532396580,West Kayla,NA
1072,Andrea Parker,jarviserika@yahoo.com,5158584779,Peterbury,INDIA 
1073,Rodney Sanchez,pgutierrez@cook.biz,2313372545,Lake Mariah,INDIA 
1074,Bailey Edwards,lboyle@hotmail.com,7409449930,West Monica,NA
1075,Robert Jackson,morriskelly@yahoo.com,6652436423,Port Elizabeth,INDIA
1076,Kimberly Barber,revans@gmail.com,6769757172,Tateton,USA
1077,William Parsons,dmorrison@hotmail.com,1795508818,Greenland,CANADA
1078,Kelly Hansen,NA,7216666836,West Sarah,NA
1079,Steven Gardner,wupatrick@morris.com,3635783849,Dennisland,INDIA 
1080,Courtney Butler,fbarnes@frederick.info,9467280634,Whitemouth,INDIA
1081,Jason Chavez,julia10@gmail.com,8337775931,Gonzalezfort, UK
1082,William Pearson,NA,6678055593,West Jenniferburgh,INDIA 
1083,Dale Humphrey,timothy78@kidd-nelson.com,6574996155,Lake Michelleton,USA
1084,Claire Cook,mthomas@boyer.com,1922337476,Danielshire, UK
1085,Paul Barnes,kimberly30@rios.com,5915491686,Port Juliatown,INDIA 
1086,Claire David,ariel65@hunt-moore.com,8024303050,Leslieville,USA
1087,Deborah Cortez,cindyjones@holland.com,9013011300,West Manuel,U.S.A
1088,Austin Roberson,NA,1118667546,New Elizabeth,CANADA
1089,Rebecca Ho,NA,,Reneeburgh,INDIA
1090,Alexandria Wilson,jgonzales@yahoo.com,9298983320,Lake Sandraview,INDIA
1091,Kristin Hartman,cheryl52@hotmail.com,2105925875,West Olivia,U.S.A
1092,Melissa Davis,vasquezkyle@dixon.com,9453440237,Julieville,U.S.A
1093,Sharon Oliver,brenda12@yahoo.com,3791322400,Deanfort,USA
1094,Eugene Bailey,travis86@white-adams.com,,West Tina,INDIA
1095,Carlos Williamson,allison69@jones-aguilar.com,9009401681,Mariamouth,INDIA
1096,James Thompson,travis22@hines.net,7893075249,West Jamie,USA
1097,Gerald Richard,rlambert@yahoo.com,9415103800,Burnstown,INDIA
1098,Troy Fletcher,morrisangela@gmail.com,7770502391,Christopherport,U.S.A
1099,Ruth Chen,NA,8262625729,Francisland,USA
1100,Lori Hall,coreywest@gmail.com,9783820072,South Hannahborough,INDIA
1101,Lisa Stephens,hallmichael@james.org,2785200786,Danielport,CANADA
1102,Alyssa Willis,nshepherd@perez.com,3533948415,North Stephen,INDIA 
1103,Mark Smith,gary20@jones-brown.com,1266763298,Port Christineside,CANADA
1104,Michelle Haley,NA,,NA ,USA
1105,Kevin Thomas,alyssa20@faulkner-cruz.com,2533096280,Morganmouth,INDIA 
1106,Gilbert Jones,kim23@haynes.biz,4963190463,Leefurt,NA
1107,Lee Nelson,igibbs@gmail.com,8475396171,New Juliachester,INDIA 
1108,Johnny Gardner,dixonsean@hodges.net,4703095167,Port Rhonda,U.S.A
1109,Kelly Nguyen,jonesjack@gmail.com,5153667960,South Edwardshire,NA
1110,Kimberly Hunter,katrinawatts@gmail.com,7182332581,North Markstad,U.S.A
1111,Joseph Rosario,dennis29@mcconnell.com,1096281878,Port Craigside,INDIA 
1112,Thomas Fitzgerald,erikvega@yahoo.com,7205142176,Lake John,INDIA 
1113,Sally Dennis,dawnhansen@richard.com,5600239004,Sarahberg,USA
1114,Christine Brewer,gwang@yahoo.com,5070428542,Bellton,INDIA 
1115,John Sandoval,NA,9952691071,Jakeburgh,U.S.A
1116,Kenneth Steele,benjamin62@yahoo.com,4539090822,Lake Mark,USA
1117,Robert Burton,NA,,Kristinfort,INDIA 
1118,Justin Fernandez,carol33@yahoo.com,3112756351,Lake Alejandrabury,INDIA 
1119,Jordan Sanders,valerie14@yahoo.com,6239746942,New Timothyberg,INDIA 
1120,James Williams,michele33@gmail.com,5173371625,Jackville, UK
1121,Brandon Moon,brandonperez@gutierrez.com,4286536587,Chavezside,INDIA 
1122,Kevin Williams,castillosean@patrick.net,5499883130,Lake Troyview,INDIA 
1123,Trevor Brown,wilsonvictor@stone-lin.com,6468964188,Lake Richardton,USA
1124,Alexander Fleming,joe22@wilson.com,5439577320,NA ,INDIA 
1125,George Williams,brenda90@hotmail.com,,New Johnside,U.S.A
1126,Jesse Fernandez,mharrison@brooks.com,8511001237,New Thomas,U.S.A
1127,Gary Smith,davisdean@hanna-duffy.com,2854572228,Millerhaven, UK
1128,Karen Gill,judith34@trujillo.com,,Sandraborough,INDIA
1129,Sarah Clark,mark30@sanford.net,3883027460,Toddbury,CANADA
1130,Victor Mitchell,ortegalogan@hotmail.com,8828246508,East Edwardfort,U.S.A
1131,Tara Weaver,amycook@gmail.com,3862054739,Brandonmouth,INDIA 
1132,Richard Scott,prestonyvonne@gmail.com,3126043502,North Danny,USA
1133,Douglas Powell,vasquezteresa@hotmail.com,7503996141,Morrishaven,U.S.A
1134,Jordan Hobbs,adamsmichael@hotmail.com,5971269420,Larrychester,NA
1135,Lisa Taylor,conniecuevas@ali-barnes.biz,8991885205,Benderstad,INDIA 
1136,John Luna,pamela28@smith.com,5503834774,New Lindastad,NA
1137,Ronald Hanson,melissaoliver@gmail.com,8654376447,Kerribury,INDIA 
1138,Janet Allen,russellkim@hotmail.com,4587262530,South Aaronfort,USA
1139,Daniel Myers,morrowmichael@gmail.com,6328379792,West Zacharytown,USA
1140,Robert Brock,ldaniel@gmail.com,1759399930,Amandaside,CANADA
1141,Lindsay Simpson,monica83@taylor-beard.com,4103104735,Lake Sarah,CANADA
1142,Clayton Allen,NA,7691477324,Danielhaven,INDIA
1143,Rachel Smith,tatesamuel@yahoo.com,7790394826,South Cody,INDIA 
1144,Samantha Duncan,icastillo@hotmail.com,8139332179,Samanthashire,CANADA
1145,Jonathan Williams,michelle76@cardenas.com,5582280131,Zacharymouth,INDIA
1146,Adriana Roy,alvaradoanna@forbes-jordan.net,2139558421,Kaitlynbury,U.S.A
1147,Patrick Schroeder,yvette59@gmail.com,8051337432,Hobbsbury,CANADA
1148,Cheryl Ryan,fhicks@yahoo.com,8471666754,Gordonview,NA
1149,Amanda Massey,amybell@eaton.net,8390673889,Johnsonmouth, UK
1150,Terry Brown,nnicholson@hotmail.com,5663405996,West Kendraside, UK
1151,NA,NA,3700484178,Thompsonmouth,USA
1152,Derek Mcbride,wallacenatalie@guerrero-berger.biz,1927142045,Sylviabury,NA
1153,Jonathan Turner,tracybrown@avila.com,8140270066,North Ashley,INDIA 
1154,NA,floresjennifer@yahoo.com,7920703833,East Debratown,INDIA
1155,Tammy Stephens,wheelercalvin@gmail.com,5503115716,Jacobfort,NA
1156,Sara Black,walterjessica@gmail.com,3568873945,Penaberg,CANADA
1157,Jessica Bennett,xcampos@gmail.com,2220896561,South Jasonshire,U.S.A
1158,Robert Mitchell,adampratt@gmail.com,7762431605,East Nathan,INDIA
1159,David Green,heatherhowe@smith.com,3652423168,Lake Edwintown,CANADA
1160,Lisa Johnson,ykerr@le.org,,Port Randyfurt,INDIA 
1161,Timothy Davis,elizabethnguyen@yahoo.com,1553279251,East Paula,INDIA 
1162,Elizabeth Mccall,jasmine94@stewart.com,7488709888,South Gerald,USA
1163,Mr. Jeffery Sharp,gracedixon@yahoo.com,,Fowlertown,INDIA
1164,Christopher Rodriguez,michael56@cherry.com,1400091027,Lake Jessica,CANADA
1165,Brittany Romero,kathryn15@gonzalez.com,6649623560,Darrenville, UK
1166,Gregory Morgan,spearsgabrielle@martinez.com,2263402439,Johnville,INDIA 
1167,Robert Rodriguez,christopher05@hotmail.com,7857854640,Charlesside,INDIA 
1168,Kurt Jarvis,swest@hotmail.com,7648633054,Norrisborough,INDIA
1169,Sean Davis,drose@gallegos.com,5201547454,North Pamela,CANADA
1170,David Dickerson,ssherman@haley.com,2590853828,Port Jenniferland,U.S.A
1171,Kelsey Lopez,donald82@hotmail.com,,West Ryanfort,INDIA
1172,Tonya Gay,kellyphillips@gmail.com,4485279269,North Johnchester,INDIA 
1173,Joe Bryant,martinezlaura@yahoo.com,4574382478,Kirkfurt,USA
1174,Shannon Jones,katherine08@gmail.com,1300240182,Lake Jennifer, UK
1175,Casey Brown,fparker@mooney.com,4689426510,Lake Sharon,INDIA
1176,James Daniels,timothyfitzpatrick@duarte.net,1678933523,Christinamouth,NA
1177,Ann Mcclain,trodriguez@yahoo.com,2718794994,South Kentview,NA
1178,Leslie Reed,mark53@hotmail.com,3565163867,Turnerville,INDIA
1179,Jaime Nelson,csavage@graves.com,7432084220,Hendersonville,NA
1180,Ryan Nicholson,tinapadilla@hotmail.com,3290585009,Lake Williamhaven,INDIA
1181,Christopher Harris V,lewisgary@yahoo.com,2022441744,West Danielle, UK
1182,Tina Barber,jmorse@harmon.com,6366669313,Michaelchester,USA
1183,Jared Avery,heidiferguson@white.info,6595738446,Port Angeltown,USA
1184,Mike Rivera,rglover@wallace.com,7197147061,Meghantown,INDIA
1185,Erica Hart,kellykhan@gmail.com,2899313458,Santiagoshire, UK
1186,Katherine Delgado,greenjill@yahoo.com,9516899542,East Patriciastad,NA
1187,Loretta Ortega,NA,4661196117,New Matthew,CANADA
1188,Donald Lawrence,imiller@gmail.com,,Matthewsstad, UK
1189,James Phillips,nholt@yahoo.com,7481838880,Port Christinatown,USA
1190,Steven Brown,matthewstrong@miller-reed.biz,7028928288,Wayneton,U.S.A
1191,NA,jasmineramos@martin.com,1835514714,Christopherview,CANADA
1192,Thomas Stanley,johndean@hotmail.com,7037473950,New Timothymouth,USA
1193,Kathryn Rodriguez,frenchstephen@gibson-khan.com,1092207583,Shaffermouth,CANADA
1194,Matthew Hester,katherineshannon@torres-rodriguez.biz,6365435090,West Lisa,NA
1195,Victoria Collins,brian62@yahoo.com,6310944472,Seanland,INDIA
1196,Cindy Braun,mcdonaldlisa@yahoo.com,2015027308,Alexanderland,U.S.A
1197,Harold Ruiz,jstrickland@martin.com,7995706394,South Heather,U.S.A
1198,Casey Whitaker,melanie13@hotmail.com,5088408805,Deanfort,CANADA
1199,Kimberly Meyers,kgalvan@turner.com,8678632240,East Michael,USA
1200,Jason Ferrell,dhickman@hotmail.com,8992366559,North Matthewton,CANADA
1201,Joshua Rich,matthewhowell@hotmail.com,2404830042,West Tinaburgh,NA
1202,Scott Hampton,daystephanie@walker.net,6779702382,Edwardsbury,USA
1203,Jennifer Williams,rosedaniel@gmail.com,2242756600,East Bailey,NA
1204,Angel Michael,peterhall@yahoo.com,7550924979,South Alisonside,USA
1205,Elizabeth Weber,thomasparker@howard-hicks.com,5141421703,NA ,INDIA 
1206,Elizabeth Barnes,ricky52@gmail.com,6986197416,North Nicoleland,USA
1207,Nicholas Campbell,tbell@crawford.com,1569794869,New Christinamouth,U.S.A
1208,Brittany Williams,qgreen@gmail.com,6216169799,NA ,USA
1209,Stacy Hernandez,deannarobinson@stewart-hodges.biz,4801103393,North Matthewfort, UK
1210,Kristin Jones,tmcdowell@hotmail.com,6343330665,Underwoodbury,INDIA
1211,Lisa Wilson,hernandezmelissa@ochoa.info,3671385234,West Jenniferfurt,U.S.A
1212,Amber Martin,petersonmichael@gmail.com,,Port Kimberly,USA
1213,Sherry Kemp,yhutchinson@james-mills.net,4202523816,West Tracychester,CANADA
1214,Brian White,NA,6771796359,North Zachary,USA
1215,Joshua Boyd,susan51@powell-chambers.com,8595778915,Debraberg,NA
1216,Brittany Frost,NA,5271265712,Clarkhaven,CANADA
1217,Ricky Stokes,brittanyandersen@white.net,2267071102,Lake Jose,USA
1218,Michael Palmer,haley82@kim.com,7450539002,East Valerieview,CANADA
1219,Chelsea Rocha,james47@hooper-huang.net,2434204363,Port Nicolehaven,INDIA 
1220,Rebecca Nelson,rodney10@gmail.com,6422466741,Lake Briannahaven,NA
1221,Nichole Marshall,NA,5679053105,New Frank,INDIA 
1222,Eric Patrick,michael69@yahoo.com,8967144149,Laurenberg,U.S.A
1223,Terry Salas,lisanichols@anderson-robinson.com,5502309889,East Randyberg,INDIA 
1224,NA,tracyscott@myers.net,2891882873,New Brett, UK
1225,Miranda Howard,thomasbeth@gmail.com,3999626668,Sanchezview,INDIA
1226,Thomas Delgado,katherine12@warren-gonzalez.org,,North Mitchell,INDIA
1227,Jennifer Jones,tyleranderson@figueroa.org,9416147286,Lake Daniel,INDIA
1228,Kevin Martinez,thomas27@jones.biz,1439588845,NA ,INDIA
1229,Mackenzie Moran,thomas06@lopez-burns.com,3952406351,Lake Nathanview, UK
1230,Elizabeth Hill,tomharris@hotmail.com,9421029188,Collierbury,CANADA
1231,Alicia Dixon,clarence26@hotmail.com,9888916512,Sheristad,NA
1232,Cody Rogers,adam76@yahoo.com,3817438809,North James,NA
1233,Linda Martinez,darlene86@fuentes.com,6531069051,East Carolshire,INDIA
1234,John Jones,thancock@yahoo.com,3230286795,New Kimberlychester,NA
1235,Debra Terry,coxmolly@matthews.biz,9993458871,Hannahmouth,USA
1236,Devin Long,jane58@hotmail.com,5670730878,NA ,INDIA 
1237,John Perry,robin20@martinez-park.com,4049852648,Rossport,CANADA
1238,Ronald Brown,jessicaguzman@young-barnes.info,2511514789,Mannfurt, UK
1239,NA,omar68@hotmail.com,9585031507,New Lauraburgh,U.S.A
1240,Stacey Diaz,audrey61@ewing.biz,1471314851,Port Ashleyfurt,U.S.A
1241,James Small,olsenrebecca@coleman.com,3506377061,New Lorraineland, UK
1242,Steven Robertson,tylerbowman@rodriguez.com,4729762003,Cindyside,USA
1243,Dakota Hopkins,samuel01@hotmail.com,3257621067,Sanchezport,NA
1244,Robert Wood,tylermitchell@simmons-bennett.com,4267093545,Webbberg,INDIA
1245,Robert Moore,gtran@wilson-pierce.com,6274628894,Kimberlyview,CANADA
1246,Matthew Young,kelleyisaiah@luna.net,8151948946,Georgemouth,NA
1247,David Burton,christopherwright@hotmail.com,1404950185,Owensfort,CANADA
1248,Jeremy King,fbarker@mathis.com,5405868771,East Diana,INDIA
1249,Casey Oliver,elliottsandra@clark.com,1588607073,Gabriellemouth,NA
1250,Sarah Mendez,jcastro@hotmail.com,,Lake Mistyview,NA
1251,Andrew Morris,heather39@yahoo.com,9973399613,Crawfordview,CANADA
1252,Christopher Maddox,sanchezadam@hotmail.com,3084657548,NA ,USA
1253,Mia Nunez,ryansanchez@stafford.biz,8847079729,New Robertmouth,INDIA
1254,Stephen Hernandez,NA,9258596914,Port Nicholas, UK
1255,Todd Mendez,andrew47@gmail.com,6849919861,Brendabury,CANADA
1256,Isabel Smith,NA,2176490994,Chadtown,U.S.A
1257,Nancy Villegas,andrea48@knox.com,6519925387,East Travisport,INDIA
1258,Jared Burns,dawn38@powell.com,,South Tashabury,U.S.A
1259,Ethan Sullivan,paulstone@yahoo.com,8843876378,Santiagoshire,CANADA
1260,Brittany Castillo,sperez@yahoo.com,1554906495,Lake Maryton,INDIA
1261,Sarah Brown,wphelps@gmail.com,2739593989,North Scott,INDIA
1262,Daniel Craig,morgangerald@gmail.com,3452662040,Davilaburgh,USA
1263,Harold Quinn,erinharris@gmail.com,3811496162,North Sarahburgh,USA
1264,Rebecca Chase,christinarodriguez@bailey.com,3453477436,Hermanville,INDIA
1265,Shannon Hinton,kristencontreras@hawkins-bennett.com,2787108511,Williamsville,INDIA
1266,Joseph Sanchez,istrickland@yahoo.com,5295658101,Lake Lisa, UK
1267,Cole Rivera,sarah73@duncan.biz,8329186273,South Lindaland,INDIA
1268,David Lewis,dylan78@yahoo.com,6191596001,Campbellbury, UK
1269,Jennifer Adams,thompsonbrian@yahoo.com,5794540178,NA ,INDIA 
1270,Brian Petty,jeremy92@green-vazquez.com,8615783329,Lake Christopherfurt,INDIA
1271,Stephen Vaughan,brianvega@yahoo.com,7627326283,Staceyside,CANADA
1272,Sarah Simmons,uhorton@banks.net,8878567443,NA ,U.S.A
1273,Holly Hill,alexanderhenry@fields.com,,Hayesborough,NA
1274,Danny Boyle,oberg@hotmail.com,2795767361,Emilyton, UK
1275,Gregory Reynolds,james13@dillon-rice.com,7177110333,Stephaniemouth,U.S.A
1276,David Hall,sandersalison@barker.com,5608906662,North Laura,INDIA
1277,Harry Allen,brittany84@schwartz-hanson.net,2180092814,Jesusland,CANADA
1278,Christopher Davis,jason41@singleton.com,3272484390,East Kellychester, UK
1279,Beverly Norman,jasmine27@jordan.com,8936648298,East Anitahaven,INDIA
1280,Chris Jarvis,NA,6039015932,Meyermouth,NA
1281,Cheryl Shaw,cheryl82@gmail.com,4956290877,North Christine,INDIA
1282,Jeffrey Ferguson,andrew22@gonzalez-cox.com,5542268557,NA , UK
1283,Joseph Torres,karinawilliamson@hotmail.com,5791145612,Port Sheila, UK
1284,Jordan Cherry,christina53@smith-green.com,6208595575,West Mia,U.S.A
1285,Marco Castillo,patricia10@yahoo.com,9001759284,Meganland, UK
1286,Jeffrey Wallace,tford@gmail.com,3511342728,Burchstad, UK
1287,Anthony Miller,anthony35@mcclain.com,5952024819,Powelltown,INDIA
1288,Timothy Blankenship,phoward@chavez-manning.com,5955922714,South Amber, UK
1289,Michelle Garcia,taylordustin@smith-ryan.net,4004356646,Longtown,CANADA
1290,Robert Roberts,floreskristen@erickson.info,2231011099,Prestontown, UK
1291,John Harris,humphreykristen@gmail.com,8588280748,South Richard,U.S.A
1292,John Williams,tammy77@herman.com,4562385806,Christinebury, UK
1293,Dawn Mcgee,christinebradshaw@yahoo.com,1716144458,East Katherineview,USA
1294,Leslie Knight,patricksims@jones.com,5639649863,New Pamelafort,INDIA
1295,Thomas Riddle,anthony83@yahoo.com,2163189233,Erikaland,U.S.A
1296,Jacob Wallace,ryan32@wood.info,5677494556,Port Samuel, UK
1297,Denise Christian,jordanbell@velasquez-richardson.com,4069679742,East Alyssa,U.S.A
1298,Joan Gordon,aaron02@gmail.com,4988291720,Stephaniemouth, UK
1299,Susan Johnson,NA,9529814970,Gardnerfort,CANADA
1300,Dorothy Reyes,sharon38@collins.com,7575924832,Johnsonfurt,U.S.A
1301,Denise Jacobson,chungjennifer@yahoo.com,2371054835,Dyerbury,CANADA
1302,Jesus Craig,sarahcooper@dawson.com,4609183843,East Donna,USA
1303,Kelly York,scollins@valdez-garcia.com,9045990099,Jennyberg,INDIA 
1304,Timothy Campbell DDS,nicholas99@hotmail.com,6818321629,South Dorisville,INDIA
1305,Joseph Miller,carlos21@english.com,1495014347,Rubenfort,U.S.A
1306,Jeremy Smith,esparzadonna@bartlett-moon.info,,North Charles,INDIA 
1307,Alexis White,tammybennett@hotmail.com,3828453258,East Albertmouth,INDIA 
1308,Kimberly Smith,foxcole@bradley.com,4876742087,Lake Kyle,INDIA 
1309,Jessica Roy,sandersraymond@gmail.com,9192256968,Port Abigail,INDIA
1310,Brandon Hood,megan19@carter-matthews.com,2710593255,NA ,U.S.A
1311,Jason Benjamin DVM,ccunningham@roberts.com,6528956097,West Shawnmouth,NA
1312,Maurice Warren,jessica51@yahoo.com,5285565802,Ginaborough,USA
1313,Kelsey Charles,caitlinsmith@hotmail.com,8243601257,West Alexanderburgh,INDIA
1314,Ian Davis,NA,7975428794,Faulknertown,CANADA
1315,Katherine Mills,cameronleonard@ortega-sweeney.com,5795248713,Kristentown,NA
1316,Joseph Leonard,lonniemitchell@gmail.com,7424447635,North Pamela, UK
1317,Linda Adams,anthony58@king-smith.com,6907011778,New Brookeberg,INDIA 
1318,Kristen Mcgee,stephenskatie@johnson-johnson.com,8899258599,NA ,INDIA
1319,Rachel Bell,paula04@neal-moyer.com,6772278713,Parkerton,USA
1320,Willie Hart,ehiggins@schmidt.com,7728631971,North Jennifer,NA
1321,Robert Hanson,anthonysharp@yahoo.com,1491742403,Leeshire,NA
1322,Ashley Brown,harrythornton@gmail.com,7991498698,New Shannon,INDIA 
1323,Jennifer Brock,bethany23@perry.com,6400065726,Brownview,INDIA
1324,NA,adamgraves@gmail.com,8995965187,Ryanborough,CANADA
1325,David Black,brandon16@hotmail.com,6782913051,Elijahfort,USA
1326,Dawn Hays,dillonchad@yahoo.com,3192031242,Melissaview, UK
1327,Alexandra Freeman,moorecharles@hotmail.com,2886373133,Leefort,CANADA
1328,Brandon Mueller,theresa88@hotmail.com,2510428794,New Brandonfort,USA
1329,Jeremy Tucker,humphreygabriel@peterson.com,8404602553,Laurenmouth,NA
1330,Marc Zimmerman,lawsonlaurie@gmail.com,4861505182,New Oscar,INDIA 
1331,Mercedes West,danielsmichaela@yahoo.com,4382942624,Rojasfurt,U.S.A
1332,Brandon Williams,christopher98@mclean.com,7921460116,Johnbury,USA
1333,Jason Thompson,thomasdavid@hotmail.com,8290564796,Amandachester,INDIA
1334,Kevin Barton,bmiller@hotmail.com,4040710051,West Juliachester,NA
1335,Matthew Haley,natalie77@hotmail.com,9213271428,South Christopher,NA
1336,Norman Brooks,ghughes@hotmail.com,3121915499,New Daniel,USA
1337,Melissa Hill,dunnsara@yahoo.com,5007900684,West Sheila,USA
1338,Thomas Long,meaganpadilla@marshall-sutton.com,3371276540,New Ashleychester,CANADA
1339,Jerry Martin,fmoore@cummings.net,5018350691,Lake James,INDIA 
1340,Debra Jenkins,greg27@hall.com,5372565955,NA ,INDIA 
1341,Jennifer Bradley,johnsonmichelle@lewis.com,7189267315,Kentberg, UK
1342,Scott Fuller,NA,3494010282,East Crystalland,USA
1343,Timothy Rowe,mmueller@gordon.com,5695937884,West Jeffrey,NA
1344,Richard Mendoza,cooperryan@rogers-hopkins.com,2860089355,Millerstad,USA
1345,Nicole Beck,lisa64@yahoo.com,1878649640,North Diane,INDIA
1346,Sherry Byrd,michael58@lin.net,2950716573,Johnsonmouth, UK
1347,Corey Clark,jaredhutchinson@boyd.net,2531364211,New Kara, UK
1348,David Jones,melissahill@matthews-cain.com,8866821890,South Melanietown,INDIA
1349,Kathleen Warren,ycardenas@hotmail.com,1128829360,South Karen,NA
1350,Joseph Huynh,dennisconner@hotmail.com,5479618502,New Josephland,U.S.A
1351,Daniel Walker,NA,1021884537,Port Samantha,U.S.A
1352,Tabitha Lawrence,popepeggy@gmail.com,1842593615,Stricklandburgh, UK
1353,Thomas Pacheco,fishersamantha@hotmail.com,2960209388,East Christopher,CANADA
1354,Mary Brown,vsmith@gmail.com,6681283521,Perryfurt,NA
1355,Heather Hughes,lroman@gmail.com,7305727229,North Elizabethtown,NA
1356,Justin Lozano,kennethphillips@gmail.com,8843021938,NA ,INDIA
1357,Kathy Calhoun,vcole@taylor.biz,9168766108,NA ,CANADA
1358,NA,griffinlatoya@phillips.com,,Port Danielleview,NA
1359,Taylor Williams,diazsarah@walker-richardson.com,4651606702,Hansenshire,NA
1360,Ann Shaw,hernandezjerry@kirk.com,9784887961,New Jillberg,INDIA
1361,Melissa Foster,daniel08@holt-wade.biz,5346132665,West Ian,INDIA 
1362,Tiffany Wade,brownjennifer@hotmail.com,3643538593,Tonyfurt,U.S.A
1363,Bryan Thompson,codyharrison@walter.com,4830282226,Arthurborough,INDIA
1364,Samuel Patterson,jason53@weber.com,1462847803,South Brettmouth, UK
1365,Melissa Atkinson,smithjon@hotmail.com,,South Nancy,USA
1366,Stephen Bennett,watkinsmichael@yahoo.com,2804923585,Port Kristimouth,NA
1367,Cody Baker,swong@yahoo.com,5718521686,North Lisa,INDIA 
1368,NA,vincentbernard@smith.com,8321451956,Samanthahaven, UK
1369,Charles Sanchez,kcook@clements-gomez.com,5937683559,Ambermouth,INDIA
1370,Nicole James,NA,6252272968,NA ,USA
1371,Maria Brown,destiny88@hotmail.com,,Danielfurt, UK
1372,Zachary Sanders,pattersonmario@ortiz-dunn.biz,6868887802,West Thomasberg,CANADA
1373,Samantha Perez,johnhull@santiago.org,8851743690,Mossfort,INDIA 
1374,Samuel Davis,reyesjerome@robinson.com,8869366440,Shepherdport,INDIA
1375,Susan Johnson,castrocarlos@moreno-mcguire.com,2667149962,Lake Bethmouth,U.S.A
1376,Zachary Hernandez,ksmith@hotmail.com,6693457491,West Alexander, UK
1377,Jennifer Davidson,zburns@ray.com,1775692973,Marybury,U.S.A
1378,Derek Walker,iconway@benitez-lynch.com,9385138621,Meganshire,INDIA
1379,Kristina Wright,douglas16@simmons.net,6259800294,Melissaberg,INDIA 
1380,Angela Aguilar,colemanmarissa@clark.com,3848744040,Jasonton,INDIA
1381,Rachel Wong,paynestephen@gmail.com,5726365811,South Christopherport,INDIA
1382,Kimberly Miller,gregorybenjamin@gmail.com,3335874252,Port Caitlin,INDIA
1383,David Harvey,rolsen@jacobs-johnson.com,3301155965,South Brenda,INDIA
1384,Melinda Cummings,gfields@santos.org,,Coxburgh, UK
1385,Kevin Gonzalez,theresanguyen@yahoo.com,7392650302,Wagnershire,INDIA 
1386,Tammy Thompson,samantha67@gmail.com,1012736301,Kirbybury,USA
1387,Amanda Smith,gaguirre@hotmail.com,1950399338,South John,U.S.A
1388,Kara Evans,shepherdross@yahoo.com,5123057716,Lake Tommy,USA
1389,Deborah Hamilton,bridgetyu@stark-ruiz.com,4127848212,Jimenezmouth,INDIA 
1390,Kari Deleon,qcollins@yahoo.com,2596957068,North Aaronbury,USA
1391,George Estes,zstone@gmail.com,6604688702,Barajasburgh,INDIA 
1392,Deanna Moss,NA,8578314593,Leehaven,INDIA 
1393,Jose Sweeney,heathtony@yahoo.com,,Melissaside, UK
1394,Jonathan Taylor,NA,8786342321,East Ryan,INDIA 
1395,Jenna Perez,jonesnicholas@hotmail.com,4695523782,Moyerberg,NA
1396,Lisa Rogers,gibsonellen@gmail.com,9094716879,Smithfurt,CANADA
1397,Eric Garcia,laura67@hotmail.com,,Angelaton,USA
1398,Christopher Carrillo,NA,6467271837,East Davidview,USA
1399,Tyler Lopez,fjohnston@townsend.com,7013197168,Dennisbury,U.S.A
1400,Yolanda Thomas,stephensmary@robinson-beltran.com,8599933127,Port Coreymouth, UK
1401,Kevin Ware,vanessaholloway@gilbert.com,1259183801,New Hollyview,NA
1402,Patricia Smith,clarkmichael@lambert-alvarez.org,4073606700,North John,USA
1403,Christopher Jones,katherine56@hotmail.com,2802051208,Coltonberg,INDIA
1404,Mr. Timothy Gomez,sware@yahoo.com,2511635447,New Jonathan,INDIA 
1405,Richard Hawkins,patrickanthony@wilson.org,4240462337,North Paulberg,U.S.A
1406,Kathleen Banks,munozsteven@gmail.com,8629113010,Andrewsfort,INDIA
1407,Michelle Walker,justin33@yahoo.com,1763706892,East Brittany,INDIA 
1408,Kelly Savage,tammieandrews@hotmail.com,2862207884,North Daniel,INDIA 
1409,Bryan Krause,yolanda09@neal.org,6834546048,South Kenneth, UK
1410,Brenda Matthews,palvarado@hicks-aguilar.com,2405570056,Danielchester,U.S.A
1411,Keith Guerra,sextonjoanna@yahoo.com,6658650403,Anthonymouth,NA
1412,Julia Nelson,maddoxalexander@hays-west.biz,1876855078,Port Ian,INDIA 
1413,Noah Hanson,NA,2853819796,Williamsland,NA
1414,Gregory Lewis,griffindenise@bowen.com,3264052338,North Christine,INDIA
1415,Andrew Spence,angela96@arias-garcia.org,2130773138,West Jillfurt,U.S.A
1416,NA,joshua00@mcdaniel.com,6354117289,Lake Anthonyburgh,U.S.A
1417,Mary Patterson,kennethrichardson@perkins-brown.net,2097991126,Burchview,INDIA 
1418,Mark Flores,gregoryfox@harrison.com,4350238561,Blankenshipmouth,INDIA
1419,Michael Hawkins,lindsayreynolds@garcia.com,5549721941,South Heatherborough,U.S.A
1420,James Kent,dsmith@taylor.com,6474980134,Kimberlystad,U.S.A
1421,Barbara Price,mark12@robinson-jenkins.com,3086291469,Johnshire,INDIA 
1422,Michael Lee,josephking@smith.com,2900543668,Christineberg,NA
1423,Glenda Hensley,charles35@harper.net,8672813182,Curtisburgh,USA
1424,Randall Hunt,zunigamichelle@gmail.com,3171464270,East Tammy,NA
1425,Charles Mcneil,nathan90@gmail.com,2931789340,Williamside, UK
1426,Kyle Mcdonald,thomas96@yahoo.com,3537392475,Lake Christopherbury,NA
1427,Joshua Ramos,mariagutierrez@yahoo.com,2101509797,Alexandermouth,NA
1428,Brian Figueroa,vhuffman@yahoo.com,6763963746,Mccormickfurt,NA
1429,Monique Martin,travisjackson@romero-mcdaniel.com,7540737029,Annemouth,U.S.A
1430,Maria Skinner,bwilliams@martin.com,7940325899,Jamesmouth,U.S.A
1431,Dr. Audrey Sullivan,daniellehuang@anderson.com,7529117291,Port Austinberg,CANADA
1432,Emily Booth,griffincaitlin@king.info,8684438855,Williamview, UK
1433,Tammy Brennan,NA,2777244597,North Dawnmouth,NA
1434,Aaron Long,heather02@griffith.org,4913376193,Mckeechester,NA
1435,Sara Davis,NA,4160021208,North Larry,INDIA
1436,Scott Costa,stacey94@martinez.biz,2767895016,North Connie,INDIA 
1437,Devin Berry,ysmith@nelson.com,9541096331,Knappside, UK
1438,Joseph Aguirre,victoriastanton@davis.com,2711109535,Woodfort,NA
1439,Dawn Winters,jenniferkline@gmail.com,9777595145,Sherylmouth,USA
1440,Stephanie Marshall,johncrawford@watkins.info,2827592009,Oneillmouth, UK
1441,William Davis,brianlang@norris.biz,4760483828,Smithhaven,U.S.A
1442,Jennifer Hall,jenna36@cox.com,9791849379,West Mikayla, UK
1443,Stephen Adams,megancook@scott-mcdowell.com,7171217846,NA , UK
1444,Leah Castaneda,morganwagner@horton.com,4553279504,Ricehaven,NA
1445,Jeffrey Andrews,cbaker@yahoo.com,2361458452,North Tabithamouth,INDIA 
1446,Judy Jones,corydelgado@gmail.com,8443936219,Mendozamouth,CANADA
1447,Paul Anderson,isoto@carroll-mitchell.com,6360393185,Port Christopherstad,USA
1448,Dr. Ethan Hunt,danielhodges@thompson-miller.com,5093248579,Traceyhaven,NA
1449,Michael Nelson DDS,michellestrickland@yahoo.com,3880486456,Banksbury,USA
1450,Rebekah Rivera,chambersmonica@carroll.net,5686213437,Delgadoborough,USA
1451,Meredith Carpenter,rebecca17@hotmail.com,,Sethbury,U.S.A
1452,David Nelson,markchen@jennings.com,7049172374,Gonzalestown,INDIA
1453,Joshua Morales,stevenjensen@dalton-cox.biz,,South John,INDIA 
1454,Nicole Miller,smithsamantha@gmail.com,4771700919,South Jillfurt,U.S.A
1455,Cynthia Nicholson,amandahunter@hotmail.com,3495119623,Duranshire,INDIA
1456,Wayne Stewart,sgilbert@yahoo.com,9174436941,Dudleytown,INDIA
1457,Eugene Moreno,millerallison@holland.com,1706186405,East Patriciaburgh,CANADA
1458,Alyssa Luna,thomasroberto@floyd.com,5638203387,Lake Valerieshire,NA
1459,Molly Murphy,brianbecker@yahoo.com,9845727169,Lake Isabelburgh,INDIA
1460,Michael Sharp,kristencook@lambert-vaughan.com,5050290005,Lake Jackson,INDIA 
1461,Emily Allen,NA,2409352639,Cruzshire,INDIA 
1462,David Pearson,daniellerodriguez@yahoo.com,3722249019,South Tammy,U.S.A
1463,Paula Smith,lauren49@jones-garrett.com,3539159970,West Rebecca,INDIA 
1464,Christian Green,stewartkelly@turner.com,,NA ,USA
1465,William Leonard,michelegay@velazquez-jones.com,5269897519,New John,INDIA 
1466,Mandy Gonzalez,stevensontaylor@yahoo.com,7630040943,Spencerland,INDIA
1467,Alexandra Arias,michaelgraham@hotmail.com,1090882224,NA , UK
1468,Shari Becker,ueaton@brown.org,3425795012,Smithfort,U.S.A
1469,Debra Nelson,sheltonmark@johnson.com,8729471505,Laurenburgh,NA
1470,Brett Johnson,ystephens@williams-brown.com,1909414919,Lawrencehaven, UK
1471,Alexandria Nelson,gflores@sanchez.com,2870965013,East Michaelmouth,USA
1472,Brandon Cortez,laurabarr@davis-perez.com,5589404019,Christinaside,NA
1473,Amanda Lawson,patriciaroberts@yahoo.com,2207491533,Kristenshire,USA
1474,Rebecca Clarke,nwebb@hotmail.com,,South Nathanstad,NA
1475,Robert Craig,jenniferwilliams@ray.com,8042790109,New Michael,INDIA 
1476,Michael Greene,hgarcia@yahoo.com,8500667696,Alexanderstad,NA
1477,Tara Houston,NA,3750788311,NA ,CANADA
1478,Heather Williams,tammycannon@yahoo.com,1230263882,East Amystad,INDIA 
1479,Alison Randall,NA,8850998731,Christopherberg,NA
1480,Daniel Cohen,denise29@hotmail.com,,New Elizabeth,INDIA
1481,NA,NA,8020756538,Adamport,U.S.A
1482,Arthur Thomas,NA,5068277665,West Christina,NA
1483,Maureen Smith,wgrant@gmail.com,5986193621,Port Stephen,NA
1484,Mr. David Wolf,NA,1224032084,West Julieview,U.S.A
1485,Tyler Barrett,hardylindsey@mills-smith.com,9219937435,Michaelton, UK
1486,Taylor Howard,adamschristopher@little-ibarra.info,3275388368,North Nancy, UK
1487,Sarah Robinson,NA,8213992986,Yorkfurt,U.S.A
1488,Douglas Hernandez,tmay@parks.biz,7416296523,Quinnberg,NA
1489,Alan Graham,larsondouglas@gmail.com,4116244628,Port Brian,U.S.A
1490,Lawrence Anderson,john42@yahoo.com,4900215474,Stephanieview,U.S.A
1491,Tyler Cook,meganshaffer@phillips.com,1456304527,NA ,USA
1492,Brittany Pierce,mathewsjeremiah@hotmail.com,9397096114,Langfort, UK
1493,Dana Rivera,znixon@johnson-howell.info,3649534576,East Anthony,NA
1494,William Rodriguez,brent50@carroll.info,8585041966,Sparksland,NA
1495,Toni Rollins,mariamiller@glover.org,6767654943,South William,INDIA
1496,Regina Long,pkaiser@anderson-vega.biz,8600465469,Stephanieshire, UK
1497,Jordan Swanson,NA,4877585851,NA ,CANADA
1498,Trevor Wood,norma89@taylor.com,3450919188,Omarland,INDIA 
1499,Nathan Ballard,donaldpage@yahoo.com,7143709294,Lake Jameshaven, UK
1500,Justin Day,nunezmatthew@maldonado-rocha.com,9439451349,Lake Josestad,INDIA 
1501,NA,torresronald@hotmail.com,5860441644,Lake Walter,INDIA 
1502,Danielle Rasmussen,williamselizabeth@yahoo.com,7845582427,NA ,CANADA
1503,Christopher Hamilton,dcarter@yahoo.com,1249090890,Deniseshire, UK
1504,Tina Wang,pottsgeorge@smith.com,7861341799,Smithtown,INDIA
1505,Gordon Fitzpatrick,ashlee46@ramirez.com,5092049947,Brownton,CANADA
1506,Rebecca Davis,anaflores@yahoo.com,,West Stacyborough,CANADA
1507,Richard Brown,qcunningham@gross-howell.info,5904616117,Jameschester,NA
1508,Christopher Wilson,richard23@meyers-russell.com,7060871991,Peterhaven,CANADA
1509,Alyssa Rogers,ethan90@gmail.com,2978363094,NA ,INDIA 
1510,Rebecca Flynn,NA,3767367346,South Melissaton,CANADA
1511,Cindy Jones,anna94@hotmail.com,9295135796,New Brittanyhaven,CANADA
1512,Randy Davis,michaelmills@hotmail.com,,Meghanport,USA
1513,Michelle Miller,jchase@yahoo.com,1967320916,Pamelachester,USA
1514,Anthony Benton,andrew83@may.org,8004813310,West Angela, UK
1515,Joshua Kelly,tricia40@hotmail.com,9534720297,Crosbyfort, UK
1516,Linda Cruz,ddennis@johnson-kaufman.com,4370737138,West Darrylside,U.S.A
1517,Olivia Williams,michele36@gmail.com,5610256249,Carrolltown,INDIA
1518,Michael Alexander,NA,3674048743,Petersonfurt,INDIA 
1519,NA,caseywall@hotmail.com,5317445514,West Dennis,NA
1520,Allison Hill,moodyangela@yahoo.com,7322977962,Port Kelly, UK
1521,Jessica Hunt,allisonford@yahoo.com,8272857110,Deniseport,U.S.A
1522,Charles Jones,kbishop@chavez.com,4702751670,South Allison,NA
1523,Crystal Castaneda,michaelrichardson@johnson.com,1776432512,North Stevenhaven,INDIA
1524,NA,keith06@frost.org,6721012809,North Amberburgh,INDIA 
1525,Adrian Ortega,nduran@french-abbott.org,1604764324,Brooksfort,CANADA
1526,Kelly Wilson,lruiz@gmail.com,3650589485,Hufffort,CANADA
1527,Richard Hill,morrisjose@yahoo.com,9738001023,Timothyton,CANADA
1528,Aaron Smith,kevinmiller@dennis-hunt.com,4941922409,Elizabethside,NA
1529,Tiffany Huber,weissamber@hotmail.com,6937858820,NA , UK
1530,Mr. Steven Phillips,jacquelinehenderson@hotmail.com,3728836654,West Amandahaven, UK
1531,Daniel Murray,linchristie@burns-lopez.com,5668752678,Randymouth,INDIA 
1532,Christina Jordan,cynthiasantos@hotmail.com,5450534986,West Jeremy,USA
1533,David Davidson,hansenrachel@baker.net,8966422614,West Kaylaville,CANADA
1534,Eric Williams,timothy77@robbins.biz,7375931922,Cameronton,USA
1535,Anna Galloway,adamhill@gmail.com,3032041199,Lanemouth,CANADA
1536,Paula Williams,edward79@mcdaniel.com,5021297141,Lake Amanda,USA
1537,Dr. Julie Robles,orozcorussell@alexander-coffey.com,,Lake Michelleshire,INDIA
1538,Lisa Horn,william86@jackson.com,8889557797,New Phyllisfort,INDIA
1539,Alexandria Schneider,fdennis@gmail.com,7566326498,Hendersonstad,USA
1540,Michael Vasquez,gallegosrobert@hotmail.com,2287975202,Sarahview,INDIA
1541,Sheri Vazquez,ibrewer@garcia-murphy.com,5203003064,Sanchezhaven,INDIA
1542,Troy Smith,scott84@cole.org,8768303032,Colemouth,U.S.A
1543,Katrina Diaz,NA,,Port Ryan,INDIA 
1544,George Wood,stephensanthony@mccoy.com,4196288510,Larryfort,CANADA
1545,Brooke Harmon,NA,7874431647,New Brenda,CANADA
1546,Debra Nunez,bwells@hotmail.com,9959284852,Whitemouth,INDIA
1547,Rebecca Mccormick,rgould@hamilton.com,5512846878,Russellmouth,INDIA 
1548,Jamie King,lbarnes@gmail.com,1922174823,Vanessaborough, UK
1549,Kristin Lewis,wagnerdaniel@rogers.biz,4025804932,Lake Sarahshire,INDIA
1550,Michelle Howard,bradshawrebecca@gmail.com,2865704137,Lake Carriemouth,USA
1551,Lori Tyler,kyle51@burns.com,9053239732,Jessicatown,NA
1552,Jose Estes DDS,jessica85@shaw-hill.com,7604777309,Salastown,INDIA
1553,Joyce Horton,NA,6741190394,Jackland,CANADA
1554,Michael Stokes,orichardson@adams.org,1221266835,Lawrencebury,U.S.A
1555,Joshua Walton,heathgina@gmail.com,2957605989,North Sarah,INDIA 
1556,Kyle Norman MD,valerie13@gregory.com,1170891036,East Adamstad,NA
1557,Michael Lopez,cnelson@gmail.com,8811250404,North Jacobhaven,U.S.A
1558,Matthew Benson,osingleton@gmail.com,3360224649,Ericland,INDIA
1559,Miss Nancy Doyle,alicia26@burns-williams.com,7607144802,Lake Paulfurt,U.S.A
1560,NA,johnmontgomery@gmail.com,3247461567,New Lisafurt,USA
1561,Jason Salazar,samantha35@rivera.com,6055568862,New Jaime,U.S.A
1562,Caleb Webb,ryan00@hines.com,5749812941,Port Leslieville,USA
1563,Daniel Jones,umiles@gmail.com,9291088679,Rileyburgh,NA
1564,NA,julie93@bartlett.com,2007734797,New Johnnychester,U.S.A
1565,Brittany Graham,NA,4126860048,NA , UK
1566,Scott Smith,olsonaudrey@king-johnson.com,3489723932,Lake Jenniferport,U.S.A
1567,Melissa Daugherty,NA,5279461239,Wallerport,INDIA
1568,William Glover,trangeorge@evans-thompson.biz,3408557799,Woodtown,USA
1569,Jennifer Morales,nicole75@hotmail.com,2419179342,South Amandafort,USA
1570,Patrick Gregory,valenzuelasarah@adams.com,2918821818,Jimenezfurt,USA
1571,John Williams,schen@hotmail.com,3250432921,East Antonio,CANADA
1572,Sara Hill,chandlerbrian@hotmail.com,6571391356,West Samantha,USA
1573,Jessica Francis,pearsonreginald@hotmail.com,6036579545,North Susanstad,INDIA
1574,Nicole Kane,alejandromorse@yahoo.com,3221007428,Garciaburgh,INDIA
1575,Lorraine Jordan,vbeck@crawford.com,6452787840,Timothyberg,INDIA 
1576,Luis Jensen,austinbobby@todd.biz,2994491673,North Gregoryburgh,CANADA
1577,Jacob Potter,martinjames@maldonado.biz,,Taylorhaven,INDIA 
1578,Johnny Zamora,yhendrix@yahoo.com,2786470220,Macdonaldstad,INDIA 
1579,William Maynard,NA,9962809969,Toddstad,USA
1580,Michael Snyder,christinegomez@barker.net,,Mcguireview,INDIA
1581,Mary Dyer,mjackson@reeves.info,3410992999,Davidland, UK
1582,Andrew Williams,robert20@woods-baker.com,9690951702,Martinfort,INDIA
1583,Aaron Brady DDS,NA,2481882947,Johnland, UK
1584,Chad Taylor,mcguirekevin@hays-reed.com,5211552254,South Michael,NA
1585,Tracy Simmons,stevejackson@gmail.com,3604509794,Singletonchester, UK
1586,Katherine Moore,amiller@hotmail.com,5333481942,NA ,CANADA
1587,Brenda Thompson,travis19@lawrence.com,7386035561,North Kimberly,U.S.A
1588,Adam Myers,hughesgina@jimenez.com,7132063809,Rachelside,INDIA 
1589,Amanda Gray,NA,,NA ,INDIA 
1590,Steven Mercer,tashley@brooks-walton.com,6127170350,North Austinview,CANADA
1591,David Russell,syoung@hotmail.com,9601687840,North Devon,CANADA
1592,Noah Levy,margaretwallace@mitchell.com,9108224668,Kevinfort,CANADA
1593,Melissa Brennan,robert95@hotmail.com,2162026449,Port Rachelfurt,USA
1594,John Palmer,maxwell41@bailey-roth.com,,Charlesbury, UK
1595,Rose Lam,cbarber@johnson.com,,NA ,NA
1596,Marcus Martin,leeelizabeth@perez.com,2502300655,Harrishaven,INDIA
1597,John Wilkins,allisonhart@duran.com,4234429744,Robinsonfurt,INDIA
1598,Natalie Kent,lisalawrence@roth.biz,3807848045,Ericview,INDIA 
1599,Jeffrey Miller,zstanton@hotmail.com,7142568147,Lake Benjamin,CANADA
1600,Jason Ali,meyervalerie@anderson-johnson.org,4555192279,Lake Aaron,INDIA 
1601,George Boyd,amy40@gmail.com,3827410936,Gaystad,U.S.A
1602,Brandi Hart,steven97@gmail.com,4400933619,Floydside,NA
1603,Joann Todd,james08@gmail.com,7791045702,Reedport,CANADA
1604,Tiffany Hamilton,qwilliams@page.biz,4299913679,West Erika,INDIA 
1605,David Patel,qpace@abbott.com,4811628082,Holmesview,NA
1606,Frank Vazquez,cooknicole@turner.com,7846304718,Hernandezhaven,INDIA 
1607,Sandra Haynes,nunezmary@hotmail.com,4169947442,Tammyton,CANADA
1608,Travis Bernard,ucrawford@yahoo.com,,Lanechester, UK
1609,Johnny Williams,mendozamichael@gmail.com,7230087106,Vincentville,INDIA
1610,Robert Hendricks,xmaxwell@hotmail.com,5904252485,NA ,CANADA
1611,Veronica Pena,cheryl09@yahoo.com,2265473620,Lake Kelseybury,U.S.A
1612,Renee Stewart,susan59@yahoo.com,9185823073,Julieport,INDIA 
1613,NA,patrick93@hotmail.com,5280132192,Lake Robertstad, UK
1614,Wayne Cruz,jyoung@gmail.com,2657528732,New Dustinstad,INDIA
1615,Keith James,julierojas@zavala.com,8220980412,Stephenmouth,CANADA
1616,Kevin Franklin,bettytran@gmail.com,5239818809,Lake Brett,U.S.A
1617,Julie Luna,shortchristina@james-perez.biz,7279770999,West Melindachester,INDIA 
1618,Angel Hicks,davidhall@yahoo.com,4611312508,Port Elizabethmouth,INDIA 
1619,Joshua Mejia,dodsonmichelle@hotmail.com,3406208160,Kimberlystad,U.S.A
1620,Kelly Cooper,cochranshannon@gmail.com,6727455962,Patriciastad,INDIA 
1621,Deborah Young,ojimenez@aguilar.com,9831928362,Lake Jillstad,NA
1622,Brian Wright,osolomon@yahoo.com,8781144713,Daughertyfurt,USA
1623,Amber Griffin MD,robertmckinney@yahoo.com,3237028852,Lake Robertville,USA
1624,Lydia Schroeder,michael94@yahoo.com,1002645508,Port Lindsay,INDIA 
1625,Amber Myers,williamsdiana@lee-lewis.biz,7474783092,Justinmouth,CANADA
1626,Sandra Ramirez,dianemcdaniel@wall.com,9964577479,New Tinaton,CANADA
1627,Alison Khan,ipadilla@hotmail.com,8884469300,Thompsonside, UK
1628,Joseph Moore,williamschristine@gmail.com,2027128321,Josephtown,USA
1629,Daniel Hinton,ashley76@gmail.com,4116887070,New Sharon,USA
1630,Ronald Dixon,csmith@hotmail.com,3118405740,East Kathy,U.S.A
1631,Jessica Gomez,schroederholly@gmail.com,,Joshuaburgh,U.S.A
1632,Alexandria Gentry,kelly82@miller.net,1207824114,South Richardberg,U.S.A
1633,William Taylor,christina66@yahoo.com,5855951288,Kaylahaven,CANADA
1634,Sheila Rowe,ddavis@ross.com,1605557575,Danielberg,INDIA
1635,Cynthia Garcia,mark01@yahoo.com,2646580867,South Tammy,INDIA
1636,Miss Deborah Wolfe,NA,9814444650,Port Jasminehaven,CANADA
1637,Dana Velez,michaelross@johnson.com,9937831660,Lucasberg,CANADA
1638,Deborah Woods,shanecamacho@gmail.com,5847919514,Lake Joshua, UK
1639,Kenneth Murphy,joanna17@torres-hughes.net,6993109796,Kingchester,NA
1640,Alyssa Knox,mary92@jackson.biz,3514822936,Andrewchester,U.S.A
1641,Mark Stevenson,dawnnavarro@yahoo.com,7940610204,Port Brian,CANADA
1642,Brittany Sullivan,stephenbarnett@friedman.com,4001611178,Kellyberg,NA
1643,Stephanie Hale,ryan84@sparks-murphy.org,6919546827,Angelaton,U.S.A
1644,Jeffrey Hanson,joshua05@johns-saunders.com,,Lake Jamesstad,INDIA
1645,Albert Lyons,tannernicholas@stark.biz,1495185383,Millerland,INDIA
1646,Amber Lara,simslinda@hamilton.biz,2531464391,Davidside,INDIA
1647,Karl Richardson,garzajessica@hotmail.com,3102855959,New Kellybury,INDIA 
1648,Jason Wilson,lindseywhite@yahoo.com,2605053300,Nicholechester,INDIA 
1649,Amanda Green,emily19@henderson-thompson.com,9962710112,East Meganbury,INDIA 
1650,Alyssa Bray,andersonemily@davis.biz,8146781034,Nealstad,INDIA
1651,Toni Carson,choianthony@garcia.com,3272086161,Austinport,U.S.A
1652,Courtney Hardy,wellsdennis@hernandez-mann.com,6308337497,West Heather,NA
1653,David Kelley,lowejohn@yahoo.com,6065220589,Port Dawn,U.S.A
1654,Jacob Young,toddbush@gmail.com,4296426925,Baileymouth,NA
1655,Yvette Martinez,grahamwhitney@moore-boyle.com,4183706749,West Christianmouth,USA
1656,Anne Phillips,grossmario@gmail.com,7287323396,Thompsonton, UK
1657,Angela Walker,gregorylaura@mack-powell.com,4186396264,North Bobbyburgh,USA
1658,Brent Underwood,deanfranklin@hamilton.biz,9491452437,Amandastad,USA
1659,Steven Hooper,NA,1749674404,Williamston,INDIA 
1660,James Miller,corycortez@reed-wu.com,7797111328,Juanport,INDIA
1661,Melissa Gill MD,lamguy@gmail.com,4603829306,Rogershaven, UK
1662,Suzanne Weaver,nicholasbrown@hotmail.com,1174026244,Jamesshire,NA
1663,Garrett Phillips,davispaul@browning.com,1650583291,South Sarah,INDIA
1664,Catherine Sherman,NA,1492634225,East Jonathanview,NA
1665,Suzanne Garcia,leachjeanne@yahoo.com,2380327481,South Josephstad, UK
1666,Nicholas Rogers,sheltonamanda@wilkins-francis.com,7788463013,NA ,INDIA
1667,Elizabeth Mcpherson,NA,6382528862,Jenniferstad,U.S.A
1668,Lori Reed,phickman@hotmail.com,5696620454,New Meganchester,USA
1669,Isaac Adams,marcus36@turner.com,7681975554,New Emma,U.S.A
1670,Jonathan Morales,johnsshelly@hotmail.com,1716985976,NA ,USA
1671,Tiffany Maldonado,zrivera@hotmail.com,,Mossville,INDIA 
1672,Dawn Parker,NA,2061364863,West Brandy,INDIA
1673,Christopher Nguyen,rhondawatson@rivera.com,6344320007,Wardhaven,USA
1674,Charles Mccormick,lori06@cook-davis.com,2847015362,Port Jamesberg,INDIA 
1675,Heather Torres,salazardonald@gmail.com,9282846982,West Jamesview,NA
1676,Vanessa Chaney,ymccarty@wallace.net,1918999393,East Tracy,NA
1677,Samuel Sanchez,mpena@moore-nunez.com,4812556447,Stephanieville,INDIA 
1678,Antonio Ruiz,ashley24@gmail.com,2300395971,East Craigmouth,CANADA
1679,Jonathon Cervantes,oliverlaurie@hotmail.com,,NA ,CANADA
1680,Nicole Zimmerman,whitakerbrittany@gmail.com,1595874022,Brownstad, UK
1681,Brady Vega,michael64@daugherty-montgomery.com,9513689829,New Amber,CANADA
1682,Troy Steele,loriwood@brennan-roman.com,9260245490,New Brendanborough, UK
1683,Henry Turner,lori63@winters.info,7471330759,East Joseph,NA
1684,Corey Kelley,clogan@brewer-curry.com,2762296145,East Samantha, UK
1685,Antonio Baker,pacejessica@yahoo.com,5397377773,North Jason,CANADA
1686,Kyle Bernard,hmiranda@gmail.com,9409069918,Rachelfurt,INDIA
1687,Michelle Contreras,NA,,West Laurenborough,CANADA
1688,Amanda Zavala,daniel09@kemp-yates.org,5238752064,Port Susanfort,NA
1689,Sheri Black,hernandezjames@harris-smith.com,2026812306,Port Joyfurt,NA
1690,Jesse Burnett,timothyrodriguez@gmail.com,4706668266,South Katiefort,CANADA
1691,Kristy Fisher,stephaniediaz@hotmail.com,7662153986,South Christopherburgh,INDIA
1692,Gerald Moss,taylorerika@oconnell-allen.org,5993789772,Maryside,CANADA
1693,Ellen Smith,ihess@yahoo.com,7024371772,Priceberg,U.S.A
1694,NA,jeffreyramirez@gmail.com,5325094392,West Judyland,INDIA
1695,Allen Johnson,blloyd@dickerson.com,1383773249,North Coryfurt, UK
1696,Edward Blake,petersonsharon@yahoo.com,4737256893,Davidburgh,USA
1697,Ryan Hayden,jean24@yahoo.com,,NA ,U.S.A
1698,Rodney Woods,oconnorlatoya@hickman.org,9816196597,Brianmouth,CANADA
1699,Jacob Gardner,paul51@hotmail.com,3500151188,South Johnland,U.S.A
1700,Nicholas Duncan,NA,8268563759,Port Lisa,USA
1701,Adrian White,wcarson@gmail.com,1642538628,Thomasfort, UK
1702,Jenny Lewis,nchristian@williams.info,6081012561,North Heatherburgh,NA
1703,Anna Bell,pprice@gmail.com,8778063217,Kennethport,INDIA 
1704,Stephanie Watts,NA,2828664596,NA ,CANADA
1705,Ellen Wade,charles79@hotmail.com,6241945890,Luistown,INDIA 
1706,Angela Schultz,paynepatrick@yahoo.com,4070563802,Anthonybury,NA
1707,Amber Hicks,thomas39@hotmail.com,6265124893,Lake Whitney,NA
1708,Amy Koch,NA,8695908730,New Evan, UK
1709,David Bradley,delgadovalerie@reyes-bridges.com,5101939031,Lake Hollyfort,INDIA 
1710,Kenneth Sullivan,katherine12@johnson-garcia.com,4989878164,East Michaelstad,U.S.A
1711,Joshua Beck,curtispeterson@yahoo.com,6610560563,Matthewmouth, UK
1712,James Richardson,lauraperez@gmail.com,4650059735,South Jeffrey,INDIA
1713,Travis Barnett,anne04@gmail.com,8635195706,Powellbury,INDIA
1714,Justin Kaiser,sherrydennis@hotmail.com,6956567543,Kelseytown,USA
1715,Anne Harris,NA,9092068899,West Jameschester, UK
1716,Glenn Francis,jessica91@johnson.com,8578342695,Lake Melissaville,INDIA
1717,Candace Shaffer,baileydylan@collins-jenkins.biz,8451794073,Wongbury,U.S.A
1718,Anthony Smith,murphymiranda@gmail.com,3596785409,New Karashire,USA
1719,Patrick Valdez,hullsavannah@scott.org,9101542372,East Williamport,U.S.A
1720,Susan Peters,tyler13@garcia-harris.info,9530305567,East Nicolemouth,USA
1721,Haley George,juliegomez@brown-sandoval.com,3760905740,Foxmouth,U.S.A
1722,NA,NA,,Port Gloriaburgh,U.S.A
1723,Chris Hudson,lindseysalazar@gmail.com,8925426388,Millsstad, UK
1724,Michael Gibson,adam32@yahoo.com,5453561947,Martinezhaven,NA
1725,Jacqueline Walker,joseph86@yahoo.com,4138594003,Lake Stephaniemouth, UK
1726,John Martin,rebecca14@yahoo.com,3064490084,Tanyaton,INDIA 
1727,Joshua Stuart,NA,5752087003,Lake Paulberg,INDIA 
1728,Gregory Reid,qnorris@hotmail.com,1207260302,South Angelatown, UK
1729,Brenda Rowland,vsantos@carlson.com,6091630900,Calebfurt,NA
1730,Jennifer Tucker,williamnovak@gmail.com,6353666620,Pottershire,INDIA 
1731,Timothy Gates,cbradford@hotmail.com,9729695496,Leehaven,CANADA
1732,Rachel Frazier,matthewmcclain@gmail.com,,Barnesmouth,USA
1733,Denise Cross,thomas73@madden-may.com,2098811871,Edwardville,CANADA
1734,Kaitlin Nelson,dominguezsarah@hotmail.com,5647994337,Stewartport,CANADA
1735,Nicholas Williams,fnixon@hotmail.com,4523444989,Lake Kimberlyville, UK
1736,Alicia Reynolds,foleymanuel@hotmail.com,1694418634,Davisberg,U.S.A
1737,Thomas Rodriguez,NA,7056964064,Lake Joannefurt,INDIA 
1738,Thomas Vasquez,kellyrodriguez@yahoo.com,1206357281,West Maureen,NA
1739,Patrick Anthony,cassandra13@yahoo.com,9668714380,Port Dawnshire,INDIA 
1740,Michelle Schroeder,monique21@hotmail.com,1384430878,Colleenport,INDIA
1741,Anna Nichols,elizabethmiller@gmail.com,9477721802,South Joseph,CANADA
1742,Meredith Garcia,kennethwolfe@gmail.com,5038981133,Pittsberg, UK
1743,Cynthia Chang,christopherlawson@adams.com,9026500324,East Jacob,INDIA
1744,Yolanda Watts,tapialarry@yahoo.com,8839627641,Lake Joshua,NA
1745,James Walker,henrywhite@miller.info,1446821115,Rhondamouth, UK
1746,Carolyn Wilson,simonvalerie@hotmail.com,5727118319,Lawrencebury,INDIA 
1747,Andrew Howard,sholland@yahoo.com,,Port Paulside, UK
1748,Dr. Stacy Bennett,washingtonjoseph@gmail.com,2155550574,North Vanessaview,USA
1749,Jeffrey Stephenson,vrodgers@gmail.com,3692305488,West Jose,USA
1750,Alexis Arroyo,andrew54@lewis.info,3265991148,Elizabethburgh,CANADA
1751,Christopher Lopez,wdonovan@hotmail.com,,South Caitlinhaven,INDIA 
1752,Monique Johnson,diana73@gmail.com,6975551499,NA ,CANADA
1753,Andre Schwartz,woodsjulie@carter-ewing.com,5684561914,South Williamshire,NA
1754,Jeffery Lawson,colemanmichelle@hotmail.com,9423680336,North Robert,INDIA
1755,Kimberly Martin,robertlong@edwards.org,3788820719,North Annborough,USA
1756,Kevin Howard,nealpaul@kane.net,2011787147,Hutchinsonton,NA
1757,Michael Potter,pierceeric@gmail.com,3041044983,South Gary,USA
1758,Karla Pacheco,robert81@king.com,1393727480,New Kevinside,U.S.A
1759,Erik Smith,oshaffer@monroe.com,7568283729,Rodneyfort,INDIA 
1760,William Pearson,gregorygonzalez@johnson.com,4685612250,Jamesville,INDIA 
1761,Paul Turner,qmcknight@jackson-davis.org,3284112516,NA , UK
1762,Stephen Diaz,warrensmith@yahoo.com,4640881944,Marthahaven,CANADA
1763,Karen Wilson,aliwilliam@hotmail.com,5852762814,Port Jennifermouth, UK
1764,Calvin Holder,jasonnguyen@hotmail.com,2931457810,Port Crystal,NA
1765,Robin Pierce PhD,timothy14@hotmail.com,8526821139,East Vanessastad,INDIA 
1766,Thomas Black,kvance@yahoo.com,5793158727,Port Molly,CANADA
1767,Dean Porter,christinamartinez@sandoval-jones.com,,Markport,NA
1768,Kimberly Conner,wshaw@baxter-williams.com,1320204515,Matthewshaven,CANADA
1769,Jonathan Clark,wtorres@mccoy.info,4220857654,NA ,U.S.A
1770,Michelle Nichols,montgomeryrenee@hayes.com,7152557884,New Michael,INDIA
1771,William Roberts,timothymendoza@yahoo.com,2454140845,Rebeccahaven,USA
1772,Alexandra Arnold,marycole@yahoo.com,4918176555,East Jessica,USA
1773,Crystal Walker,denise30@andrews.biz,8082629768,South Patrickton,CANADA
1774,Nicholas Ramirez,ychristensen@richardson.biz,7417035923,North Josephbury,NA
1775,Emma Brown,briancook@hotmail.com,2762361362,East David,NA
1776,James Lang,ipowell@schroeder.net,1049439326,Holmesburgh,CANADA
1777,Tracy Contreras,lauren22@hall-brown.com,3876602044,Weberburgh, UK
1778,Tony Ritter,hodgeanthony@sharp.com,5077159520,NA , UK
1779,Tara White,smithelizabeth@marshall.org,4106310637,New Jennifer,CANADA
1780,Timothy Houston,steven15@baker.com,1670566763,Ortizburgh,USA
1781,Justin Lewis PhD,yadams@gmail.com,7419968675,New Gary,U.S.A
1782,Dana Proctor,NA,6650931244,North Kimberlychester,INDIA
1783,Carlos Guzman,equinn@hotmail.com,8245147793,West Michael,U.S.A
1784,Ronald Stark,williamconrad@hoffman-ruiz.com,7542357034,Changshire, UK
1785,Elizabeth Vargas,briannasanchez@yahoo.com,3839388901,Williamsfort,INDIA 
1786,Heather Hoffman,cheryl35@gmail.com,3625874142,Phillipsfort,INDIA 
1787,NA,cmorgan@mckinney.org,5959801547,West Donaldshire, UK
1788,Scott Chambers MD,eberry@steele.com,4927567235,West Kathrynshire,U.S.A
1789,Chelsea Williams,katelynwiggins@lewis.com,3183958247,New Abigail,CANADA
1790,Michael Rodriguez,samanthabecker@williams.com,5920275147,Jimenezshire,INDIA
1791,Jennifer Miller,wilsonvanessa@white.com,,New Robert,USA
1792,Donald Compton,kimberly32@benson-santos.com,7397256861,Lesliefort,INDIA 
1793,Jessica Klein,carolporter@johnson-strong.com,6593020762,South Markshire,INDIA
1794,Bobby Hart,roybrian@yahoo.com,2201945447,West Richard,INDIA
1795,Donna Chavez,whitejoseph@hotmail.com,6921078326,Richardfort,USA
1796,Elizabeth Holmes,christophersmith@gmail.com,8903616742,West Joanneport,INDIA
1797,Rebekah Maxwell,brandtjennifer@sanchez.com,9269599598,NA , UK
1798,Christopher Farley,umyers@franco.com,5713597519,NA ,U.S.A
1799,Stephen Walton,alexanderweber@allen.com,1365551827,West Brianhaven,NA
1800,Donna Johnson,margaretwright@gmail.com,3887787917,Washingtonton,U.S.A
1801,NA,andrew30@gmail.com,8716792515,Barbarashire,NA
1802,Stephen Mcgee,marshallrenee@dawson.biz,,North Jessica,USA
1803,Gerald Smith,vanessaschwartz@cole.com,9303622402,Taratown,CANADA
1804,Kara Brown,beth68@king.com,2016424836,Port Tylerbury, UK
1805,Mrs. Krystal Carter,carolking@hotmail.com,9044172879,New Carlashire, UK
1806,Karen Wright,bethatkins@gmail.com,9943930166,Michellehaven,USA
1807,Anna Orozco,ianderson@molina-russell.com,1090752961,Williamsfort,NA
1808,Edward Moore,cindyhicks@james.com,7336704946,South Jerry,NA
1809,Jeremy Duncan,garciakelly@moore-henry.org,4518646479,North Robert,INDIA 
1810,Earl Ochoa,NA,2553870757,New Katherine,INDIA
1811,Kyle Khan,wguerra@pitts.com,6276011623,Kristinberg,U.S.A
1812,Dawn Hernandez MD,ldavis@washington.net,8502198255,East Jeff,INDIA
1813,Thomas Yoder,juantaylor@ayala.net,7676985354,East Alexis,CANADA
1814,Lindsay West MD,gdecker@gmail.com,9637462751,East Marissamouth,INDIA
1815,Stacey Hughes,bcontreras@gmail.com,5593368798,New Rodney,USA
1816,Bradley Thompson,cynthiamoore@yahoo.com,3622166320,Port Amber,U.S.A
1817,Heather Hansen,jamie46@yahoo.com,8126041983,Morenoville, UK
1818,Jason White,btran@yahoo.com,3132768888,Joneston,U.S.A
1819,Maria Vargas,qpatterson@hotmail.com,5178206373,Nunezmouth,USA
1820,Brianna Webb,kjohnson@yahoo.com,7985954345,Mariaville,NA
1821,Angela Hester,heidinelson@townsend.com,2968794144,South Jennifermouth,INDIA
1822,Warren Wang,donovanmatthew@johnson.org,,Luisborough,INDIA 
1823,Edgar Lambert,robin38@yahoo.com,9019583649,Lake Kristy,CANADA
1824,Sherry Roy,michellegonzalez@hotmail.com,,Lake Brittanyton,INDIA 
1825,Jamie Hall,alvaradotara@price-mcgee.com,2899550826,Andersonport,USA
1826,Brandon Moyer,austinbrown@brooks.org,7249036352,Port Deanna,INDIA
1827,Carolyn Nguyen,NA,1596204790,Port Jenna,INDIA
1828,NA,lharris@yahoo.com,,North Kristiburgh,USA
1829,David Calderon,whitecory@hill.com,1460271499,Lake Julieview,INDIA 
1830,Oscar Wagner,willislisa@yahoo.com,1307401516,Martinezhaven,CANADA
1831,Rachel Golden,NA,6043904202,Lake Elaineside,USA
1832,Lisa Perez,rasmussenelizabeth@gmail.com,,West Karen,INDIA
1833,Justin Vargas,donaldwyatt@gmail.com,5983876262,Russellfurt,CANADA
1834,Andrea Hall,brian68@yahoo.com,1518631929,Josephberg,U.S.A
1835,Robert Nguyen,katherine53@hotmail.com,3631131142,Port Seanborough,INDIA
1836,Dave Garcia,nallen@yahoo.com,,New Laurenshire,U.S.A
1837,Colleen Barker,daniel03@hotmail.com,3005734100,Wrighthaven,U.S.A
1838,Bethany Smith,mariasims@yahoo.com,6775144800,Port Donald,USA
1839,Andre Randall,stephensanchez@rios-glass.info,2432508562,East Michaelhaven,USA
1840,Isaiah Smith,david04@bishop-ortiz.com,9126172079,North Melissaview,NA
1841,Michael Nash,todd02@clark.com,2399472233,Carterview,NA
1842,Brad Zimmerman,garciatodd@hotmail.com,9698483327,Lake Elizabeth,U.S.A
1843,Lisa Casey,NA,7489377655,Jameschester,USA
1844,Heather Bennett,rachel64@gmail.com,8024944119,NA ,INDIA
1845,Lindsay Cox,fgarcia@jones.com,8111232042,Johnsonland,NA
1846,Christopher Price,reevesgeorge@hotmail.com,3911944808,Port Peter,USA
1847,Jamie Barker,yporter@gmail.com,,Port Michelleside,INDIA 
1848,Michael Gray,christinelee@yahoo.com,2183246883,Ellischester,CANADA
1849,Derek Velez,matthewsanchez@hotmail.com,,New Johnnyberg,U.S.A
1850,Janet Dunn,NA,3642571531,South Nancychester,USA
1851,Kelly Herrera,mtaylor@yahoo.com,6382358711,Youngberg,U.S.A
1852,Cheryl Ray,michael51@mueller.com,8933817481,Lake Amanda, UK
1853,Angela Jackson,wellsbradley@hotmail.com,9950200692,Thompsonshire,INDIA 
1854,Kimberly Clark,jayschneider@martinez.net,2305342878,New Tinaland,INDIA 
1855,Eric Smith,vlittle@yahoo.com,6845628804,Port Desireechester,USA
1856,John Walker,morenokristina@robertson.com,2036582370,North Brianberg,INDIA 
1857,NA,jamesflores@bates-gray.com,3299079388,Kimberlyton,CANADA
1858,Kelsey Calderon,NA,8478950254,West Carlfurt,U.S.A
1859,James Thomas,colemanthomas@durham-cruz.com,5472736034,West Markside,USA
1860,Jeffery Young,xoliver@myers.com,4997929137,Stephaniemouth,INDIA 
1861,Margaret Mitchell,johnsoncourtney@hotmail.com,5194533760,Bonillaview,CANADA
1862,William Jones,donna36@schroeder.info,1419751547,North Erikafort,CANADA
1863,Allison Butler,ffoster@oliver-gordon.info,7019770130,South Michelle,CANADA
1864,Colleen Johnson,qjohnson@garcia-armstrong.com,3478827387,Port Thomas,INDIA 
1865,Kerri Mcfarland,palmerrobert@white-whitaker.com,7043085100,Kristyfort,NA
1866,Sharon Burnett,mendozajoseph@cohen.info,,Hayesburgh,INDIA 
1867,Carolyn Jackson,bishopjohn@foley.com,7050550228,Davidview,INDIA
1868,Sarah Martinez,philipparker@gmail.com,3465290129,New Christopherville,U.S.A
1869,Victoria Johnson,antonio59@randolph.biz,5773865058,Lambertmouth,INDIA 
1870,Elizabeth Myers,gwilliams@powell.com,1042751009,Brittanyhaven,U.S.A
1871,Stephen Craig,thompsonkristina@hotmail.com,7772853294,Jonesberg,NA
1872,Kevin Moody,ingramjustin@johnson.com,5062578250,Ashleytown,INDIA
1873,Dylan Tucker,henry69@gmail.com,2280936843,New Lauraview,INDIA 
1874,Miguel Perry,egreen@anderson-vargas.com,9908198344,Goodwinstad,INDIA
1875,Eddie Torres,nancy18@craig.com,5353278838,Port Albert,USA
1876,Heather Mitchell,mschwartz@hotmail.com,8102180257,Murphyburgh,INDIA
1877,NA,NA,1881424817,West Markport,USA
1878,Andrew Wilson,zwolfe@gmail.com,9071716838,Jillside,USA
1879,Nicholas Jarvis,hford@gutierrez.com,8825772410,NA ,U.S.A
1880,Sarah Morris,gabriellehill@griffith-henderson.com,2720420427,NA ,CANADA
1881,Jeffrey Adams,ihall@baker.com,,NA ,NA
1882,Katie Carter,rwilson@hotmail.com,,Thomasborough, UK
1883,Tamara Griffin,markle@yahoo.com,8307562968,Kirbybury, UK
1884,Laura Garcia,gardnermichael@gmail.com,3375863841,New Mary,U.S.A
1885,Elizabeth Schmitt,elizabethacevedo@hotmail.com,9178671298,Hannahmouth,INDIA
1886,Robert Cox,kenneth61@hotmail.com,7871208713,South Gregfort,INDIA
1887,Charlene Trevino,matthewgregory@gmail.com,5224940225,West Laurastad,U.S.A
1888,Anna Murphy,riosrachael@hudson.info,1181662459,South Victoria,U.S.A
1889,Suzanne Reynolds,charlesholmes@miller-watkins.com,3637445552,East Kellyfort,INDIA
1890,Jessica Medina,iwillis@hotmail.com,2254760627,Lefurt,NA
1891,Beverly Webb,jeffreyowen@livingston.net,,West Monica,INDIA
1892,Jonathan Martin,NA,9805736855,West Juliechester,USA
1893,Brandy Vaughn,zmiller@leonard-shaw.com,9884556600,Lake Laura,INDIA
1894,Joshua Lee,ppreston@yahoo.com,,South Chad, UK
1895,Todd White,vmitchell@yahoo.com,6597708907,Erinland,U.S.A
1896,Jody Hurley,wesleynguyen@harrison.com,7305393935,NA ,USA
1897,Shannon Powell,millerwilliam@long.com,2030450630,Sandersberg,NA
1898,Jerry Jackson PhD,xwilson@long.net,5180155504,Joshuabury,INDIA
1899,George Murphy,jessicathomas@bowen-church.com,1847695500,NA ,CANADA
1900,Amy Miller,christopher11@hotmail.com,9629550721,East Dylan,CANADA
1901,Margaret Hall,NA,9412717571,NA , UK
1902,Melissa Arroyo,dwyatt@yahoo.com,5669420240,New Morganberg,INDIA 
1903,Susan Watson,mooreeric@hotmail.com,5659763535,West Kristenland,NA
1904,Michael Neal,stacey74@hotmail.com,8526599560,Dunlapton,NA
1905,Steven Harrison,bdavis@gmail.com,,West Angelaside,CANADA
1906,Kayla Phillips,sarahwhite@johnson-rogers.net,3271170048,East Marcusmouth,CANADA
1907,Jennifer Lara,NA,1546815417,Petersonberg, UK
1908,Bryan Horton,paul53@welch.com,6341222340,Melissaborough,U.S.A
1909,NA,hgoodman@bridges.info,7036819294,Kristenfort,INDIA 
1910,Todd King,torresbenjamin@rodriguez.com,4112492252,NA ,INDIA
1911,Jessica Sanders,fgalvan@hotmail.com,8271002127,NA ,INDIA 
1912,Renee Marshall,brownjoy@hotmail.com,9752406807,East Lauraton,INDIA 
1913,Ashley Flores,wprice@yahoo.com,6010911488,Mathewsbury,USA
1914,Tonya Peterson,NA,6082922046,Popechester, UK
1915,Christian Cobb,fbrown@yahoo.com,9448090555,South Brandon,CANADA
1916,Christopher Johnson,benjaminward@gmail.com,2709385002,Carneyberg,USA
1917,Ariana Petersen,omcbride@salazar-diaz.com,7205462588,Sheastad, UK
1918,Benjamin Rodriguez,kristin53@hotmail.com,6472619853,Port Tiffanyborough,USA
1919,NA,tsmith@hotmail.com,5796279300,Michaelfort,USA
1920,Christopher Calderon,christine82@gilbert.com,9597788682,Port Samantha,U.S.A
1921,Richard Conner,mcfarlandrobert@scott-sanchez.com,3136415182,Clarktown, UK
1922,Robert Johnston,pgordon@gmail.com,9793287128,West Danielland,NA
1923,Robert Fletcher,nholmes@miller-houston.biz,,North Julie,INDIA
1924,Tracy Hicks,xdunlap@gmail.com,4437506260,North Michael,INDIA
1925,Christopher Clarke,jhaynes@bowers-miller.com,7536913215,Timberg,USA
1926,Jody Brown,james53@hayes.info,9906125127,Gutierrezchester, UK
1927,James Howe,ssalas@yahoo.com,9351624396,Andersonhaven,USA
1928,John Rangel,stevenpena@campos.com,1596782706,Williamschester,U.S.A
1929,Sharon Green,ameza@hotmail.com,1603437945,East Robert,U.S.A
1930,Patricia Martinez,kenneth10@hotmail.com,1577984768,East Michaelstad,USA
1931,Timothy Baldwin,jonesnicholas@yahoo.com,,Danielborough, UK
1932,Scott Ward,ubarnes@hotmail.com,1469231024,Wattsville,NA
1933,Krista Barrera,spencerdana@shannon.com,1794396457,Brianshire,NA
1934,Kelly Saunders,thomaspatel@chen.com,3312732150,Lake Abigailland,INDIA
1935,Peter Gray,sfitzgerald@hotmail.com,8167555796,South Lindsey,USA
1936,Melissa Lopez,dana13@yahoo.com,8401630393,New Kevinbury, UK
1937,Dr. Ronald Diaz MD,lopezpamela@jordan.biz,5321177602,Mcclainport,U.S.A
1938,Sarah Taylor,NA,6103539294,New Kelseytown,NA
1939,Brian Bruce,josephsalazar@willis.net,9436961651,North Lisashire,NA
1940,Jason Smith,hillcathy@morris-mills.net,1671356606,Melissaside,INDIA 
1941,Tiffany Fischer,elogan@hotmail.com,8329326909,New Christineton,INDIA
1942,Brian Carter,dominguezjaime@pearson.com,8601223971,Cynthiatown,INDIA
1943,Sara Tate,kimberly05@yahoo.com,1920750002,Taylorchester,INDIA 
1944,David Maldonado,browncraig@garcia-walker.net,3677790496,Jerryfurt,INDIA
1945,Bruce Smith,michael59@acosta.com,,North Ashley,USA
1946,Ryan Butler,oconnorgregory@harris.com,1045552759,Hernandezmouth,INDIA 
1947,Emily Walker,donnasolomon@gray.net,1134591947,Lake Timothy,CANADA
1948,Adam Harmon,NA,7249536579,Markbury,NA
1949,Jennifer Gonzalez,laurenwall@gmail.com,9918610698,East Amyport, UK
1950,Heather Jenkins,caldwellthomas@herring.com,6289592906,South Bryan, UK
1951,Michele Richardson,uestrada@yahoo.com,5467993687,New Keith,INDIA 
1952,Allison Marquez,trivera@moreno.com,9586249676,Robertville,U.S.A
1953,Allen Sosa,david76@yahoo.com,1864469941,North Marissa,CANADA
1954,Ashley Briggs,ericastephens@wyatt-grant.info,6626207436,West Daniel,INDIA 
1955,William Taylor,steelejohn@jenkins.com,2659109398,Walkerside, UK
1956,Jeffrey Rojas,taramclean@robinson.com,9391915848,Garciafort,INDIA 
1957,Andrea Williams,tanyayoung@yahoo.com,5914632366,West Timothyland,INDIA
1958,Christina Armstrong,solismichael@fleming.org,8889024267,North Jenna,USA
1959,Tyler Porter,burtonpeter@valencia.com,3418251910,West Keith,NA
1960,Diana Kennedy,angela94@reyes.biz,3509266115,Stewartfurt,NA
1961,Mark White,thomascampbell@anthony.com,9978367994,Jadeberg,CANADA
1962,Darren Lozano,ejackson@yahoo.com,4716076048,NA ,USA
1963,Hayley Washington,amanda49@davis.com,6648742167,New Richardtown,USA
1964,Danielle French,johnsonsean@gmail.com,7643319382,North Saraburgh,INDIA
1965,Matthew Rollins,jeffrey97@hughes-barnett.com,5635556895,New Brittanyside,U.S.A
1966,Jerry Lee,heatherwatson@martin.com,4438110453,Henryton,CANADA
1967,Amy Kelly,NA,3914562762,Houstonhaven,CANADA
1968,Lisa King,gordonrobin@yahoo.com,6848624492,Robertborough,USA
1969,David Vincent,joshuapace@jones.info,1456733665,New Mark,USA
1970,Lindsey Petersen,lunajames@gmail.com,9317988613,Cindyshire,INDIA 
1971,Thomas Reynolds,mary34@gmail.com,1285358717,Williamsonburgh,INDIA
1972,Shannon Davidson,amunoz@yahoo.com,3311215674,Lake Curtis, UK
1973,Teresa Lewis,robert39@yahoo.com,6062726434,Johnburgh,NA
1974,Brandi Gutierrez,danielchavez@west.com,5996915929,Matthewfort,NA
1975,April Gonzalez,pmorales@hill-brown.com,6400172277,Brayborough,INDIA
1976,Tina Kramer,ogomez@gmail.com,8089854687,Port Mark,INDIA
1977,Joshua Webb,debra19@gmail.com,8534415296,North Sarah,USA
1978,Dylan Jones,andersoncrystal@gmail.com,1829277693,North Larry,INDIA 
1979,Denise Pierce,savagedarrell@hotmail.com,4033901559,Quinnburgh,CANADA
1980,Matthew Graham,NA,5792121114,East Michael,NA
1981,Kathryn Hughes,jessica28@ballard.com,2151218940,Deanhaven,INDIA
1982,Jennifer King,john03@wright.biz,1015147556,Zamoramouth,USA
1983,Tracy Harrington,phillip32@fleming.org,9889759578,Kirkburgh, UK
1984,NA,choover@gmail.com,8690427843,Emilyview,CANADA
1985,Sean Moore,harperkelly@gmail.com,7181387377,Port Meganberg,USA
1986,Jeffrey Young,williamrobinson@gmail.com,1543895095,West Kellyville, UK
1987,Mario Bean,danielyoung@gmail.com,8011884745,North Christophertown, UK
1988,Amy Peck,baileyjeffrey@carlson.info,9495050345,Brooksmouth,NA
1989,Jasmine Stanton,NA,2444135187,Kevinberg,U.S.A
1990,Joseph Walker,perezchristine@white.biz,2160715542,East Valerie, UK
1991,Brian Jones,terrykimberly@gilbert.biz,1658605554,NA ,USA
1992,James Miles,NA,5668280777,West Marychester,INDIA 
1993,Tiffany Bradford,jose54@horton.org,,Port Jessica,NA
1994,Natalie Bass,clinechristina@gmail.com,7096514396,NA ,INDIA 
1995,Marcus Moody,ismith@evans.com,,North Austinbury,NA
1996,Elizabeth Baker,david46@jackson.com,5717149464,Meganfort,CANADA
1997,Allison Moon,gravesjoseph@jenkins-shea.com,5966940295,New Jasonbury,NA
1998,Anthony Peters,tiffany49@hotmail.com,3724808912,Aaronfurt, UK
1999,Lauren Stanley,davidward@vance.com,6887676081,NA ,NA
2000,Christopher Estes,xbennett@hotmail.com,2294140507,Kevinland,U.S.A
2001,James Pugh,lauren22@garrett.info,3698025126,Gonzalezside, UK
2002,Nicole Mckee,becktravis@hernandez.com,8759933277,Acevedostad, UK
2003,Sean Fields,dhunter@gmail.com,,North Austinbury,U.S.A
2004,Jose Cisneros,deanna65@yahoo.com,9361823176,West Michaelview,NA
2005,Kristi Murphy,sglover@poole.com,1030402597,Ronaldland,INDIA
2006,Samantha Vargas,lrobinson@yahoo.com,,Noblechester, UK
2007,David Long,meagan14@gmail.com,9436043469,Frankmouth, UK
2008,Tina Martinez,ujones@oneill-brandt.org,9273172944,North Dennis,NA
2009,Albert Bailey,ryan02@gmail.com,1511098306,West Erictown,U.S.A
2010,Michael Becker,michael37@gmail.com,8757190065,Adamberg,INDIA 
2011,Ashley Perez,reedcarol@garcia.com,6353610861,East Peggy,U.S.A
2012,Lauren Ortega,nelsonkimberly@hotmail.com,8780155043,Port Bryan,INDIA
2013,Linda Erickson,alyssalee@yahoo.com,7277897207,Thomastown,CANADA
2014,Curtis Wilson DDS,matthew81@jones.com,3373657504,North Dana,INDIA 
2015,Paul Johnson,smithkimberly@gmail.com,3785684561,South Andrew,USA
2016,Michelle Mitchell,chad72@gmail.com,5034177113,Lake Davidside,INDIA
2017,Raymond Parker,btrujillo@davidson-cardenas.com,1234485334,NA ,CANADA
2018,Andrew Johnson,richardmora@yahoo.com,8665848336,North Michaelbury, UK
2019,Yvonne Cordova,lucas90@yahoo.com,4633445293,North Austinchester,USA
2020,William Carter,pflynn@steele.biz,1238412664,Port Paul,INDIA 
2021,Bob Moore,luiswilson@meyer.com,1528077865,Joneshaven,USA
2022,Christopher Robinson,wendycarter@russell.com,2379051602,North Jesse,CANADA
2023,Leah Hunter,fwood@mcdowell-mcgee.com,9605668326,New Dawn,INDIA 
2024,Amanda Harris,brandonjames@chambers.com,7463366039,South Danielshire,U.S.A
2025,Elizabeth Banks,qcaldwell@yahoo.com,,Ericville,CANADA
2026,Anna Hoffman,phillip76@hotmail.com,2810897250,Elizabethburgh,INDIA 
2027,Carrie Taylor,kscott@gmail.com,5070638145,North Robertmouth,INDIA
2028,Tyler Howell,cruzmary@brock-watson.com,8458583150,Gardnerport,USA
2029,Timothy Carpenter,baxteremily@mahoney.com,1393986894,North Jamesfort, UK
2030,Colin Conley,rdickerson@yahoo.com,4604627185,East Angel,USA
2031,Patricia Stewart,NA,2182166908,Port Amyton,CANADA
2032,David Morton,shannonfrancis@yahoo.com,5125017353,Jacobland,NA
2033,Eric Higgins,heather58@yahoo.com,,NA ,CANADA
2034,Christine Young,suzanne75@olson-rowland.com,7554367728,Karenstad,CANADA
2035,Cody Lopez,michelle27@warren.com,8843662271,Adamberg, UK
2036,Natasha Wilson,kingnicole@miller.com,5743238709,Jasonview,INDIA
2037,Stacy Kane,sanderselizabeth@hotmail.com,9009120882,Thompsonville,USA
2038,Charles Williams,NA,6586503893,East Robin,CANADA
2039,Jennifer Rodriguez,austin20@moore.com,,Martinview,CANADA
2040,Kathryn Robertson,kristopherramirez@hotmail.com,6228024538,Monicashire,USA
2041,Douglas Flores,NA,6250745834,West Shelbyshire, UK
2042,Jacob Torres,melanie52@johnson-santiago.com,1038148642,Michaelfurt,INDIA
2043,Richard Decker,morriskimberly@gmail.com,4546102530,North Janetmouth,USA
2044,Cathy Walker,vlawrence@hotmail.com,6333332638,Coreyton, UK
2045,James Turner,thompsonmarie@wood-maldonado.org,8743209620,Fernandezside,NA
2046,Amanda Williams,leah36@gmail.com,1665121768,East Sara,NA
2047,Gabrielle Henderson,stoneguy@yahoo.com,4085620389,West Amandaburgh,INDIA 
2048,Donald Cordova,derek08@garcia-harris.net,5379986075,East Nicolehaven,CANADA
2049,David Buchanan,jennifer78@newman.biz,6212338523,West Jessicaborough,INDIA 
2050,Emily Miller,amy02@marsh-black.com,2499810770,Atkinsbury,USA
2051,Lauren Davies,hcurtis@hotmail.com,6807877675,Johnstontown,INDIA
2052,Alan Pace,michaelhoward@thompson.org,5555867090,New Cynthiamouth,USA
2053,Stephanie Stone,sarah34@hotmail.com,4719441916,New Theresa, UK
2054,Rachel Kim,sarahflynn@bridges.info,5325680817,Justinfort, UK
2055,Michelle Clark,evelasquez@gmail.com,4501136119,NA ,USA
2056,Stephen Porter,tylercarl@robinson.biz,,Richardside,USA
2057,Paula Houston,kiaracervantes@young.biz,1161970771,Jonathanburgh,INDIA 
2058,William Watson,lewissteven@yahoo.com,8044344841,Lake Jenniferbury,CANADA
2059,Andrea Brown,friedmanbradley@cunningham.org,7747688751,East Lynn,CANADA
2060,Amanda Stark,jasoncarrillo@thomas.com,8541375777,Sharibury,INDIA
2061,Bruce Bowman,jonathontownsend@garcia.com,5708359512,Scottton,INDIA 
2062,Joseph Williams,dorothygoodman@fowler.biz,9064198911,Amandahaven,INDIA
2063,Scott Lewis,NA,,East Morganchester,USA
2064,Marcus Price,leejoseph@gmail.com,8123390413,Port Jacqueline,INDIA
2065,Jordan Wise,karenferguson@perez-lowe.com,8185931679,Patriciaborough,INDIA
2066,Ashley Wilson,schmittlisa@rodriguez-thomas.net,7295068124,Smithton,U.S.A
2067,Janet Miller,qwright@smith.info,,Fullerville, UK
2068,Kevin Romero,zmiller@gillespie-johnson.org,1235542285,Lake Travis,U.S.A
2069,Jose Davis,samantha40@young.com,4855155820,East Natalie,NA
2070,Julie Keith,jessicaavila@gmail.com,1406051879,Lake Elizabethview, UK
2071,Carrie Williams,april78@wells.biz,4547052948,East Melissafurt,INDIA 
2072,Tara Alvarado,cbridges@yahoo.com,6837914594,Lake Nathan,USA
2073,Mary Mcmillan,michelle87@woods.com,3974223608,NA ,CANADA
2074,Sean Ramirez,randerson@parker.biz,5618234065,New Richard, UK
2075,Michael Ward,marcusthomas@gmail.com,6906396146,East Sarah, UK
2076,Megan Kelly,NA,4661003151,Morganmouth, UK
2077,Becky Cruz,tiffanypowell@hotmail.com,9958154844,Mauriceshire,CANADA
2078,Amanda Day,clementsallison@gardner-evans.com,5256514547,New Jessicabury,USA
2079,Kristin Morales,danielrivera@rogers.net,4439253996,Lopezburgh,U.S.A
2080,Linda Moore,kristenjohnson@yahoo.com,1534503435,West Marcberg, UK
2081,Ruth Hernandez,robert08@yahoo.com,5457507807,Lake Victor,INDIA
2082,Justin Wright,thomastracie@gmail.com,2888156078,Jillside,INDIA
2083,Samuel Bradford,NA,2340124467,North Ryanborough,CANADA
2084,Shelley Cook,kellie90@hotmail.com,6850268164,Jasmineland,INDIA
2085,Dakota Taylor,michaelclark@curtis.info,2004302946,NA ,U.S.A
2086,Melissa Carlson,cwalker@yahoo.com,8795141752,West Jamie,U.S.A
2087,Timothy Washington,michaelramirez@gmail.com,2400647878,New Joelshire,CANADA
2088,Kristi Chaney,NA,9063353058,Derrickfort, UK
2089,Dean Mora,rita94@hotmail.com,2568635396,Lindsayside,INDIA
2090,Michael Shaffer,NA,2669967669,Leonbury,NA
2091,Jason Johnson,NA,7834973134,Andersonmouth,CANADA
2092,Jennifer Smith,cindygrant@hotmail.com,4720060502,West Heather,NA
2093,Mrs. Angela Harmon,cherylbartlett@long.com,8056768277,Jonesbury,U.S.A
2094,Lindsay Jensen,amoreno@gmail.com,9525773954,North Hollytown,USA
2095,Dana Harrison,chelseastein@williams.net,1342372611,North Elizabethburgh,INDIA
2096,Jennifer Ochoa,xwilkerson@porter.com,9062121101,Hortonbury,U.S.A
2097,Michael Ford,fyu@mann.biz,9479380213,New Andrewside,CANADA
2098,Phillip Mendoza,johnathan33@hart-hampton.com,6054902122,Caseton,NA
2099,Susan Carroll,torressteven@gmail.com,7561450440,Lake Scott,INDIA 
2100,Gilbert Hardin,frances64@yahoo.com,1503445079,Port Krystal,INDIA 
2101,Benjamin Dunn,riveratina@hotmail.com,6635564445,Rodriguezmouth,USA
2102,Steven Ramirez,sandra41@gmail.com,5266494296,East Jason,INDIA
2103,Derrick Morales,davidjohnson@henderson.com,,Montoyamouth, UK
2104,Diane Sullivan,qgarcia@hotmail.com,6816015142,Reynoldsview,INDIA
2105,Dr. Ashley Lindsey,victoria20@gmail.com,,Tammyhaven, UK
2106,Angela Morris,charleschelsea@gmail.com,8557753591,North Linda,CANADA
2107,Regina Jensen,mcneiljoseph@odonnell-brown.com,3276528098,Port Jacquelinefurt,U.S.A
2108,Barbara Park,allenjenna@gmail.com,2612608522,New Hannah,USA
2109,Keith Sampson,nicholas08@yahoo.com,7735116377,Lake Christopherport,CANADA
2110,Jonathan Adams,haley17@yahoo.com,4976953080,West Pedro,U.S.A
2111,Allison Rios,scottlori@cline.biz,5104982694,Robinsonfort,U.S.A
2112,Christopher Potter,kward@duran-larsen.org,7666831310,Jonathanville,U.S.A
2113,Chris Day,randrews@jenkins-taylor.com,3091391895,South Danielle,CANADA
2114,Christopher Duffy,kathy11@castro-hampton.com,2609308368,Lake Jonathan,U.S.A
2115,Christopher Wilson,jessica13@george-guzman.biz,8581020462,Annaburgh,CANADA
2116,Tiffany Rojas,mlewis@abbott-mcdowell.org,3255817434,Debrahaven,INDIA
2117,Stephen Martinez,kenneth98@yahoo.com,7721457617,Krystalfurt,U.S.A
2118,Kirk Ross,josephbell@gray.com,5299692138,Smithchester, UK
2119,David Alvarado,millertaylor@ramos.com,8856276984,East Michaelbury,USA
2120,Dale Jackson,markrodriguez@hotmail.com,2011655264,South James,USA
2121,Stanley York,brandi22@hotmail.com,3337451302,Russellside,CANADA
2122,Paul Schmitt,carlataylor@hotmail.com,8331401867,Ericaport,USA
2123,Edward Bennett,james03@gmail.com,9387799953,Michaelland, UK
2124,Jason Williams,johnny86@lewis-hill.com,7183412621,Taylorberg,U.S.A
2125,Ruth Mcneil,baldwinbrianna@yahoo.com,8153812205,Lauraport,INDIA
2126,Sarah Moore,charlessantiago@hotmail.com,4480401015,Taylormouth,CANADA
2127,Brianna Herring,pattersonbrian@gmail.com,1349657263,Micheleberg, UK
2128,Erin Gonzalez,sarahpatterson@yahoo.com,3630044988,Butlerfurt,INDIA 
2129,Corey Hicks,rossjack@gmail.com,8026154050,Port William,U.S.A
2130,Adam Hickman,thompsonmary@harvey-montgomery.net,2282542516,Paulaside,NA
2131,Brendan Dean,whitemelanie@gmail.com,4722365234,Connorbury,INDIA
2132,James Sherman,stephanieramirez@hotmail.com,3490273536,Kristineburgh,CANADA
2133,Jonathan Buckley,NA,9754395588,New Kaitlyn,INDIA 
2134,Robert Wade,qhuff@carney.com,7080023761,Hoovermouth,INDIA
2135,Brenda Huff,hortontracy@gmail.com,6754708300,Annafurt,INDIA
2136,Jamie Davis,amanda27@dean-nelson.org,2522268358,Haleyland,NA
2137,Kimberly Kidd,nataliemullins@gmail.com,9183879412,Waltersport,U.S.A
2138,Danielle Scott,anthonyreilly@yahoo.com,2808437271,NA , UK
2139,John Richardson,jason18@sutton.com,4619745519,Jamesfort,USA
2140,Mr. David Lopez,jesushunter@davis.com,5868906368,New Gary,INDIA
2141,Shannon Vaughn,cristianreid@garner-cortez.com,6322678406,Mcdanielshire,USA
2142,Joseph Burton,jacksonnicholas@gmail.com,7971553399,NA ,USA
2143,Stephanie Mcpherson,NA,9738967548,Lyonsmouth,INDIA 
2144,Daniel Hughes,NA,7497740384,Port Brian, UK
2145,Benjamin Moses MD,rebecca18@alexander.com,4128717085,Maryburgh,U.S.A
2146,Joseph Duarte,morrisonjessica@gmail.com,3037756504,North Jesse,U.S.A
2147,Eric Davis,watkinsmichael@gmail.com,3413040761,Rojasfort,INDIA
2148,Stephanie Yang,johnsondillon@banks.biz,4252536900,West Jessica,CANADA
2149,Nicole Roman,rhodesgeorge@hotmail.com,6068616417,Williamsfurt, UK
2150,Alexander Roberson,albertreed@hudson.com,3600842609,West Alexander, UK
2151,Donna Davis,varnold@jackson-green.com,6728214095,Lake David,USA
2152,Stephanie Bautista,brooke70@yahoo.com,5458384321,North Heatherland, UK
2153,NA,NA,,Whitestad,USA
2154,Chris Salas,wclark@yahoo.com,7568648986,Nielsentown,NA
2155,Robert Watts,perkinsamy@hotmail.com,5078803344,Darlenemouth,INDIA
2156,NA,vanessaowens@scott.com,1487897304,West Jessica,USA
2157,Michael Armstrong,kylethomas@yahoo.com,2861197881,East Wesleychester,CANADA
2158,Travis Taylor,jessica14@martin.info,6011253555,Brownfurt,INDIA
2159,Dawn Poole,NA,4507960206,West Lisaside,NA
2160,Natalie Johnson,NA,7383407962,Port Daniellemouth,INDIA 
2161,Larry Flores,yterrell@hotmail.com,3754226153,Port Cynthia,U.S.A
2162,Amanda Clark,duane84@yahoo.com,8988313968,East Emilybury, UK
2163,Alexander Erickson,hjohnson@yahoo.com,2966464679,Samanthatown,U.S.A
2164,Samantha Walsh,benjamin66@yahoo.com,7474412472,NA ,INDIA 
2165,NA,suzanne11@contreras-howell.biz,9008618805,West Jakemouth,USA
2166,Vanessa Flores,rpineda@smith.com,2394194617,Lake Kyle,INDIA 
2167,Cindy Robinson PhD,NA,8307504278,Cameronport,U.S.A
2168,Jeffery Cameron,louis28@sloan.com,9722435895,Port Rebekah,CANADA
2169,Gerald Allen,salascorey@deleon.com,8953989018,Yeseniaville,U.S.A
2170,Elizabeth Gregory,sharonhayden@gmail.com,9279950221,Andrewtown,NA
2171,Elizabeth Armstrong,qmccullough@yahoo.com,5748428288,West Sharon,INDIA 
2172,Heather Gibson,brenda12@robinson-fox.com,6929488167,Lake Danielton,U.S.A
2173,Joseph Mendez,nicholasmiller@miller.info,5450748995,East Davidtown,USA
2174,Misty Castillo,myerswilliam@yahoo.com,6842979213,West Mariachester, UK
2175,Maria Ochoa,gina76@jones-bailey.com,2262708596,North Dwayne,INDIA
2176,Dr. Nicole Stewart,xparker@elliott.info,3131480581,Robertville,USA
2177,Sandra Archer,sarahgonzalez@rogers-miller.org,6236239284,Delgadochester,INDIA
2178,Denise Peters,wilsontravis@garcia-cherry.info,9813692412,Jamesshire,U.S.A
2179,Brandon Fisher,adkinserika@gmail.com,1364570597,North Amanda,NA
2180,NA,hicksdouglas@lowe.info,4969241345,Bellburgh,CANADA
2181,Amy Day,zshelton@ingram.com,1057797861,Munozville,NA
2182,Edward Cooper,christinahoffman@park.com,,Melanieborough,INDIA 
2183,Justin Wood,christopherbutler@hotmail.com,3596647323,East Julie,CANADA
2184,Christy Mclaughlin,ehouse@yahoo.com,8192406741,New Matthewmouth, UK
2185,Garrett Mueller,osanchez@morales.com,8429873244,New Christopher,U.S.A
2186,Andrea Brown,stacy49@hotmail.com,3102246484,Angelicafurt,INDIA 
2187,Kevin Preston,howellrichard@gmail.com,1135696881,Millerberg, UK
2188,Scott Schaefer,kathrynpark@hotmail.com,1407989308,Adamsshire,USA
2189,Edward Weber,hunterglover@harmon-king.net,3016747405,North Jaredside,INDIA
2190,NA,robertsoncharles@chang.org,6625852485,NA ,USA
2191,NA,pcruz@rodgers.biz,2328860767,NA , UK
2192,Lori Edwards,urice@roman-weaver.biz,1223247800,Lake Robertoland,INDIA
2193,Ryan Andrews,thompsoncarlos@yahoo.com,8963239903,New Vanessafort,INDIA
2194,Samuel Maddox,matthew02@gmail.com,1216423055,Jenkinsborough,INDIA
2195,Scott Brown,xtucker@lewis.biz,8033080399,South Kimberly,NA
2196,Justin Ramirez,lopezmichelle@matthews-hawkins.com,8276051317,Fieldsstad, UK
2197,Christopher Young,sandra93@gmail.com,9179965647,Watkinsbury,U.S.A
2198,Jeffrey Campbell,morrisnatasha@evans.com,7718117072,Conniehaven,INDIA
2199,Robert Johnston,sherri14@hotmail.com,6484119698,South Joshuafort, UK
2200,Stephanie Haynes,qpineda@yahoo.com,7194563893,Walkertown,U.S.A
2201,Shawn Cook,smitherika@marshall.net,5491327872,Richardston,USA
2202,Tracey Juarez,croberts@ortiz.com,2906202011,Lake Racheltown,U.S.A
2203,Mario Bryant,ronald93@morales.net,7420894945,Moorefurt,INDIA 
2204,Kimberly White,hday@yahoo.com,2021900294,West Elizabethberg,USA
2205,Jennifer Johnson,NA,8335884346,South Veronica,NA
2206,Christina Long,dawn54@hotmail.com,6463160797,North Jonathanbury,U.S.A
2207,Terry Pratt,susan00@nunez-brown.net,6527584465,North Davidhaven,CANADA
2208,Kenneth Young,iwatts@gmail.com,7650618291,North Amber,NA
2209,Nancy Gonzalez,jeffreyfletcher@ford.com,5011804634,Aguirreland, UK
2210,Heather Grant,danielle25@hotmail.com,8072230066,Willieport,INDIA 
2211,NA,NA,3771550847,East Susan,CANADA
2212,Angela Travis,bradymichelle@oconnor-sanchez.org,8978739115,North David,USA
2213,Tracy Hunt,john75@hotmail.com,8120102932,North Rebeccafurt,USA
2214,Mark Turner,thomas71@gmail.com,3710382030,Jenniferhaven,U.S.A
2215,Nathan Butler,bryantkathleen@gmail.com,2691000686,Kevinmouth,U.S.A
2216,Lindsey Miller,warejennifer@johnson.net,2483898170,Williamsland,INDIA 
2217,NA,freemantiffany@yahoo.com,1647529051,Claudiashire,CANADA
2218,Shannon Gross,valerie96@hotmail.com,7990994139,Ginaview,INDIA
2219,Allison Howell,cindy33@foster-moore.org,2698492105,Joshuaville,NA
2220,Jamie Gillespie,swright@edwards.com,2849544255,Theodorefurt,INDIA
2221,Michael Powell Jr.,brownsophia@gmail.com,8596405585,NA ,INDIA 
2222,Kevin Navarro,praymond@yahoo.com,8728365103,Carolfurt,USA
2223,Michael Knox,karl98@mcdaniel.org,1664043878,Lake Kaitlyn,CANADA
2224,Julia Douglas,ochaney@gmail.com,5639758350,North Jasonstad,NA
2225,Molly Johnson,vgates@hunter.com,5910567012,North Kimberlybury,CANADA
2226,John Hill,kimramirez@huynh.com,1704645444,Davidview,INDIA
2227,Ryan Fox,schneidersuzanne@gmail.com,,Port Davidchester,CANADA
2228,Michael Abbott,brittany76@mitchell-liu.com,2334011410,Fosterland,CANADA
2229,Sandra Clark,NA,7668696576,Lake Jasonview,INDIA 
2230,Carol Weber,tiffany85@jackson.com,7004227542,Anthonyshire,USA
2231,Mackenzie Jimenez,anthonygallegos@gmail.com,6638651970,Katieshire, UK
2232,Stephanie Barnes,ihughes@hughes.com,4686178094,NA ,INDIA
2233,Benjamin Hebert,david75@porter.net,9033600854,North Robert, UK
2234,Joseph Cabrera,neaton@hotmail.com,8122421644,Jamesside,USA
2235,Cheryl Stephens,meyerdustin@jordan.net,6049918230,New Monicaborough,INDIA
2236,Daisy Suarez,juan04@gmail.com,6986839267,New Mathewchester,INDIA 
2237,Jordan Henry,smithsean@yahoo.com,6530272381,New Kevin,NA
2238,Dustin Bell,NA,8552686405,West Jessica,INDIA 
2239,Thomas Henderson,thomas68@hotmail.com,7245089213,Smithtown,INDIA
2240,Caleb Diaz,jessicaday@york.com,3315055259,Edwardburgh,USA
2241,Courtney Contreras,crystaltapia@warner.com,2498413536,Lindaside,INDIA 
2242,David Davis,adrian30@peters-sullivan.com,3378534999,New Lisa,INDIA 
2243,Anita Sanchez,collindavis@howell-smith.com,2251363824,Lake Johnville,U.S.A
2244,Marcus Gray,kristen24@gmail.com,,Lake James,USA
2245,Sarah Parks,fyoder@barajas.com,4115633292,Port Stephenstad, UK
2246,Deborah Benjamin,paulmcdaniel@parker.com,6803961393,East Diane,INDIA
2247,Melissa Brown,brucewilliams@gmail.com,4799932487,Rodneyhaven,INDIA
2248,Richard Wolf,michellemiller@gmail.com,,Jonesside,U.S.A
2249,Sabrina Henderson,greencrystal@garcia.com,1806849961,Bryantown,INDIA
2250,Theresa James,umeadows@hutchinson.info,1303067122,Petersonstad,CANADA
2251,Karen Scott,ronald73@yahoo.com,9729103131,North Brentchester, UK
2252,Donna Watson,wbrock@yahoo.com,2337439220,Port John,USA
2253,Donna Nguyen,ccox@downs.com,3219382291,NA ,USA
2254,Nicholas Ramirez,benderlaura@walsh.net,8365485414,North Madisonton,U.S.A
2255,Kristin Dominguez,williamsnancy@smith-brown.com,3894674757,East Michael,INDIA 
2256,Margaret Reid,athompson@mccormick.com,4942106206,West Josephstad,INDIA
2257,Mary Hamilton,dsmith@yahoo.com,2117917161,South Lori,CANADA
2258,Cynthia Thompson,jameskaiser@gomez-wheeler.com,,East Joseph,NA
2259,George Carroll,yalvarez@gmail.com,9492782887,Burnettville,INDIA 
2260,Roberto Cook,wbaker@fisher.net,5681553490,West April,CANADA
2261,Rachel Calhoun,laurahernandez@gmail.com,5805180236,East Stacey,INDIA
2262,Christine Thomas,christensenjenny@hotmail.com,3940412517,Johnsonport,U.S.A
2263,Michael Miller,hansonamy@yahoo.com,,North Jonathanshire,INDIA 
2264,Randall Nguyen,steven33@vargas.com,8682119745,Nicholasborough, UK
2265,Monica Cook,wdixon@duncan-dickson.com,7405272779,Lake Jacobland, UK
2266,Lauren Gallagher,lori50@zimmerman-mclaughlin.com,6809421604,Smithmouth,INDIA 
2267,Mrs. Stephanie Williams DVM,zmoore@gmail.com,7656509018,Huntview,NA
2268,Kim Trujillo,andrewhunt@gmail.com,4163823324,North Jessicachester,USA
2269,John Blackburn,yware@torres.com,,South Mary,USA
2270,Derek Hughes,brendabowen@gates-martinez.com,7011275614,South Peterton, UK
2271,Tina Graves,xcallahan@hotmail.com,8683100041,Gambleborough,USA
2272,Lisa Savage,esimpson@yahoo.com,6761080159,North Ashleyborough,INDIA 
2273,Keith Harvey,dvaldez@gmail.com,,Sandraside,U.S.A
2274,Matthew Blair,wgarcia@duke.com,3702923461,South Samuelshire,USA
2275,Chad Frost,cartergreg@yahoo.com,9589636712,Tylermouth,CANADA
2276,Thomas Kim,kmorris@green.com,2028540772,West Roberthaven, UK
2277,Janet Hudson,martin86@gmail.com,8866726148,West Benjaminborough,USA
2278,NA,raymond89@hotmail.com,2724933264,West Jennifer,U.S.A
2279,Jessica Hull,zvillarreal@zimmerman-horton.com,8108475802,Robertview,INDIA
2280,John Wilson,jeffrey55@hotmail.com,1626709800,Allisonbury,NA
2281,Melissa Jones,shannon44@gmail.com,5781482832,Port Eddietown, UK
2282,Chad Williams Jr.,keith41@wolfe.com,1968804257,Gonzalezbury,NA
2283,Sabrina Rogers,hharmon@deleon.com,9055164114,Courtneymouth,USA
2284,Philip Moran,fowlerjulie@martin-lopez.net,9031321273,South Brian,U.S.A
2285,Ashley Ortega,hannahparker@shaw.com,,Hunterhaven,NA
2286,Charles Chan,seanadams@yahoo.com,1956829590,South Preston,USA
2287,Wesley Ward,btaylor@barker-clarke.biz,3380933818,Jamesside,USA
2288,Angela Taylor,coxangelica@yahoo.com,2611307765,NA , UK
2289,Anthony Woodard,allenbradley@hotmail.com,7934455853,Rogerstad, UK
2290,Erika Swanson,wilsonnathan@yahoo.com,4811932080,Moorefurt, UK
2291,Allison Huffman,mhill@yahoo.com,3753479856,Miguelland, UK
2292,Wanda Floyd,mccormickbrenda@gmail.com,3907245574,East Tiffanyberg,NA
2293,Tina Rubio,penadonna@roman-gates.com,5458556018,New Michelle,INDIA 
2294,Cody Gallegos,silvajohn@hotmail.com,6862843319,Allenport,USA
2295,Tammy Stephenson,carlturner@bryant.com,6143952364,Josephchester,INDIA 
2296,Glen Gomez,gina36@gmail.com,4184533424,Lake Amanda,CANADA
2297,Michael Oliver DDS,jonesamanda@kerr.net,3455863298,North Jacquelineshire, UK
2298,Brian Parker,april20@yahoo.com,5209363180,Laurachester,NA
2299,Brian Evans,courtney75@adams.biz,5580778837,NA , UK
2300,Todd Armstrong,desireeriddle@stewart.com,8074818166,Port Phillipfurt,CANADA
2301,Stephanie Gomez,uwillis@vega-hurley.net,8948726415,Jonesfurt,INDIA
2302,Diana Payne,tracy34@yahoo.com,4918837746,Davisshire,INDIA 
2303,Rachel Rice,farleyrobin@murphy-hicks.com,9807941987,Yustad,NA
2304,NA,summersadam@yahoo.com,,West Holly,NA
2305,Sandra Salazar,joseph91@rodriguez.com,7630869823,South Donna,INDIA 
2306,Jennifer Wilkins,chavezjose@davis.com,6326791719,Paulland, UK
2307,Kenneth Wilkinson,tcarlson@yahoo.com,3079953456,Davidfort,USA
2308,Joshua Ferguson,bryan38@gmail.com,4096518379,Tranburgh,INDIA
2309,Elizabeth Smith,simonheather@richardson.com,4890717644,North Brianburgh,NA
2310,Alexis Jefferson,jameslewis@cochran.biz,5428756477,Lake Rachel,INDIA
2311,Samantha Jones,alvarezkeith@gmail.com,8374192372,North Julieside,USA
2312,Laura Ward,lindafitzgerald@duncan-fitzgerald.info,3530507347,NA ,CANADA
2313,Jessica Weber,tjenkins@gmail.com,9274502561,Lake Ashley,U.S.A
2314,George Davis,jamesyoung@pearson.info,9243188142,South Gregorymouth, UK
2315,Dr. Kimberly Freeman,christopher76@kim-dawson.com,7347623636,Petersonland, UK
2316,James Gonzalez,mitchellflowers@page.info,3733147159,Holmesborough,USA
2317,James Cobb PhD,djones@yahoo.com,8863445586,NA ,INDIA
2318,Sarah Mccarty,NA,3127982991,South Elizabethhaven,INDIA 
2319,Kelsey Wilson,gloria41@yahoo.com,7872413370,North Dustin,CANADA
2320,Carl Moore,christine35@day.net,3104372444,New Stefanie,NA
2321,Jonathan Garcia,mturner@hotmail.com,9435245016,Craigburgh,CANADA
2322,NA,william58@hotmail.com,1603280541,Johnton,INDIA
2323,Michael Garcia,kevin08@howard-ramirez.biz,2962242205,Port Donaldstad, UK
2324,Olivia Wilson,alex73@yahoo.com,7238324085,Christophershire,NA
2325,Amber Mccarthy,kconley@bradford-graham.net,5397691017,North Miguelchester,NA
2326,Vicki Garrett,smithrandall@yahoo.com,8156251834,East April,INDIA
2327,Nancy Nelson,rdennis@yahoo.com,6877847912,Petersonside,INDIA
2328,Gabrielle Stephens,victoriaross@gmail.com,2603071755,Martinezberg,CANADA
2329,James Novak,laura59@yahoo.com,5962628890,North Carl,USA
2330,Robin Perry,davenportwilliam@gmail.com,7857013942,Port Colleen,INDIA 
2331,Rebekah Scott,andersontamara@sexton.com,5595747242,East Richardmouth, UK
2332,Deborah Rich,dianawhite@gmail.com,9882023634,Thomastown,INDIA 
2333,Joanne Day,ejohnson@hotmail.com,7685806712,Garrettstad,CANADA
2334,Rebekah Wilson,hmartin@shaffer.org,3224125257,South Jessica,U.S.A
2335,NA,paulmiller@kaufman-moreno.com,8754416176,Ruizfurt,NA
2336,Stephanie Colon,martinmichael@hotmail.com,3959454482,South Heather,U.S.A
2337,Shannon Logan,mcdonaldjessica@chen.org,6996042702,Lake Markfurt,USA
2338,Alan Barr,francistaylor@collins-reed.org,5011412176,Brendaborough,CANADA
2339,Michael Lopez,caitlin55@spence.com,7833295225,Robertton,NA
2340,Richard Lutz,christina84@brennan-mcfarland.com,7316238755,South Amber, UK
2341,James Fisher,shirley39@yahoo.com,4147915251,West Taylor,CANADA
2342,Shannon Parker,ybishop@proctor-ferguson.com,8643432605,Phillipside,NA
2343,Meredith Adams,butlerjames@white-hernandez.biz,3565552691,Angelicaside, UK
2344,Michael Smith,feliciamonroe@boyd.com,,New Mary, UK
2345,Joshua Rivas,lgarcia@simpson-peterson.info,5184435398,Arianaberg, UK
2346,Roger Jarvis,sanchezmary@hotmail.com,3245249801,Jimmymouth,INDIA 
2347,Lauren Hart,jeffreyevans@carrillo-nelson.com,,Christensenbury,INDIA
2348,Kenneth Hughes,espinozajennifer@yahoo.com,7539068783,North Dawnport,INDIA 
2349,Thomas Johnson,qbyrd@gmail.com,1780342815,Willisville,INDIA
2350,Sandra Valenzuela,bowmanmarvin@gmail.com,6674704809,West Marissatown, UK
2351,Anna Martin,bayala@scott.com,8004006846,Brianfurt,U.S.A
2352,Michael Dillon Jr.,christophermathis@hotmail.com,6131028729,Douglasport,NA
2353,Thomas Lopez,andrea14@hotmail.com,,Chanmouth,INDIA
2354,David Santos,emilyhuynh@gmail.com,2211866685,North Paulberg,U.S.A
2355,Claire Finley,sanchezzoe@williams.org,5600823261,West Logan,USA
2356,Antonio Black,cartercory@hotmail.com,1097835368,North Kimberlyview,NA
2357,Jasmine Watts,noahdaniels@hotmail.com,1361256024,Johnsontown,INDIA 
2358,Patrick Johnson,vfisher@patterson-huang.com,7985565684,Joannaside,INDIA 
2359,Amy Schneider,joneswilliam@alexander.com,5772192098,Christensenport,CANADA
2360,Harold Blevins,hayesmichael@parks.com,8928354228,Port Eric,CANADA
2361,Ricky Russell,sandersjerry@willis-snyder.net,3920501573,Lake Brian,INDIA 
2362,David Hart,michaelrodriguez@gonzales-lee.net,2759592069,South Laurenport,NA
2363,Jordan Carr,dparker@martin.com,4865348367,Andreamouth,CANADA
2364,Joshua Garcia,hallholly@flores.com,8548683396,Port Dianemouth,USA
2365,Ashley Rose,susan83@bailey.org,1945796542,Lake Roberto,CANADA
2366,Amanda Miller,colin72@anderson.biz,2955772991,Parrishport,NA
2367,Robert Miller,urios@perry.com,5350695183,NA ,USA
2368,Karen James,shawn39@nguyen.com,8907062816,NA ,INDIA
2369,Christopher Parker,NA,,South Brandonburgh,U.S.A
2370,Felicia Henry,changmatthew@lucas.com,5220969591,Victoriaborough,U.S.A
2371,Jordan Valentine,chambersdana@yahoo.com,8057110411,NA ,INDIA 
2372,Jason Riley,jennifer39@yahoo.com,3219087066,South Tina,INDIA
2373,Chloe Powell,richard93@hotmail.com,8314832243,West Christopher,INDIA 
2374,Susan Black,bakerchristopher@stephenson.com,8854471357,Port Crystalville,NA
2375,Melanie Davis,heather93@yahoo.com,5125245043,South Lauraview, UK
2376,NA,andersonlori@yahoo.com,,North Davidfort,U.S.A
2377,Marie King,qfranklin@taylor.net,4962777160,Lake Elizabethmouth,NA
2378,NA,lesliejenkins@cox.net,7250047596,West Cynthia,NA
2379,Erica Castaneda,marypierce@hotmail.com,7649999318,Coffeyburgh,INDIA
2380,Julie Price,melaniewright@hotmail.com,1422210476,Lopezville,INDIA
2381,Cindy Wu MD,jadams@lindsey.net,1692318228,Harrisburgh,USA
2382,Trevor Ross,charles94@perez.com,6890863555,South Michaelmouth,INDIA 
2383,Noah Delacruz,josewalls@patterson-kidd.info,3262174530,Tylerhaven,USA
2384,Eric Mcknight,NA,9161895751,NA ,NA
2385,Matthew Curtis,romanjoshua@brennan.com,4855956889,Mcdonaldborough,INDIA 
2386,Christopher Leonard,timothyford@patel.com,7863539247,Duranfort, UK
2387,Alexander Hicks,pburton@thompson.com,2014784264,New Lindseyfort,USA
2388,Justin Drake,debra55@evans-snow.com,6585554521,Figueroatown,CANADA
2389,Pamela Young,walkermarvin@holmes-russell.com,1443826972,North Rhondaview,NA
2390,Jonathan Wolf,ericsanchez@barnett-martinez.net,9962706632,Collinsside, UK
2391,Rodney Nelson,kesparza@murphy.com,7935579488,Stevenland, UK
2392,James Taylor,david34@walsh.info,3347720852,Amandashire,CANADA
2393,Denise Waters,jonathan73@rodriguez.org,3851239318,West Ashleymouth,USA
2394,Christian Hayes,michaelsutton@hotmail.com,3371750308,Conleyland,U.S.A
2395,Sandra Rodriguez,christopherlynch@copeland.com,3161550602,Port Rebeccafurt,INDIA
2396,Micheal Bonilla,dhurley@yahoo.com,8457133640,East Julieton,USA
2397,Natalie Shields,NA,5800611730,Davisview,CANADA
2398,Megan Thornton,rodgersbrandon@walker.biz,6846919170,East Davidborough,NA
2399,Michael Moran,morrisisaac@thomas.com,3791702163,South Seth, UK
2400,Paul Burton,allen41@hotmail.com,,Jasonburgh,INDIA 
2401,Richard Miller,smithangela@benson-henderson.com,7480151018,Mcdowellfurt, UK
2402,April Taylor,mary40@daniel.com,7392257786,North Trevor, UK
2403,Paula Graves,kellytricia@moreno.com,2152934858,East Leslie,NA
2404,Benjamin Mccarthy,isaacbrandt@pierce.com,5117628712,South Ronnie,CANADA
2405,Amanda Bell,NA,4882661169,West Richardfurt,USA
2406,Jacob Dodson,nmejia@gmail.com,6654865298,Georgeside,USA
2407,Leah Adams,rweaver@mata.com,5555177837,New Bradley,INDIA 
2408,Melissa Thompson,michelleyoung@rogers.biz,3008512941,Stevenbury,INDIA
2409,Victoria Bell,christinerodriguez@elliott-parker.com,8865870385,Lambertburgh,U.S.A
2410,Jennifer Reynolds,stephanie35@gray-flores.org,7122669062,Port Jessica, UK
2411,Julia Robinson,samuelsweeney@tate.net,8765231586,Joshuaville,USA
2412,Candace Torres,asmith@yahoo.com,5507034592,Johnton,INDIA 
2413,Heather Rogers,zjones@hotmail.com,1497255577,Staceybury,INDIA 
2414,Tony Mendoza,christopherdavis@gonzalez.com,,Castillomouth,U.S.A
2415,Peter Shannon,uingram@yahoo.com,4039862104,Davidberg,CANADA
2416,Mr. Juan Stanton,chandlermichael@holloway-fowler.info,8638552208,Brianshire,NA
2417,Brett Marshall,holtmichele@hotmail.com,5298122077,North Stephanie,CANADA
2418,Andrew Bender,angela80@yahoo.com,6665572856,Latashastad,CANADA
2419,Jennifer Campbell,nicholas30@mcpherson.com,9809050513,East Katherine,CANADA
2420,Christopher Owens,lbrooks@chen.biz,4485721811,Davidbury,NA
2421,Becky Garcia,kevincruz@thompson-stein.info,3322908075,Paulshire,USA
2422,Barbara Jones,jacobjackson@cooper.net,8631098369,East Rhonda, UK
2423,Patrick Fox,alexagriffin@hotmail.com,1748824180,South Christian,USA
2424,Jorge Smith,bobrien@gmail.com,4891859445,North Richardburgh,USA
2425,Ryan Warren,kelli33@garrett-perry.biz,6053404977,Lake Taraberg,INDIA
2426,Brandon Obrien,wfrey@watson-boyd.biz,5919989995,Ritaville,INDIA
2427,Edward Wright,broberts@stevens-mendoza.com,5852099317,Karenfort,NA
2428,Clarence Lee,stephen32@yahoo.com,,North Elizabeth,U.S.A
2429,Timothy Sherman,cgilbert@green.com,7300676445,Pagefort,USA
2430,Sydney Brown,connerkrista@mitchell-cunningham.net,5930184411,Fostermouth,USA
2431,Sandra Peterson,danielhicks@gmail.com,7132243289,New Patricia,INDIA
2432,Olivia Lane,jeremylong@ortiz.com,8226372221,Lake Tasha,INDIA 
2433,Mark Dixon,dsmith@washington-reyes.com,,West Royhaven,INDIA
2434,Allison Hunter,kathryn64@gmail.com,3678044326,West Ericfurt,INDIA
2435,Lisa Smith,ogoodman@watkins.com,3742913297,Brandonshire,U.S.A
2436,Cindy Christensen,tammylopez@wilson-martinez.org,3649865420,Harrismouth, UK
2437,Lisa Middleton MD,dsmith@yahoo.com,8177045629,Laurenburgh,CANADA
2438,Andrea Terry,kelseywatson@hotmail.com,9656872994,Port Kimberlychester,NA
2439,Matthew Ellis,sharon80@yahoo.com,8041366430,Michaelland,NA
2440,Nicholas Espinoza,NA,4349744581,Sarahberg,CANADA
2441,Jessica Peterson,nhernandez@moore-rice.com,9268516009,North Raymond,NA
2442,Chris Jones,ubrady@beck-cook.com,9990018961,Jenniferview,NA
2443,Christopher Elliott,iflores@morales-cummings.biz,6946567927,Port Matthew,INDIA
2444,Troy Landry,mark55@gmail.com,7814259632,Westberg,U.S.A
2445,Joe Alvarez,raysteven@hotmail.com,6052539093,West Brandi,U.S.A
2446,Erica Perez,NA,3004932639,Taylormouth,CANADA
2447,Sarah Moreno,rgonzales@shea-gates.com,9450837364,South Seth,CANADA
2448,Christian Reyes,gregoryrice@parsons.com,3523664694,Cisneroschester, UK
2449,Sherry Mathews,shellyspencer@hotmail.com,8880654865,Kramerstad,USA
2450,Joseph Bond,gbenson@hotmail.com,3647983025,Olsonport,U.S.A
2451,Edwin Merritt,cmiller@schneider-white.com,6617425555,Jaredshire,INDIA
2452,Mark Greene,kaitlin44@aguilar.org,7021867759,Hartmantown,U.S.A
2453,Elizabeth English,mmelendez@gmail.com,4414689331,New Lindsey,NA
2454,Marcus Green,NA,8225028486,Port Lonniebury,INDIA 
2455,Sharon Meadows,youngbrian@hotmail.com,3557161460,Lake Tyler,INDIA 
2456,Daniel Solis,manuel01@torres.com,1483688830,NA ,INDIA
2457,Christopher Adams,shenderson@gmail.com,4616553259,Charlesmouth,INDIA
2458,Stacey Nash,elizabeth77@gmail.com,3713771739,Davidchester,NA
2459,Leah Fields,dsmith@hotmail.com,9946985788,West Anna,NA
2460,Scott Hill,gcampbell@casey.com,5250966360,Brentside,CANADA
2461,Alicia Campbell,smiller@kline-castro.info,2486292888,Andreatown,CANADA
2462,NA,NA,,Erintown,U.S.A
2463,Logan Harvey,briana88@kirby.net,8264901428,NA ,INDIA
2464,Julia Sanders,jennifer86@yahoo.com,4541671318,Port Jonathan,U.S.A
2465,Jordan Jordan,joyceclark@gmail.com,6734558346,Cisnerosside,USA
2466,Kevin Jones,corey16@flynn.org,7209475971,Robinsonborough,U.S.A
2467,Craig Black,greendevon@crane.com,8868984495,New Raymondton,CANADA
2468,Robin Robinson,langtodd@yahoo.com,5510327087,North Connieview, UK
2469,Michael Kelly,jacksonbruce@wilcox-coffey.com,6416522052,Lake Douglas,INDIA
2470,Karen Lewis,sryan@yahoo.com,4968859623,Ebonymouth,U.S.A
2471,Robert Wilkerson,morsephilip@gmail.com,8653283891,Kellyhaven,INDIA 
2472,Nicole Benton,xpace@west.net,1855092149,West Nathanielton,USA
2473,David Fuentes,deleonvalerie@hotmail.com,5365190869,West Kristy,INDIA
2474,Willie Jones,jason76@whitaker.com,9596629091,Port Ryan,USA
2475,Robert Gutierrez,washingtonandrew@vincent.net,6889395181,Patelburgh,CANADA
2476,Stephen Miller,millerbrittany@hotmail.com,7763724009,East Kristy,INDIA
2477,Nicholas Hanson,collin37@gmail.com,4329230839,Robinsonfurt,INDIA
2478,Daniel Foley,dhudson@chavez.info,8529219039,Edwardborough,U.S.A
2479,Wendy Irwin,kellydevin@yahoo.com,8278429290,New Jenniferfort,U.S.A
2480,NA,jeremy43@gmail.com,2869634951,Hallport,USA
2481,Dwayne Price,NA,9694925533,Erinton,USA
2482,Thomas Ortega,sparksdanielle@grant-shannon.com,8947650986,Stevensonmouth,USA
2483,Kristin Wallace,paynematthew@hotmail.com,4901279635,NA , UK
2484,Christine Edwards,kristen94@brown.com,8370905794,Lake Waynehaven,NA
2485,Jeffrey Bray,rwilcox@brock.com,2777983397,Christopherchester,NA
2486,Kathryn Mason,annastafford@gmail.com,8419678999,Lake Jessicaville,INDIA 
2487,Heidi Downs,jonathan53@rosario-middleton.biz,5758108746,Donstad,USA
2488,Joel Rogers,robinsonjoseph@richards.org,9388351863,West Paulastad,U.S.A
2489,Charles Lawson,derrick69@stevens.com,7481283433,Alexismouth,INDIA
2490,Yolanda Walker,mark14@hotmail.com,8238632112,Melissaside,INDIA 
2491,Wendy Johnson,thomas10@gmail.com,9002185308,West James,USA
2492,Christine Bates,conleymichael@white-edwards.com,,Lake Maryland,USA
2493,Glen Garcia DVM,michael06@yahoo.com,4644036021,Lake Paulfort,INDIA
2494,Ronald Ryan,lisa10@gomez.com,7365171589,Martinshire,U.S.A
2495,Angel Craig,patrick78@gonzalez-jones.com,7944534215,North Alexanderview, UK
2496,Jennifer Johnson,rmorrison@nunez.com,,East Martinland,INDIA 
2497,Craig Walton,lauren40@yahoo.com,2727046411,Dicksonton,CANADA
2498,Charles Clark,lamstephen@gomez.com,5765105555,NA ,INDIA 
2499,Brooke Barber,NA,8312818336,Mayshire,U.S.A
2500,Audrey Barry,oliviadurham@chapman.info,6290424913,NA , UK
2501,Mark Shelton,brian14@hotmail.com,4956975357,NA ,INDIA 
2502,Joshua Ward,lori74@smith-jones.com,5316466876,East Markton,INDIA
2503,Mikayla Underwood,youngmichael@hotmail.com,2748871711,Wardfort,U.S.A
2504,Rhonda Wilkins,brandon40@walsh-santana.com,3609793105,Crossborough,CANADA
2505,Tanya Navarro,sarahbrooks@gmail.com,3853894080,North Matthewland,USA
2506,Seth Gomez,richmondelizabeth@yahoo.com,1801571076,Lindaport,INDIA 
2507,Sheila Martinez,petersoncindy@quinn.com,1720378196,Millerton,INDIA 
2508,Dennis Hughes,aguilarjacob@gmail.com,5588227695,Mendezstad,USA
2509,Bobby Macdonald,brandon51@hamilton.com,,Martinshire,NA
2510,Courtney Alvarez,NA,6676258070,Raymondfurt, UK
2511,Brittney Edwards,cjohnston@yahoo.com,,Weaverstad,U.S.A
2512,Lynn Howell,amy61@walter.com,8035054448,Torresfort,USA
2513,Mrs. Tiffany Kim,phillipsimpson@hotmail.com,3694291059,Robertborough,INDIA
2514,Jerry Graham,pricenatasha@gmail.com,5043840125,South Charles,NA
2515,Brian Blair,jennifer82@yahoo.com,5315061687,Perezstad,INDIA
2516,Michael Melendez,gonzalezbrenda@santos-roberts.com,3054766037,Josephport,CANADA
2517,Natasha Cruz,josephdecker@hotmail.com,4902771742,Peterport,INDIA 
2518,NA,jenniferharvey@yahoo.com,5034249092,Lake Jerryview,CANADA
2519,Kristin Smith,qmarshall@rodriguez.net,3748666283,West Sherry,INDIA 
2520,Jamie Aguilar,aharvey@hotmail.com,1911014435,New Rodneyshire,INDIA 
2521,Patricia Price,william56@yahoo.com,3584697859,North Maryview, UK
2522,David Gross,ryanmanning@brown.info,8162209826,Lambertmouth,NA
2523,Candice Johnson,gkline@yahoo.com,3144066751,Lake Kristaville,INDIA
2524,NA,NA,2782764372,New James,CANADA
2525,Jonathan Cunningham,travis68@hall.net,6678311261,Reginaport,CANADA
2526,Scott Gordon,justinvelasquez@hotmail.com,6488707035,Emilybury, UK
2527,Breanna Sandoval,matthewlee@hotmail.com,7046594995,Kimberlytown,NA
2528,Alicia Gomez,annsmith@gmail.com,5280042345,Davenportmouth,U.S.A
2529,David Wilson,richardpetersen@yahoo.com,3921194709,New Colleenview,U.S.A
2530,Joseph Melton,tclark@gmail.com,,Lake Alejandrotown,U.S.A
2531,Sherri Wells,joshuaalexander@obrien.net,1532996017,Jacksonberg,U.S.A
2532,Dana Garcia,asingh@hotmail.com,9715075663,West Krystal,INDIA
2533,Mr. Daniel Taylor,tamara54@yahoo.com,9924093049,North Karinaview,CANADA
2534,Brett Flores,sheryl48@hotmail.com,,Lake Catherine,NA
2535,Sheri White,michael97@edwards.com,8409625380,New Bob, UK
2536,Christine Anderson,kyle57@garcia.org,1715287351,East Andrea, UK
2537,William Lucas,yblackwell@barrett-brown.com,8637360930,South Tammy,INDIA 
2538,Jonathan Carey,melissa86@long.net,5708948920,Hughesshire,USA
2539,Kristina Hoffman,vscott@conner.net,8132786994,New Amanda, UK
2540,Ryan Carter,kkaufman@gmail.com,7086116265,East Mistyberg,INDIA
2541,Dale Smith,reedjeremy@yahoo.com,1788505334,New Keith,NA
2542,Mrs. Stephanie Bennett,elizabeth60@adams.com,9326715955,Alvinland,CANADA
2543,Robert Hamilton,dunncurtis@hotmail.com,5779871405,Wandaview, UK
2544,Amanda Taylor,christiansteven@johnson.com,5987432907,West Garyshire,USA
2545,Christine Sanchez,xmorrow@hotmail.com,4346379946,New Matthew,INDIA
2546,Allen Marshall,phall@yahoo.com,6507616713,Josephstad,INDIA
2547,Christopher Schmidt,matthewmurray@hotmail.com,6897228564,Port Omarland,INDIA
2548,Paul Romero,spencer05@hotmail.com,4298555964,Keithfort,USA
2549,Ryan Jackson,chelseasharp@yahoo.com,,Port Susanshire,INDIA
2550,Mindy Rodriguez,andrew24@guerra.org,5623561240,Lake Danieltown,INDIA 
2551,Michael Alexander,tfry@johnson.net,2352981890,Peckburgh, UK
2552,NA,gilbert29@perez-gutierrez.info,3369986192,Larrystad,USA
2553,Jill Ruiz,susan76@white.com,5169003492,Port Cynthia,CANADA
2554,Tyler Gates,loganbyrd@wells.net,3739640389,West Deborah, UK
2555,Julie Garrett,mdominguez@gmail.com,3868773180,Port Richard,CANADA
2556,Ashley Cole,alex95@bennett-erickson.com,1466802112,New Johnville,NA
2557,Joanna Howell,waltersleslie@brown.com,3565461098,Keyfort,INDIA 
2558,Justin Hernandez,fterry@blake.com,8402274501,Wellsport, UK
2559,Joanna Nguyen,douglas37@yahoo.com,7353676572,Lisafurt, UK
2560,Edward Green,randalldrake@gmail.com,1367481435,Lucasmouth,CANADA
2561,Matthew Figueroa,ericadiaz@henry.com,4112666576,Randallland,USA
2562,Javier Bailey,milleramanda@nelson.org,,East Robertton,NA
2563,Michael Perkins,waltersmaria@yahoo.com,4476996476,Lake Amanda, UK
2564,Shelby Jones,larsendaniel@smith.com,7780813315,South Nathanfurt,USA
2565,Wesley Henry,nelsontodd@villarreal.com,3233920181,West Rickmouth,USA
2566,Shannon Sanders,angelafleming@yahoo.com,9846662558,Jasonview,U.S.A
2567,Sabrina Henry,maddoxmichael@baker.net,1248158247,Brianville,INDIA 
2568,Mr. John Phillips,carterjoshua@bailey-garner.com,5348895843,Lake Davidstad,INDIA
2569,Katelyn Oliver,gonzaleslucas@kim.com,9894660876,Samuelland,INDIA
2570,NA,christopher90@moore.net,4548539782,Brooksshire,USA
2571,Mary Carr,dylan95@peterson-lynn.com,4856206103,Tonyville,INDIA 
2572,Aaron Pennington,piercelaura@yahoo.com,8610556127,Port Codystad,INDIA
2573,Roberto Tran,kristinmcdonald@hotmail.com,4465979740,Acevedoside,USA
2574,Warren Walker,brockmichelle@robinson-griffith.org,2700302733,Jenniferfurt,USA
2575,Sandra Sanchez,NA,3570286581,Port Jackie,U.S.A
2576,Sharon Gilmore,lukemccarthy@hotmail.com,4409523418,Castillomouth, UK
2577,Jeffrey Gilbert,briannafuller@ho.com,6848604419,West Ashley,NA
2578,NA,jerryscott@hotmail.com,3246341987,Port Ravenmouth,INDIA
2579,John Smith,victor40@hotmail.com,5677511066,Maddoxshire,USA
2580,George Martinez,orrkristen@yahoo.com,9977576954,Lake Courtney,NA
2581,Ronald Gomez,carlbutler@gibbs.com,,Maloneland, UK
2582,Jared Cook,waltonvincent@hotmail.com,7113137273,Garciatown,USA
2583,Alexis Castaneda MD,halljason@blair.biz,3908793501,Lake Denisetown,CANADA
2584,Michelle Harris,jordanhurley@hotmail.com,1549181809,North Nicholeberg,U.S.A
2585,Jordan Knight,NA,6769865753,Monicastad,USA
2586,Jason Sandoval,kellyday@gmail.com,5725635675,South Monique, UK
2587,Amy Carter MD,jason08@johnson.biz,6651776658,Thompsonview,CANADA
2588,Alejandro Cruz,NA,1436043084,Crawfordtown,CANADA
2589,Erika Todd,derekmcbride@trujillo-adams.com,6250071304,Thomasfurt,INDIA 
2590,Heather Novak,wongtyler@lynch-hull.org,8371048278,Lake Michaelfurt,USA
2591,Karen Thornton DDS,fmayo@gmail.com,7060247688,East Rachelberg, UK
2592,NA,richardalexander@yahoo.com,9375318439,North Joshua,USA
2593,Katherine Torres,kylecuevas@gmail.com,1906551678,Port Alexandra,CANADA
2594,Jason Gibson,christopher96@morris.org,3802247833,Farrellborough,INDIA 
2595,William Rodgers,johnsondaniel@yahoo.com,5615952555,Fitzgeraldville,INDIA
2596,Jeremy Warren,zachary86@martin.com,1389137066,Smithborough,INDIA
2597,Russell Knight,kingjeffrey@sullivan.com,5090600233,Anthonyfort,USA
2598,John Robbins,NA,4777921137,South Elizabeth,INDIA 
2599,Kathryn Boyd,gibsonmaria@hotmail.com,6253481469,Davidhaven,NA
2600,Sarah Schultz,abrown@osborne.com,9283209987,West Margaretfort,USA
2601,Kristi Christian,mccormickanthony@hotmail.com,1177371547,NA ,INDIA
2602,Michael Newton,rodriguezjason@gmail.com,6325849751,West Michael,USA
2603,Andrea Bautista,ashley71@dennis-ford.com,6795311452,Lake Rachael,INDIA
2604,Ronnie Mata,ulynn@yahoo.com,6679557998,Bensonville,U.S.A
2605,Jordan Duarte,kentkara@yahoo.com,2439535202,Mullenshire,NA
2606,Raymond French,NA,4010555928,NA ,NA
2607,Anthony Carter DDS,robert50@hotmail.com,4611924963,North Russellport,USA
2608,Jennifer Mckay,NA,,Lake Robert,USA
2609,Michael Garrett,laura60@hotmail.com,9939079702,Hillstad,INDIA
2610,Carrie Martin,haroldgraham@porter.com,,Brendaburgh, UK
2611,Catherine Blevins,jonathanblanchard@gmail.com,3945523547,Burgessberg,NA
2612,Michele Wong,richamber@gmail.com,9826844377,North Robyn,NA
2613,James Orozco,brettwalker@cooper.org,2178768528,Martinezton,NA
2614,Kathryn Powell,kayla87@walker.com,7282549678,Lake Alex,INDIA
2615,Jill Olson,sara65@oliver.info,9972677882,Lake Bryan,INDIA 
2616,Courtney Romero,carolyn55@miller.net,2818910697,Patricialand,NA
2617,Jennifer Miller,teresahopkins@hotmail.com,6708057293,Lisatown,INDIA
2618,Leon Tyler,carrie88@hernandez.com,1506447768,New Amytown,CANADA
2619,Kenneth Bowers,meyeralvin@gmail.com,1426909417,NA , UK
2620,Susan Bender,gutierrezbenjamin@mendez.com,7933216054,New John,INDIA 
2621,Adrian Parks,NA,4390381178,Meltonbury,CANADA
2622,Andrew Clark,cwatson@gibson.com,9281427254,Randystad,NA
2623,Philip Dominguez,wcastillo@hotmail.com,4249507287,Robinsonfurt,USA
2624,Richard Jones,jbenson@robinson.com,1689098617,West David,U.S.A
2625,Cheryl Shaw,graymond@gmail.com,6747266009,Meganborough,INDIA 
2626,Tiffany Mercer,michaelarias@hotmail.com,9052089924,West Aaronhaven,CANADA
2627,Jessica Cantrell,courtney33@gmail.com,7210643585,Bowmanmouth, UK
2628,Brenda Washington,michael60@jackson.info,6666809876,Lake Willie,USA
2629,Dawn Guzman,tamaraguerra@yahoo.com,5204084227,Port Amandaville,INDIA
2630,Tonya Patel,meghan18@hotmail.com,6681295021,Hardyburgh,INDIA
2631,Peter Allen,fjames@stanley-beck.com,8292841142,Port Tiffany,INDIA
2632,Megan Fields,donaldhall@hotmail.com,4062888625,Bauerport,CANADA
2633,Jeffrey Powell,nicholsrhonda@mendoza.com,4079787008,Port Patricia,USA
2634,Renee Ryan,garrettkeith@gmail.com,2909952521,Johnsonland,INDIA 
2635,Amy Morgan,NA,1861102603,Franciston,NA
2636,Cindy Wolfe,colleendavis@stewart.com,2777563710,Kramerberg,INDIA 
2637,Richard Contreras,hawkinsjessica@mitchell.com,4508655562,Powersburgh,CANADA
2638,Thomas Moore,NA,5862910102,Port Brianna,USA
2639,Martin Nash,richardsabrina@cunningham-powell.biz,1284665568,West Scott,USA
2640,Cheryl Rivera,NA,2930922775,West Bradleyburgh,CANADA
2641,Tyler Jacobson,alejandro04@gill.biz,9160036563,New Brendaton,CANADA
2642,Christina Bailey,sloanbrenda@foster.com,2734147708,Jamesland,USA
2643,Dana Pham,marywerner@stevens-smith.com,7828034336,North Latoyahaven,U.S.A
2644,Tamara Anderson,joshuabranch@carter.net,2938336741,Jodiville, UK
2645,Teresa Jones,nancy64@brown-pruitt.biz,2432548003,West Kristen,INDIA 
2646,Joel Thomas,blackburncindy@gmail.com,6325121825,NA ,INDIA
2647,Savannah Randall,NA,2434216410,New Christopherview,USA
2648,Danielle Davies,farmersandra@atkinson-erickson.com,5095749696,Lake Scottville,CANADA
2649,Kevin Ramos,marialarson@hotmail.com,5655796430,Ibarrashire, UK
2650,Tony Williams,NA,1225365274,Mitchellfurt,CANADA
2651,Cynthia Davis,qramos@torres-zavala.com,5492010719,Woodland, UK
2652,Michael Kerr,masonmichael@browning-stephens.info,7265588110,Jamestown,CANADA
2653,Ronald Jacobs,trujillomelissa@jordan-anderson.com,2933024757,New Morganview,CANADA
2654,NA,donna73@yahoo.com,7472090910,NA ,CANADA
2655,Whitney Hernandez,johnsonpatricia@cohen.net,5868597033,South Robertbury,USA
2656,Troy Foster,jill31@ayers.com,8097448862,NA , UK
2657,Lisa Anderson,ortizcrystal@yahoo.com,1838006774,Levinetown, UK
2658,Roger Koch,janderson@yahoo.com,6638416274,Clarkestad, UK
2659,Tony Henderson,taylorkeith@hotmail.com,5801017525,New Christopher,INDIA 
2660,Jason Thomas,NA,9092195431,East Lauraside,USA
2661,Brandon Young,curtis67@yahoo.com,6355735483,Lake Laura,U.S.A
2662,Ricky Rice,ywilliams@yahoo.com,7161828822,East Adam,U.S.A
2663,Robert Rose,hannah33@yahoo.com,4012544265,Mendezberg,USA
2664,NA,lori01@gmail.com,4037106081,Maybury, UK
2665,Derek Lane,levi64@gmail.com,3294728627,East James,INDIA 
2666,David Moore,randy31@yahoo.com,7091288960,Port Carlfurt,USA
2667,Daniel Williams PhD,gonzalezchristopher@lewis-coleman.com,5215943684,Johnnystad,CANADA
2668,Susan Lynch,iporter@bennett.biz,3530310473,South Michael,NA
2669,Sandra Dalton,jordan55@gmail.com,5960628104,NA ,CANADA
2670,Sarah Thompson,amandareese@gmail.com,4855546023,Lewisburgh,INDIA 
2671,Vanessa Hutchinson,henryhayden@garza.net,2386266726,Davidchester,NA
2672,Erin Hart,jennifer96@porter.com,6891922732,NA ,USA
2673,Stephen Butler,oneillphillip@gmail.com,4095160793,Seanborough,NA
2674,Jesse Mitchell,harold22@gmail.com,9216117798,North Kyle,CANADA
2675,Angela Clay,kmeadows@yahoo.com,5303903488,Thorntonfurt, UK
2676,Amber Young,miranda98@yahoo.com,3723559272,South Angelafurt,INDIA 
2677,John Stewart,jacobramirez@costa.net,9450271420,Parkerbury,USA
2678,Jennifer Young,lewisbradley@smith-durham.com,6953369703,Delacruzfort,U.S.A
2679,Fernando Singleton,carrkaitlyn@page-taylor.com,,North Bobbymouth,U.S.A
2680,Kayla Wagner,phillipsjoshua@gmail.com,8927236489,Thompsonburgh,CANADA
2681,Mathew Sherman,NA,2881994307,Rhondachester,U.S.A
2682,Margaret Johnson,tyler79@webster.com,6608286517,Dennischester, UK
2683,Gary Smith,martinezjordan@whitaker-orozco.biz,1850559585,East Jaimeland,INDIA 
2684,Austin Brown,amyruiz@lucero-warren.info,6875908371,Lake Eric,USA
2685,Katelyn Hicks,matthew14@graham-potts.com,8294676997,NA ,CANADA
2686,Sonya Miller,jeffreysullivan@thompson.biz,9745393632,Moralesbury,U.S.A
2687,Andrea Cooper,erinsimpson@yahoo.com,5688522638,North Sara,INDIA
2688,Corey Love,NA,3655805512,West Melissa,NA
2689,Jacqueline Berry,ashley02@gmail.com,7873994660,Williemouth,NA
2690,Colleen Sanchez,gregorysanders@gmail.com,7464476645,Gutierrezberg,INDIA 
2691,Janice Adams,delacruzsydney@hotmail.com,8932100744,Harrellbury,NA
2692,Roger Odom,NA,1381662282,Cynthiaview,USA
2693,Matthew Best,michelleharrington@gmail.com,2753305928,North Shariton,INDIA
2694,Alexis Watkins,ulee@gmail.com,8546227781,North Juliemouth,INDIA
2695,Dale Meadows,robin25@kirk.com,6735578451,West Megan, UK
2696,Angela Rowland,judysanchez@davidson-evans.info,7758342732,Carlmouth,U.S.A
2697,Sandra Morris,alexandra21@tapia.net,8102750013,Raymondtown,NA
2698,Donald Lindsey,lcook@pearson-sharp.org,6627867680,West Eugeneberg,CANADA
2699,Sarah Carpenter,NA,8088931867,South William,INDIA
2700,Bobby Hunt,baxterchristopher@yahoo.com,4525902090,West Mollybury,U.S.A
2701,David Golden,udouglas@smith.com,1897357618,Jonathanview,CANADA
2702,Mark Grimes,brogers@marks.com,8104001142,Port Joelburgh,INDIA
2703,Sarah Richards,ujohnston@clark.com,8546177674,Patrickfurt,INDIA
2704,John Hunt,pattersonjason@white.biz,7611628898,North Nicholasport,USA
2705,Paul Crawford,jonathanrogers@lopez-phillips.net,8988929507,Anthonyport,CANADA
2706,Becky Anderson,washingtonashley@newman.com,,Port Stephanieberg,CANADA
2707,Amanda Martinez,benjaminmahoney@gmail.com,6434698120,Silvaburgh,USA
2708,Sarah Henderson,john85@yahoo.com,4632274158,New Kylestad,INDIA
2709,George Arnold,wallacetracy@dawson.com,3343672548,Hickmanhaven,CANADA
2710,Thomas Payne,serranodanielle@hotmail.com,8275944377,West Laurentown, UK
2711,Tracy Smith,NA,9250795202,Johntown,USA
2712,Robert Wilson,collinsjohn@hotmail.com,2033585515,East Richard,NA
2713,NA,ltaylor@hotmail.com,9549236833,Carrollhaven,USA
2714,Richard Huang,billysanchez@williams.com,2197841813,NA ,U.S.A
2715,Sierra Rodriguez,NA,1089777453,New Rachel,INDIA
2716,Debbie Simpson,faulknerrobert@hotmail.com,9152727657,Lake Timothymouth,U.S.A
2717,Scott Braun,kirkrodney@webb.org,5487655748,Maryborough, UK
2718,Tanya Ward,perrywilson@yahoo.com,5902566188,Brandonfort,CANADA
2719,Joseph Richardson,NA,8857817617,East Kimberlyfurt,INDIA 
2720,Henry Kennedy,hmorris@eaton-bradshaw.biz,,East Loriport,NA
2721,Paul Parrish,rileyjeanne@obrien.biz,,Robertland,NA
2722,Melvin Becker,emmahoover@yahoo.com,9583494802,Barnettburgh,USA
2723,Sean Chavez,rebecca36@murphy.com,3569350844,Jenningston,USA
2724,Paul Murphy,drodriguez@bailey-zimmerman.net,4432273138,West Erikport,INDIA 
2725,Steven Lewis,lisa60@yahoo.com,2885399846,New Brenda,USA
2726,Philip Williams,glenngarrett@hotmail.com,9906171750,Lake Aprilville, UK
2727,Mary Davies,gsimmons@yahoo.com,5687489597,West Meganburgh,INDIA 
2728,Alexis Watson,xwade@dean-murphy.com,3954838037,NA ,INDIA 
2729,Larry Hanson,NA,9228829444,Amandafurt,USA
2730,Virginia Lawrence,NA,1884236037,East Lisabury,CANADA
2731,Kelly Mann,tarablair@wheeler.com,6585920840,West Mark,NA
2732,Debra Garza,wagnerelaine@hotmail.com,7951110195,Anthonyview, UK
2733,Lisa Cox,bblankenship@hotmail.com,5087952776,New Bretthaven,INDIA 
2734,Lori Castillo,aarongomez@johnson-morales.com,8285284119,West Mark,U.S.A
2735,Jason Butler,jeverett@gonzales.biz,3419807489,South Debbie,NA
2736,Zachary Porter,timothywells@daniels.info,4210225328,Brandonstad,USA
2737,Edward Sanford,kathy20@gmail.com,9000364822,Valerieborough,USA
2738,Angela Ford,odomthomas@yahoo.com,,Taylormouth,U.S.A
2739,Melissa Townsend,NA,7586982603,Lake Daniel,INDIA 
2740,Melanie Compton,lopezantonio@dean-odom.com,,NA ,U.S.A
2741,Kimberly Hamilton,marklane@yahoo.com,2551723385,Lewisstad,INDIA
2742,Alan Woods,alexbaker@ellis.com,1584232020,South Angelica,INDIA
2743,NA,melissapearson@pope.info,9266107015,Watkinsstad,USA
2744,Janet Shaw,carloswelch@davidson.org,4946366705,Quinnbury,U.S.A
2745,Michael Kent,brent97@barnes-chen.com,1318742508,Powellborough,INDIA 
2746,Aimee Eaton,jonesheather@hotmail.com,,North Cynthialand,NA
2747,Yvette Johnson,gregory28@ortega.com,2118209016,Nancychester,USA
2748,Steven Allen,wallerjennifer@gmail.com,8850156000,Williamsstad,INDIA
2749,Donna Zimmerman,frankyoung@guzman-duran.info,8884861350,Samanthamouth,NA
2750,Jason Lopez,leviwallace@sawyer.com,9847523074,Lake Matthewshire,U.S.A
2751,Leslie Cox,jean10@vasquez.com,,NA , UK
2752,Kimberly Shah,trevorsosa@gmail.com,,Hesterfurt,INDIA
2753,Samantha Martinez,regina64@yahoo.com,7522687559,Port Sarah,USA
2754,Jacob Wilson,herrerajeffrey@gmail.com,7210029325,Ralphshire,NA
2755,Angela Collins,bhampton@oliver-carson.info,9504107385,New Ariana,CANADA
2756,Lori Hart,keithday@schneider.com,,South Josephport,NA
2757,Elizabeth Rivera,manuel72@gmail.com,1662869858,North Lisa,U.S.A
2758,Mr. Joshua Blake,mmalone@shaw.com,7033485331,Lake Andrewfurt,INDIA 
2759,Melinda Allen,brandyjones@hotmail.com,4884988386,Alexishaven,INDIA 
2760,Megan Morgan,dannyyoder@gmail.com,2353351742,West Deanshire,INDIA 
2761,Destiny Martin,samuelchung@nguyen-ashley.com,1782319887,New Susan,CANADA
2762,Julie Martinez,danielnelson@yahoo.com,9235569835,South Tyler,USA
2763,Pedro Burke,kristyferguson@curry.com,9445898733,West Michealmouth,U.S.A
2764,Donald Taylor,brittanyball@lang.com,6009867088,North Matthew,USA
2765,Joseph Page,jeffreyleonard@gmail.com,6920345526,Smallburgh,USA
2766,NA,mariehart@gill.com,9593973731,Lake Katherine,CANADA
2767,Courtney Chapman,jerryhernandez@jackson.org,2690951411,South Caroline,NA
2768,Meagan Jones,nelsonjuan@yahoo.com,2065291408,South Kevin,INDIA
2769,Philip Powell,destinyferrell@hotmail.com,2832743890,East Bonniechester,U.S.A
2770,NA,randallthompson@hotmail.com,8070801417,Penamouth,U.S.A
2771,NA,nathanielmoore@hotmail.com,4475739463,South Jodibury,USA
2772,Brittany Daniel,ptucker@gentry.org,3377578197,Moranton,INDIA
2773,Beverly Morgan,jacob97@yahoo.com,2043236351,South Aaron, UK
2774,Cameron Mclaughlin,christian17@hotmail.com,9920638856,South Yolandaborough,USA
2775,Miranda Miller,johnsonjoseph@smith-crane.com,1212121868,Lake Davidmouth,INDIA 
2776,Samantha Fowler DVM,brandon91@pierce.com,9276490523,South Williamside,NA
2777,Cheryl Hayes,gkennedy@hotmail.com,4876070375,Michaelview,INDIA 
2778,NA,daniel40@peterson-mcfarland.net,3241520394,Mendozaton,CANADA
2779,Gary Keller,jdavid@hotmail.com,2478223852,South Mariafurt, UK
2780,Mario Schroeder,collinsronald@hotmail.com,3660747228,Lake Jimmymouth,U.S.A
2781,Justin Robinson,mcollins@gmail.com,8915581347,Port Miranda,NA
2782,Kristen Robbins,vanessa46@gmail.com,4807349743,New Blakeberg,NA
2783,David Perry,christymartin@gmail.com,1480196531,New Alyssa,NA
2784,Jessica Jones,cshelton@allen-rangel.com,1663681382,NA ,INDIA 
2785,Paul Perry,NA,3602244965,West Howardborough,INDIA 
2786,Cynthia Hamilton,rebeccahernandez@hotmail.com,1845452822,North David, UK
2787,Jessica Smith,williamsemily@yahoo.com,6885523542,Robinsonbury,NA
2788,Tiffany Martin,gfitzgerald@knapp.com,1352184648,East Charles,INDIA 
2789,Caitlyn Bush,riveraronald@hotmail.com,5397204018,Cathyborough,INDIA
2790,Stephanie Taylor,sthomas@alvarado.biz,7350946707,Dylanfort,NA
2791,Kristen Rodriguez,kmarshall@hotmail.com,2092647432,Lake Steven,USA
2792,Mrs. Cassandra Harris,millernathan@yahoo.com,5689686868,New Richard,NA
2793,Kimberly Hubbard,fmorrow@taylor.com,6031471379,North Craigland,INDIA 
2794,John Anderson,sanfordchris@hotmail.com,5529700278,Briggsport,INDIA 
2795,Jason Hall,ryan48@richmond-henderson.com,9026251413,Thomasbury,U.S.A
2796,Melissa Solomon,gherrera@davis.com,9959631684,NA ,INDIA
2797,Robert Moran,NA,2847714318,Port Anthonybury,U.S.A
2798,Rachel Vargas,jskinner@hotmail.com,6332886936,West Shane,INDIA 
2799,Wendy Perkins,gregorycarlson@allen.biz,3146865864,Gomezbury,NA
2800,Luis Miller,NA,8075376768,Ryanburgh,USA
2801,Justin Wiggins,cruzjessica@christensen.org,8378589315,Patriciaborough,NA
2802,NA,kgarcia@gardner.org,1305075477,Justinborough,USA
2803,Gregory Osborne,montgomerykathleen@hotmail.com,2819944252,Butlershire,CANADA
2804,Janice Downs,kaitlyn18@bailey.com,2695676172,South Jason,USA
2805,Amanda Wright,dylanvaldez@harrison.net,5528616222,South John,USA
2806,Vanessa Lawrence,NA,6202143814,Chenmouth,INDIA 
2807,NA,rsmith@orr.com,5046228007,Davidmouth, UK
2808,Kimberly Williams,NA,2797446897,New Kayla,USA
2809,Anthony Keith,russellsimmons@newton.org,,Murphymouth,USA
2810,Carl Krause,charlesjohnson@yahoo.com,4759523159,Steveburgh,NA
2811,Shawn Mora,tina06@hotmail.com,3886233569,Harrisonport,INDIA 
2812,Curtis Blake,logandaniel@rubio-collins.com,4863811206,Bradleyport, UK
2813,Julie Salinas,collinstara@hotmail.com,,New Johnny,INDIA
2814,Todd Becker,kyle66@hamilton-shannon.net,9388397514,Michaelborough,USA
2815,Brian Costa,cfuentes@gmail.com,6939021085,North Lucas,INDIA 
2816,Veronica Buckley,barbara06@gilmore.com,2475833276,Brownstad,CANADA
2817,Darren Bates,brianmarks@pope.com,7194925251,Bartonburgh,INDIA
2818,Paul Lara,xsmith@adams.com,8436377797,Joannaville,NA
2819,James Lee,NA,9010450129,West John,USA
2820,Anne Torres,kbryant@sullivan.info,,Sarahstad,INDIA 
2821,Spencer Thomas,john00@james.org,8099880610,Ryanfort,NA
2822,Michele Brewer,kellymatthew@yahoo.com,9998778450,Moorechester,INDIA 
2823,Amanda Harris,wschroeder@webb.net,7604895395,Kellyport, UK
2824,Rebecca Smith,gomezandrea@cox.info,4528801328,Travisville,U.S.A
2825,Chad Herrera,marshallmichele@rivera-huff.biz,9236679003,Michellemouth,INDIA 
2826,Jason Beasley,milleralexander@gmail.com,6847579214,Shannonburgh,U.S.A
2827,Ernest Torres,gilmorepatrick@yahoo.com,7716671076,Brownhaven,CANADA
2828,Regina Garcia,hartmanlucas@oliver.com,7694767552,Toniburgh, UK
2829,Jodi Archer,emilygill@gmail.com,1280541749,Thomasstad,USA
2830,Madison Burns,burtonstephanie@delacruz-barnes.com,3110801841,Mcintoshmouth,INDIA 
2831,Brian Wright,zwatson@hotmail.com,9257643325,Bellbury, UK
2832,Tina Downs,aparker@fernandez.com,9685733952,North John,USA
2833,Rebecca Ayala,breeves@oneill-foster.com,4569327756,Port Melanie,INDIA 
2834,Kevin Long,perezroger@cobb.com,8796260180,East Ashley,U.S.A
2835,Thomas Francis,NA,2797672122,North Eric,U.S.A
2836,Kristin Stevenson,wtorres@walsh.info,1081769116,Port Derek,U.S.A
2837,Douglas Bass,diamond79@nelson.com,4600797543,NA ,NA
2838,Robert Hernandez,rebeccaanderson@haas.com,3168940389,Tylerton, UK
2839,Breanna Austin,kwalker@hotmail.com,9927462195,East Amy,INDIA 
2840,Debra Sims,jromero@gmail.com,2012139777,Lake Rodney,USA
2841,Susan Thornton,marvin02@gallegos.info,3612073186,North Joshuatown,USA
2842,Ronald Owens,bookerpatricia@sandoval-thomas.com,6115195981,Isaacmouth,U.S.A
2843,Luis Soto,epalmer@gmail.com,9864861680,North Belindaton,INDIA
2844,Benjamin Nichols,NA,6153414847,Port Stefanie,INDIA 
2845,Rachel Hamilton,rojaswilliam@yahoo.com,5162903418,Welchstad,U.S.A
2846,Maria Knox,browntimothy@mora.com,4485850804,West Suehaven,NA
2847,Renee Jacobson,collinshailey@brown-sanchez.info,6477144054,Lake Brandonberg,U.S.A
2848,Gabriel Johnson,trobinson@yahoo.com,5065886833,Evelyntown,USA
2849,Stephen Walters,pereztina@shelton-smith.com,8230435437,Natashaside,INDIA
2850,Allison Day,craigoneal@hotmail.com,8573002374,North Courtneyland,INDIA 
2851,Caleb Blanchard,christine15@taylor.com,4702156950,New Matthew,CANADA
2852,Richard Copeland,lindseyjoseph@gmail.com,9078593575,East Andrewshire,INDIA 
2853,Kevin Pham,shawn50@gmail.com,4811776541,Newmanstad,NA
2854,Richard Yates,christopher51@sullivan-chambers.com,9440820387,Lake Brandonton,INDIA 
2855,Kevin Brown,jgarcia@greer-clay.info,2453818304,Josephstad,INDIA 
2856,Justin Weaver,castrojackie@gmail.com,6266877548,North Alexanderborough,U.S.A
2857,Linda Smith,gregoryalvarado@taylor-brooks.com,1739800476,North Nicole,INDIA 
2858,Todd Murphy,keith94@gmail.com,9034596920,Erinberg,CANADA
2859,Christine Morris,NA,,South Christina,INDIA
2860,Juan Evans,suzanneyu@gordon.com,5190187542,Markhaven,INDIA
2861,Michael Robinson,james23@arnold.com,9931286773,New Gabrielhaven, UK
2862,Megan Gibson,mason06@hotmail.com,5104274335,Port Jeffrey,USA
2863,Daniel Hughes,zgarcia@yahoo.com,7347508196,West Ginafurt, UK
2864,Patricia Bates,mcruz@parsons.com,2630957479,Georgeville,INDIA
2865,Briana Green,angela72@hotmail.com,9457326186,Brewerfurt,CANADA
2866,Jim Miller,jbell@smith.com,5839636567,Michelleberg, UK
2867,Christopher Williams,brooksgeorge@freeman.net,4408057399,Adamsbury,INDIA
2868,Janet Glenn,mharper@harris.info,8737771410,South Markbury, UK
2869,Robert Hoover,cprice@carey-goodman.com,2379180148,West Jennifer,USA
2870,Daniel Harding,pjacobson@hotmail.com,3586874954,South Jessicaburgh,NA
2871,Michael Combs,jesse37@hotmail.com,3169340584,Lake Troy,USA
2872,Justin Nguyen,cjohnson@hotmail.com,8214436601,North James,INDIA 
2873,Frank Ramirez,vargaserica@gmail.com,7260029696,Port Krystalburgh,CANADA
2874,Sara Khan,brookerice@rivera.com,8778814626,South Annaport,INDIA 
2875,Alexa Jenkins,james87@cortez.net,6825981890,Robertsville,NA
2876,Michael Hill Jr.,vanessa67@ramirez.biz,3589831901,West Katherineview,INDIA
2877,Dominique Elliott,xbrown@yahoo.com,4136462644,Claireland,NA
2878,Larry Murphy,brandon01@yahoo.com,1626043690,Ninaport,NA
2879,Ashley Jones,harrisontaylor@hotmail.com,8986585621,Davenportbury,INDIA 
2880,Peter Olson,travis92@hotmail.com,9980342334,Zimmermanview, UK
2881,Anne Francis,rodriguezeric@white.org,,North Joeborough,U.S.A
2882,Mary Jones,shannonhorn@scott.com,6252282568,Josephton,USA
2883,Barbara Freeman,rwong@williams-ballard.com,3773732021,Powersfort, UK
2884,Todd Jones,fcarlson@yahoo.com,1237464011,NA ,CANADA
2885,Kristi Chambers,johnsonloretta@gordon-moore.com,7300325191,Lake Madison,CANADA
2886,Joseph Mcgrath,barkerdiane@gmail.com,5024787300,West Keith,NA
2887,Samuel Wright,sharpandrew@johnson.com,3423628275,New Michaelhaven,USA
2888,Joseph Stone,hobbscarla@hotmail.com,9005087765,Port Paul,INDIA
2889,Michael Brown,oyoung@johnson.com,8395903625,South Allen,INDIA 
2890,Rebekah Jones,chambersann@martin.com,,Kevinton,INDIA 
2891,David Nunez,elizabeth93@gmail.com,3860152581,Lanetown,U.S.A
2892,Kristen Davis,harrisgeorge@yahoo.com,4572655270,Wileyville,INDIA
2893,Mary Nelson,jenniferdoyle@hotmail.com,4493154078,East Michaelside,INDIA
2894,Thomas Hayes,greeneheather@johnston.com,5680618935,New Wesleymouth,INDIA 
2895,Diana Porter,yjohnson@gmail.com,7654841137,Josephfort,INDIA 
2896,Miss Tracy Hays,grace49@yahoo.com,6405952482,Douglasview,INDIA 
2897,Xavier Baker,judy50@meadows.com,8926470935,NA ,U.S.A
2898,Kristin Weber,bauercody@pace.net,8143332502,Lake Joseview,NA
2899,Andrew Evans,wallacealbert@hotmail.com,8595290385,Matthewborough,INDIA
2900,Patricia Freeman,hardyamanda@gmail.com,6349748936,North Daniel,CANADA
2901,Chelsey Willis,vhull@costa.com,1215415444,Nguyenchester,INDIA
2902,John Meadows,lisawarren@yahoo.com,4491158236,East Kaylatown,NA
2903,Larry Reid,aliciamosley@cardenas.com,6059664081,NA ,NA
2904,Laura Jones,NA,6338274975,Lake Jamesville,CANADA
2905,Christopher Durham,tyler85@williams.com,1258750781,South Jennifer,INDIA
2906,Andrew Roy,tdaniels@holmes.com,6009580986,Penningtonside,U.S.A
2907,Anthony Wilson,william77@gmail.com,1034618486,Evelynland,NA
2908,Kelly Cox,hmeadows@munoz.info,5499413441,North Johnburgh,NA
2909,John Mills,robertsonkayla@delacruz.com,1640889033,South Racheltown,INDIA
2910,Claudia Fowler,ecross@mcconnell-anderson.com,9678659638,Owenston,CANADA
2911,Kyle Collins,taylorjordan@buckley.com,3417531321,Hernandeztown,U.S.A
2912,Rick Long,andrew25@hoffman-lewis.com,7520443971,New Manuel,INDIA
2913,Alexandra Johnson,vkelly@yahoo.com,5481956901,Patrickland,INDIA 
2914,Bradley Atkins,michael94@gmail.com,4345507039,Jeffreyland,USA
2915,Jason Leonard,richardharrington@yahoo.com,3005611611,Bradshawchester,CANADA
2916,Scott Trevino,nhansen@park.com,,South Emilyside,NA
2917,Daniel Warren,sean40@yahoo.com,8513292459,New Michael, UK
2918,Heather Evans,danielle77@gmail.com,5381256012,North Kristin,USA
2919,Karen Jones,ngreen@hotmail.com,6752686193,South Sandratown,NA
2920,NA,NA,3344382775,Madisonchester,U.S.A
2921,Jared Hardy,peteringram@yahoo.com,1180943389,Kimberlyview,USA
2922,Brian Martinez,jenniferconley@gmail.com,7996855710,New Katrina,INDIA 
2923,Kelli Hess,jodykelley@king.com,4022975915,Morrisonmouth,NA
2924,Rachel Huffman,danieljohnson@stanley.net,2863037109,NA ,CANADA
2925,Robert Wright,NA,1857251885,Skinnerville,NA
2926,Meredith Rangel,lisasloan@santos.org,4437655596,Kathryntown,U.S.A
2927,Nina Marks,allen95@hotmail.com,4120285058,Port Kimberlyshire, UK
2928,Charles Bishop,wrightpatricia@benton-walker.com,9685577703,South Aliciafurt, UK
2929,Allen Church,dodsonkelly@gilbert-black.com,9067986919,Williamsfort,CANADA
2930,Mary Fox,tammy92@burch.com,7689299819,Lucashaven,INDIA
2931,Heather Washington,maryperez@hotmail.com,4905153227,West Carla,NA
2932,Lindsey Moore,ashleyhull@hotmail.com,,East Alexandra,USA
2933,Amy Cummings,amcknight@hotmail.com,9883041298,Jamieview,NA
2934,Nicole Melton,zjenkins@yahoo.com,1839615743,Perezside, UK
2935,Linda Mcdonald,kristasanchez@vincent-johnson.com,1795753417,Rodriguezfort,USA
2936,Whitney Chavez,leebenitez@yahoo.com,9456961989,North Kelsey,U.S.A
2937,Monica Robinson DDS,wgarcia@madden.com,7743568127,Lawrencefort,NA
2938,Walter Hartman,amartinez@gmail.com,6357608890,Gabrielmouth,INDIA
2939,NA,johnny84@tate-hernandez.com,9100368137,South Gail,NA
2940,Raymond Quinn IV,davisedwin@gmail.com,1799060945,North Gregory,CANADA
2941,Jennifer Marshall,amcdowell@yahoo.com,1342799234,North Matthewville,INDIA 
2942,Adam Rodriguez,michelleescobar@calderon.info,6387342331,Stevenstad,U.S.A
2943,William Meyer,christina70@hotmail.com,4070762469,South Georgeborough,INDIA
2944,Timothy Harrington,chapmantyrone@hood-miller.net,7860772571,South Zachary,U.S.A
2945,Samantha Wood,cainkimberly@gmail.com,5750280572,Popebury,CANADA
2946,Hunter Harrell,sballard@parker.com,9201372081,Garciaberg,INDIA
2947,NA,xnielsen@gmail.com,1697586684,Port Lauren,NA
2948,Jacqueline Bates,shawn16@hotmail.com,7747299060,Watkinsmouth,INDIA
2949,Nicole Walker,davidjones@cook-ingram.com,6925898717,Suzannemouth,CANADA
2950,Bethany Carter,tammybrown@king.com,2490811473,Smithfurt,USA
2951,Doris Mullen MD,efrost@yahoo.com,7673097115,Powellberg,INDIA 
2952,Kristen Michael,shannon65@collins-fox.biz,6352039036,Richardland, UK
2953,Jose Sutton,jamessmith@davis.biz,3490397150,Lisabury,CANADA
2954,Maria Mccall,alexander47@martin.com,9642664628,West Davidbury,INDIA
2955,Johnny Taylor,jennifer58@ferguson.org,7698922090,Robertville,INDIA 
2956,Trevor Costa,dortiz@hotmail.com,4577251571,West Georgeburgh,CANADA
2957,Andrew Barry,kellywhitney@gmail.com,8051706389,East Emilybury,U.S.A
2958,Hannah Suarez,chelsea63@gmail.com,8507126371,Port Samanthaborough,U.S.A
2959,Charles Carson,austinwilson@gmail.com,7136272300,South Louis,CANADA
2960,Harry Lee,ajohnson@potter-martin.biz,3593239347,Port Robin,INDIA 
2961,Mary Brown,amanda47@hotmail.com,3930864410,Lake Joshua,INDIA
2962,Randall Johnson,beardmelinda@richardson.com,9181627963,East Donna,INDIA
2963,Lisa Cruz,cynthia48@gmail.com,9462381210,East Frederick,CANADA
2964,Mark Jones,NA,,Leeton,INDIA
2965,Amanda Nguyen,bgonzales@higgins.com,3335105837,East Rebecca,U.S.A
2966,Donald Smith,amoreno@gmail.com,3318751132,Erinside,NA
2967,Ashley Ryan,michaelbennett@larson.info,5627827384,Anthonyfort,U.S.A
2968,Chad Wright,cgonzalez@hernandez.net,5638964694,South Sarah,INDIA 
2969,Elizabeth Hull,christopher88@yahoo.com,8024743333,West Jaredmouth,INDIA 
2970,Misty Wells,matthew02@wade.com,4476830410,East Paul, UK
2971,Heather Preston,alice95@yahoo.com,5207957369,Masonview,INDIA 
2972,Chelsea White,amanda88@savage.com,9270862742,Danielleborough,INDIA 
2973,Toni Carpenter,akelley@weber-adams.biz,6354495416,Tonymouth, UK
2974,Darrell Salas,sanchezphilip@yahoo.com,7551298656,East Rachel, UK
2975,Thomas Dawson,kimberly69@hotmail.com,7211161306,Lake Pamelaburgh,CANADA
2976,Donald Becker,simpsonmegan@simpson.com,9348170044,NA , UK
2977,Thomas Washington,nmurray@strickland-torres.com,9057083453,Garciaburgh,U.S.A
2978,Kristin Boyle,joannalloyd@taylor.com,5578602212,Port Dariusbury,U.S.A
2979,Deborah Moreno,qhansen@gmail.com,7463539331,Shermanfort,CANADA
2980,Ryan Brooks,bgardner@hotmail.com,7280806925,New Heather, UK
2981,Amy Green,wileywilliam@chavez-jacobs.com,6997924821,Amystad,CANADA
2982,Seth Wilson,zjohnston@myers.net,,Adammouth,INDIA
2983,Timothy Rodriguez,nicole03@gmail.com,9226295253,Port Thomas,INDIA
2984,Sarah Poole,sara34@brown.com,1152261222,New Christopherport, UK
2985,Rick Francis,johnsonchad@hancock.org,6942391028,Wardberg,USA
2986,Tyler Shelton,jennifertate@harrison-smith.com,,North Douglaston,CANADA
2987,Ann Jones,bradley11@waters.com,5094931905,East Danabury,CANADA
2988,Catherine Jones DVM,NA,2421093270,New James, UK
2989,William Day,andrew99@smith-wilson.com,2599006957,North Daniel,INDIA 
2990,Whitney Cox,NA,9178753838,NA , UK
2991,Stephen Russell,NA,4357110073,NA ,INDIA 
2992,Angela Townsend,mariaclark@nguyen.com,6726387868,Woodston,U.S.A
2993,Samantha Turner,youngedward@yahoo.com,9342742664,New Diana,USA
2994,Jared Perkins,grosseric@hotmail.com,9553150126,North Katherinechester, UK
2995,Jill Cooper DDS,kesparza@nichols-brooks.org,9726585106,West Tonyaport, UK
2996,Kyle Parsons,william54@gmail.com,1513840331,Port Rachelfurt,USA
2997,Brian Kelly,stewartangela@gmail.com,2093647777,New Alex,INDIA
2998,Jason Case,callahanbryan@yahoo.com,5979753651,Cortezland,INDIA
2999,Michelle Sanchez DVM,NA,1710721555,Fordville,INDIA 
3000,Sheri King,amandalawson@yahoo.com,,Ruizton,U.S.A
3001,Daniel Conner DDS,NA,5433225432,North Gregory,CANADA
3002,Sharon Barnes,gcook@hotmail.com,4041719678,New Craig,CANADA
3003,Hunter Davidson,richardsonheather@scott.org,7639257481,West Lee,USA
3004,Ashley Simpson,walkerchad@torres.net,3536802276,NA ,INDIA
3005,Chelsea Herrera,caroltaylor@hotmail.com,4778402519,Lake Jared,U.S.A
3006,Carla Burton,nathan56@hotmail.com,8178668448,Davidport,INDIA
3007,Paula Dennis DDS,traci33@mccoy.net,9453439450,South Williamton, UK
3008,Cody Taylor,pedrojoseph@gmail.com,3100829471,Carmenshire, UK
3009,Mrs. Jaclyn Moreno,NA,7485150187,Loganland,CANADA
3010,Rachel Walker,awells@gmail.com,7516833060,Donnashire,NA
3011,Kathleen Smith,kathryn92@hart.com,6605113163,East Kevinfort,INDIA 
3012,Raymond West,ann39@gmail.com,1615188062,NA ,NA
3013,Marie Chen,heatherbryan@taylor.net,4191860725,New Glenn,USA
3014,Christopher Gross,bradleywatkins@hotmail.com,,North Joseph,INDIA
3015,Christopher Hood,paul70@gmail.com,1123501019,Traceyshire, UK
3016,Ernest Anderson,ahoward@werner.net,7501740055,Meaganhaven,INDIA
3017,Jennifer Kidd,erin17@owen.com,3972489342,NA ,INDIA
3018,David Velazquez,hamiltongregory@gmail.com,9879892682,Jenniferburgh,CANADA
3019,Daniel Arias,scott30@long.info,6397599241,NA ,USA
3020,Brian Garcia,NA,1079793132,Brooksstad,INDIA 
3021,Richard Brewer,knguyen@gmail.com,3137231187,Davistown,U.S.A
3022,Reginald Short,bgreen@gmail.com,,Brycebury,USA
3023,Ashley Hughes,john96@yahoo.com,8843441025,NA ,NA
3024,Jessica Mccormick,parkstiffany@hotmail.com,1512445140,Castroburgh,INDIA
3025,Savannah Smith,brittany22@hotmail.com,1315829605,Smithborough,USA
3026,Megan Jennings,rosehester@hotmail.com,1874630083,Davidmouth,INDIA
3027,Paul Gilbert,nwilkins@hotmail.com,7841450770,Lake Rhondaside,INDIA
3028,Deanna Harris,amandayu@nelson.com,9412832638,Lake Christopherhaven,U.S.A
3029,Mr. Michael Rodriguez,williamsshari@yahoo.com,8338217464,Murrayside,NA
3030,Tamara Estrada,croberts@yahoo.com,4286589024,Port Charlesbury,CANADA
3031,William Henderson,stephanie60@miranda.com,2053919861,Phillipmouth,INDIA 
3032,Michelle Combs,hopkinsjohn@yahoo.com,2966349447,Kevinshire, UK
3033,Matthew Johnson,NA,7108198340,Lake Debrastad,NA
3034,Shannon Pacheco,alyssa02@brennan.biz,4735976101,Morganbury,NA
3035,NA,NA,8370979838,Matthewhaven,NA
3036,Rodney Estrada,kimberly75@hotmail.com,5601101034,Smithstad,U.S.A
3037,Stacy Oliver,robertsbrendan@gmail.com,4105133000,South Cherylfort,NA
3038,William Smith,bennettterry@hotmail.com,7352826411,Jamesport,INDIA
3039,Danielle Rivera,elainefrench@yahoo.com,3060499188,East Anthony,INDIA 
3040,Timothy Jones,frankmartinez@gomez.org,8069739973,South Anthony,INDIA
3041,Monica Mack,NA,2051384516,Port Lisabury, UK
3042,David Williams,zsmith@hamilton.com,5108532478,Floresstad, UK
3043,Johnny Brown,shannonthompson@martinez-cameron.info,4522422564,Davidmouth,CANADA
3044,David Lyons,browndawn@salinas-cardenas.biz,1934949589,Dorseychester,CANADA
3045,Richard Lowe,NA,3011766660,Gutierrezside,INDIA 
3046,Julie Blackburn,NA,1221745580,Jasmineshire,NA
3047,Kelly Blackburn,kathleenleonard@hotmail.com,4296696889,Markstad,CANADA
3048,Frank Flowers,karinahill@hotmail.com,9472640941,Valerieland,U.S.A
3049,Christina Mays,kellychristopher@taylor.com,8408898745,Campbellborough,U.S.A
3050,Kimberly Andrews,shannon05@parker.com,1633905885,Johnview,INDIA 
3051,Brandon Griffin,carriepatel@yahoo.com,2283010875,North Sue, UK
3052,Brandi Johnson,thomasgutierrez@kennedy.com,2745177423,Arnoldmouth,USA
3053,Matthew Gutierrez,ladkins@perkins.net,,Port Alexandertown,NA
3054,Taylor Silva,dana85@romero-mueller.com,2349492222,West Brady,USA
3055,Michael Adams,hlopez@berry.com,5364025823,Angelamouth,NA
3056,Mary Henry,kenneth32@martin.com,1957904943,Robertport, UK
3057,John Shah,estradachristina@smith.info,6243705849,Bonniebury,USA
3058,Louis Chambers,angelajenkins@blake.com,7900516570,North Allison,U.S.A
3059,Sarah Miller,jacksonbeverly@gmail.com,8235415093,Mckenzieberg, UK
3060,Melissa Lloyd,david78@yahoo.com,4836827860,Stephaniestad,INDIA
3061,Alison Taylor,jessicadickson@parker-thomas.com,2685184918,Rileyland, UK
3062,Jay Coleman,robertsbrittney@aguilar.org,3402133649,West Elizabeth,USA
3063,Emily Martin,robert23@hotmail.com,4059653482,Paulville,U.S.A
3064,Carrie Kim,nolanjames@hotmail.com,4752357889,Maryville, UK
3065,David Kane,leemikayla@gmail.com,9988002372,Port Lauramouth,USA
3066,Madison Smith,justinweber@rodriguez-mccoy.info,3581611841,New Amanda,USA
3067,Jonathan James,prattdaniel@yahoo.com,,Johnside,INDIA 
3068,Gary Edwards,xconner@barker-hammond.net,8759882486,Lake Jennifer,INDIA
3069,Tracy Bradley,kenneth90@hotmail.com,,Robertfort,INDIA
3070,Matthew Brooks,nscott@graham.com,8031280953,Hortonstad,USA
3071,Timothy Schmitt,alec80@smith.biz,8518257670,Lake Albert,U.S.A
3072,Melissa Crawford,theresa77@yahoo.com,6442220497,NA ,U.S.A
3073,Ashlee Torres,avilajeremy@hotmail.com,3891995016,Jenniferside,INDIA
3074,Tanya Dominguez,alexisfarley@yahoo.com,9842727438,South Erin,INDIA
3075,Sandra Merritt,ofisher@gmail.com,8681024280,Port Andrew,NA
3076,Charles Fox,jamiezhang@yahoo.com,8269418701,Ashleystad,U.S.A
3077,Katherine Johnson,walljoseph@yahoo.com,3993607810,South Lisa,INDIA 
3078,James Lawson,andrea49@hotmail.com,3311557010,East Robert,INDIA
3079,Gary Nunez,sherrydaniels@hotmail.com,5244815033,Campbellside, UK
3080,Scott Spears,elizabethoconnor@gmail.com,7462778975,Lake Melinda,U.S.A
3081,Jessica Rush,rphillips@yahoo.com,7613066734,New Darrenfurt,CANADA
3082,Lindsey Velazquez,phillipsronald@lee-castillo.com,5237457442,Rodriguezmouth,USA
3083,Abigail Nielsen,williamruiz@weaver.net,3562417544,West Blaketon,U.S.A
3084,Paul Long,christinawallace@joseph.net,8290364789,West Susanburgh,CANADA
3085,Gregory Cuevas,acostasamantha@carson.org,6295139791,South Johntown,U.S.A
3086,Toni Mata,kevin63@garcia.org,3545485955,East Justintown,USA
3087,Brittany Mcneil,huffmananthony@gmail.com,2233864935,East Lisa,INDIA 
3088,Michele Wyatt,stevenslinda@hotmail.com,5546605590,Cruzmouth,INDIA
3089,Leslie Fleming,russelljames@proctor.com,5807409033,Katieside, UK
3090,Sheila Smith,kspencer@gmail.com,8188305587,Lake Laurie,CANADA
3091,NA,kphillips@hotmail.com,,Weberside,INDIA
3092,Wesley Thompson,restrada@hotmail.com,5975519735,North Karlamouth,U.S.A
3093,Wendy Davies,bryan33@reid-brooks.biz,2879851047,Jaymouth,NA
3094,Bradley Garrett,NA,4882093836,South Gary,U.S.A
3095,Pamela Martinez,olsonjennifer@sullivan.com,2836885455,Shawnside, UK
3096,Kurt Soto V,kristy22@hotmail.com,4683740606,Webbberg,U.S.A
3097,Douglas Nunez,glenrobinson@hotmail.com,1508106229,New Sharonbury,INDIA 
3098,Melissa Parker,mlloyd@hotmail.com,8039723719,Port James,INDIA 
3099,Robin Stephenson,clarkekristen@gmail.com,7681560072,Jaredchester,INDIA 
3100,Rodney Walker,jonesjoanna@pittman.com,5944924611,Mcguireburgh,NA
3101,Ryan Fletcher,thomas26@yahoo.com,7088973882,Williamsport,USA
3102,Justin Sanchez,susan44@park-murillo.com,3234484428,Carolshire,U.S.A
3103,Melissa Howard,doughertycraig@williams.biz,8966672907,Mendozaberg,U.S.A
3104,Mrs. Jessica Yu,william42@harrison-miller.com,1540829558,NA ,CANADA
3105,Travis Barnes,amyroach@hotmail.com,5885854579,Port Emily,NA
3106,Jerry Merritt,michelleyoung@gmail.com,4921371318,Lake Saraville,INDIA
3107,Erica Rodgers,jessicagonzalez@stewart-brown.info,4998986957,South Andrew,CANADA
3108,Dana Kim,michaelmcdaniel@hotmail.com,2031939172,Lopezton,U.S.A
3109,Christina Lewis,adam56@parker.com,9498747948,North Jonathanside,CANADA
3110,John Anderson,hernandezangel@hotmail.com,6745367001,NA ,INDIA
3111,Kyle Williams,matthewjohnson@hotmail.com,2146234604,South Connie,INDIA
3112,Mallory Mccullough,toddjackson@yahoo.com,8880783022,Davistown, UK
3113,NA,fmorgan@bryant.com,2544225088,South Kevinberg,USA
3114,Jeffrey Baker,lindsay41@buchanan.com,4374902910,Lorifurt, UK
3115,Kimberly Oconnell,NA,,Philipmouth, UK
3116,Daniel Chambers,shawnhuff@hotmail.com,5565565596,West Markton,NA
3117,Mathew French,mfoster@allen.com,,New Robert,INDIA 
3118,Carlos Serrano,NA,7488723176,Lake Michaelstad,INDIA 
3119,Ricky Calderon,mwilson@hotmail.com,5144337613,New Johnfurt,U.S.A
3120,Charles Bender,nmarshall@yahoo.com,,East Alexandraberg,INDIA
3121,James Jones,ashleywalker@rice-pena.net,9770468876,Kevinton, UK
3122,Christopher Sloan,orozcopatricia@gmail.com,5847708113,Marcusburgh,U.S.A
3123,Matthew Norman,brownashley@gmail.com,7118799611,Juarezmouth,USA
3124,Jennifer Sellers,ihuerta@hotmail.com,5170123247,Port Barbara,INDIA 
3125,James Adams,bkaufman@yahoo.com,7443430581,East Monica, UK
3126,Rebecca Adams,kanderson@hotmail.com,5848402497,Lake Katrinashire,NA
3127,Steven Gutierrez,joseph12@yahoo.com,6561150572,West Jo,INDIA
3128,Jennifer Wilson,jamesbauer@gmail.com,5302704378,Lake Alison,U.S.A
3129,Thomas Holmes,kimberlybaker@caldwell.info,4814866096,Garciaton,INDIA
3130,Alan Stanley,NA,6814473743,North Cynthiatown,U.S.A
3131,Kristin Robinson,NA,,Susanhaven,CANADA
3132,Ronald Morris,NA,2263078286,Port Robertfort,INDIA 
3133,Samantha Boone,benjamin50@jackson.biz,4619272103,East Marcoshire,USA
3134,Matthew Nelson,sherryerickson@crawford-anderson.com,6681792381,Jenniferton,INDIA
3135,Robin Barrett,averydaniel@yahoo.com,4957083786,North Nicolestad,NA
3136,Meagan Gonzalez,mconley@wilson.biz,5842844448,Delacruzland,U.S.A
3137,George Beasley,breyes@gmail.com,8986995214,Carterville, UK
3138,Hector Henry,richard96@yahoo.com,1675145533,Jeremyhaven, UK
3139,Shelly Skinner,antoniojones@sexton.com,5750521888,South Tina,CANADA
3140,Kathleen Clarke,kathleenbrown@sloan.org,1792875194,Michaelmouth,CANADA
3141,Tiffany Salazar,gardnerkimberly@morris.com,9715034635,West Haley,NA
3142,Sharon Yates,barkerrachel@gmail.com,,South Matthewside,NA
3143,Vincent Byrd,harveyariel@hotmail.com,8956344447,Aaronport,INDIA 
3144,Trevor Farmer,james94@yahoo.com,5765338946,New Crystal,U.S.A
3145,Brian Peters,joshuavillanueva@hotmail.com,9852424754,Julieside,INDIA 
3146,Brent Washington,qdickerson@richardson.com,3509183799,Melissaton,INDIA 
3147,Tamara Parks,andrew57@hotmail.com,2185651166,Bondmouth,NA
3148,Darren Adams,NA,9985802991,Austinhaven, UK
3149,Nicole Walter,meganpeters@gmail.com,1650291879,Lake Jamesfort,INDIA
3150,Alicia Ramos,ncooper@gmail.com,4693451148,Leeberg,CANADA
3151,Dr. Kristy Gray,frenchchad@wilson.com,2612295289,Robertsmouth,INDIA
3152,Susan Turner,justinarnold@yahoo.com,8008354799,Loriland, UK
3153,Jonathan Martinez,frodriguez@yahoo.com,2006465889,South Michael,INDIA 
3154,Ronald Clark,fitzpatrickdaniel@hotmail.com,1154375246,Gordonberg,USA
3155,Stephanie Nguyen,qcantu@yahoo.com,2021416077,Mossside,CANADA
3156,Kathleen Shepherd,ewright@haas.com,2349195374,East Johnberg,NA
3157,Crystal Turner,khanstephanie@houston.com,7788693550,North Ashleystad,INDIA
3158,Ross Soto,vfrench@watson.net,1437042661,Fieldshaven, UK
3159,Nicholas Owen,fbrown@gmail.com,7385599498,East Melissashire, UK
3160,Carolyn Price,clayvirginia@harris-woodard.com,4946858148,Leachborough,U.S.A
3161,John Ellis,NA,2516430538,Ryanton,U.S.A
3162,NA,duane77@hotmail.com,1040386018,South Max,U.S.A
3163,Deborah Payne,anthony76@yahoo.com,1714457374,Teresatown,U.S.A
3164,James Mcpherson,lebrian@hunter-ayala.com,1883164997,Port Michael,USA
3165,NA,johnmcdonald@gmail.com,5085329222,Amberport,U.S.A
3166,Erica Palmer,melissa50@atkins.com,6301920069,West Derrickstad,CANADA
3167,Andrew Thornton,moorescott@kidd-johnson.com,,New Brianmouth,INDIA 
3168,Lisa Martin,fordmark@gmail.com,,East Kimberlyfurt, UK
3169,Zachary Johnson,jennifergonzales@olson.com,9414788731,Jonathanton,INDIA
3170,Bradley Lopez,arobinson@gmail.com,1440655389,East Jessica,U.S.A
3171,Michael Hernandez,sarah87@lowe.com,5798758009,Davisstad, UK
3172,Kelsey Morrison,kristen95@yahoo.com,,North Bianca,CANADA
3173,Michael Garcia,tjackson@johnson.com,8714516439,Port Shannonville,USA
3174,Christopher Patel,todd74@armstrong.biz,9222744131,West Justin, UK
3175,Kyle Olson,john65@jackson.org,4461710322,South Jasmine,CANADA
3176,Shelley Hall,russellmarcus@yahoo.com,6358465014,Shellytown,INDIA
3177,Jared Hart,xwhite@yahoo.com,5626505751,New Angelicabury,NA
3178,Erik Conner,mrivera@hampton.biz,3156688559,Port Madeline,NA
3179,Heather Carr,aaron84@townsend.com,5448192488,Port Daniel,INDIA
3180,Benjamin King,brendaortiz@gmail.com,5786485138,Allenbury,USA
3181,Elizabeth Edwards,doris44@mayo-clements.com,1117647869,North Johnfurt,USA
3182,Elizabeth Townsend,samantha40@mccormick.com,2964714584,Port Donna,USA
3183,Paul Smith,ybrowning@gomez.org,3662055015,Rushside,NA
3184,Erika Lewis,qnelson@zimmerman.com,3709510829,Christineburgh,USA
3185,Michele Hopkins,kimberlychan@yahoo.com,7980194821,Watersfurt, UK
3186,Christopher Garcia,jamiehuynh@braun.com,7981951660,South Whitneystad,NA
3187,Leah Jackson,pmartin@singh-kennedy.com,6508277514,Latashaview,CANADA
3188,Nicole Gray,claudiasmith@hotmail.com,7656927423,West Angelicabury,INDIA 
3189,Dean Taylor,wlucas@hotmail.com,6805488002,Smithland,CANADA
3190,Paul Ford,ricardomarshall@gmail.com,5451122949,East Riley, UK
3191,NA,karenortiz@williams-ramos.com,,New Margaretfurt,INDIA
3192,Ricky Nelson,mendezmichael@flores.com,4620828521,Graystad,U.S.A
3193,Laura Perez,laura99@mccarty.com,2855339593,Moniquetown, UK
3194,Christina Bates,kenneth24@johnston.net,4278256334,Feliciaborough,USA
3195,Kylie Davis,barryeric@yahoo.com,3258258878,North Loretta,INDIA
3196,Tracy Adams,brandonsmith@mullins.biz,3975410850,South Lindahaven, UK
3197,Dr. Karen Schwartz,jessica91@gmail.com,6316843641,West Meganberg,INDIA 
3198,Steven Morton,michelle39@farmer-kline.com,1295728948,Elijahport,INDIA 
3199,Emily Torres,johnsondouglas@williams.info,5927654581,Port Jacobland,USA
3200,Heather Durham,nmoore@stevens.com,7597366780,Kentland, UK
3201,Jason White,cmcguire@leon.com,2541649816,Olsenport,INDIA 
3202,Sarah Harmon,NA,1405992240,Lake Ritamouth,USA
3203,Kevin Smith,nmoore@daniel.com,8131856908,Blackburgh,CANADA
3204,NA,peter46@wright.com,2766404106,NA ,USA
3205,Harold Ross,garzamonica@hawkins-castro.org,2676778129,Graymouth,INDIA
3206,Christina Ray,jeffrey17@kim-mullen.com,7220901832,Victorburgh,INDIA
3207,Daniel Brown,vincentduncan@gmail.com,3724600036,East Randymouth,INDIA 
3208,Justin Brooks,qhall@velazquez.biz,1796659290,Vickichester,CANADA
3209,Amy Medina,hannahmurphy@yahoo.com,6134781111,North Joshua,INDIA
3210,Shane Hopkins,scott64@davis.net,1875251508,New Paul,INDIA 
3211,Michael Young,ojuarez@gmail.com,2439490379,Lake Richard,INDIA
3212,Amy Brown,rvasquez@mcclure-burke.org,2227801261,Holmesmouth, UK
3213,Tina Haley,nramirez@yahoo.com,1359587125,Mooreburgh,CANADA
3214,Eduardo Pratt,markvelazquez@young-obrien.org,6151181298,Lake Vincentmouth,NA
3215,Tara Richardson,barnesrachel@kelly.org,7767291017,South Erica,CANADA
3216,Michael Mccarthy,cheryl30@yahoo.com,,Moraleston, UK
3217,Dustin Andrews,murphyjohn@trujillo.com,6242482433,Port Samantha, UK
3218,Kelly Smith,shannonbrown@mercer.biz,5671763498,Lake Stacy,U.S.A
3219,Bryan King,boydtony@mcdonald-bush.net,5643169611,West Matthewhaven,USA
3220,Lindsey Sullivan,craigjackson@ashley.info,,Jacobton,NA
3221,Holly Thompson,lewisjennifer@reyes.biz,,Walkerstad,CANADA
3222,Elizabeth Jimenez,NA,7467005727,West Emilyfurt,NA
3223,Victoria Maxwell,david14@hotmail.com,8209570793,Port Lisa,U.S.A
3224,Erin Dillon,anna65@gmail.com,4317208266,New Dennis,CANADA
3225,Brian Carrillo,patrick82@cortez.com,,Ramirezbury,U.S.A
3226,John Combs,mforbes@vasquez.com,5851549453,Blackview,NA
3227,Robert Gonzalez,rramsey@yahoo.com,9035240268,New Davidton,CANADA
3228,Ryan Fields,teresastevens@gmail.com,5383260488,Rodriguezmouth,CANADA
3229,Richard Moyer,oliverkaren@mayo.com,2730978942,South Monica,INDIA
3230,Scott Bennett,qcook@gmail.com,2110237532,New Jeremiahview,USA
3231,Stephanie Collins,sandra80@hotmail.com,6806437527,West Frances,USA
3232,Peggy Gonzalez,hpadilla@yahoo.com,4411311467,Davidview,U.S.A
3233,Amanda Swanson,allison73@cohen-johnson.com,1692708941,South Tiffany,INDIA 
3234,Michael Holt,adelgado@stephens-anderson.org,1808741972,Rayberg,NA
3235,Erin Kemp,natasha47@ortiz.net,4618744805,Haleport,INDIA 
3236,Mark Richards,scott70@hotmail.com,7358287875,Johnstonbury,INDIA 
3237,Jennifer David,autumnrogers@perez.biz,3493039962,East Gary,CANADA
3238,Stephen Pena,amber61@swanson.net,,North Kathleen, UK
3239,Sally Garcia,joshuachavez@conley.info,9199216009,West Andrew,NA
3240,Anthony Fox,egarcia@gmail.com,8990996124,East Kenneth,INDIA 
3241,Wendy Zimmerman,gonzalesheather@hall-nelson.com,2696261281,North David,USA
3242,Derrick Yang,lmartinez@luna.com,8894097328,Hendersonmouth,INDIA 
3243,Hannah Gonzalez,williekane@hayes.com,6832511670,East Michelleburgh,INDIA 
3244,Amanda Perry,toddhale@hotmail.com,9356833675,Singhfort,NA
3245,Renee Richards,eric27@bennett.com,6817270371,Charlenemouth, UK
3246,Daniel Dominguez,millerchristine@collins-munoz.com,7045994687,New Amy, UK
3247,Ana Bernard,richardsanthony@farmer-mclaughlin.org,6091790325,North Aaronborough,U.S.A
3248,Cindy Smith,curtisjohn@robles-romero.net,5062526855,Lake Kathyborough,INDIA
3249,Mr. Kevin Sanchez,steven66@carroll.com,9153280937,Jackieton,U.S.A
3250,Stephen Williams,vbowers@hotmail.com,5125770989,North Gary,INDIA 
3251,Victoria Taylor,xsmith@moore.info,2501726027,New Crystal,USA
3252,Joseph Rios,samantha67@tate.com,6362936595,New Tabithastad,INDIA 
3253,Henry Williams,qgonzales@yahoo.com,4298319278,Anthonystad, UK
3254,Gary Hall,hmaldonado@bautista.info,1511265171,South Rebeccatown, UK
3255,Hector Baker,carpenteramber@yahoo.com,8818726301,Johnstad,U.S.A
3256,Megan Chambers,ramoskevin@gmail.com,1820152540,South Alejandra,INDIA
3257,Phillip Clayton,vmartin@brooks.com,4582324975,South Nathaniel,CANADA
3258,Tara Smith,nrogers@simpson-martin.org,7950669108,NA ,USA
3259,John Steele,jennifer30@evans.com,4331069104,Scottshire, UK
3260,Michael Stewart,christopher02@sutton.com,,Port Donnashire,NA
3261,Kevin Johnson,chelsea30@rojas.info,,Port Lauren, UK
3262,Mary Watkins,ernest88@conner.com,9760501334,New Gloriaberg,U.S.A
3263,Nicholas Ho,igates@gmail.com,3743926699,Kimberlyport,CANADA
3264,Molly Owens,anitadaniel@gmail.com,7879443093,East Chad,USA
3265,Renee Carr,ojones@nelson.com,7894555508,Suzanneberg,NA
3266,Dawn Pugh,alexanderkayla@yahoo.com,1377890337,Lake Katrina, UK
3267,Christopher Jones,stevenestes@hotmail.com,2318352304,Port Elainechester,INDIA 
3268,Angela Andrews,tjohnson@carter-thompson.com,1805626982,South Brianbury,NA
3269,James Daniel,bakermichael@mccullough.com,8299859235,East Sandy,INDIA
3270,Mary Lopez,blacklori@abbott-murphy.com,3035901547,East Collin,U.S.A
3271,Mrs. Tina Humphrey,wtucker@gill-carr.info,9003682560,Amandashire,USA
3272,Shannon Frost,crawfordann@hotmail.com,9780399481,South Devin,INDIA
3273,Austin Ortiz,christinacalhoun@gmail.com,5394574668,Lake Lisa, UK
3274,Patricia Moore,uharris@yahoo.com,7644488469,Ramirezhaven,INDIA 
3275,Daniel Kelley,olivia60@yahoo.com,8482649891,Lake Glennview,NA
3276,Jody Mcdowell,megan59@johnson.net,9994455722,New Cathy,INDIA 
3277,Hailey Bowman DVM,iparker@munoz.com,3850334060,East Bruce,USA
3278,Marco Sawyer,christopher81@herring.net,8425423488,Trevinofurt, UK
3279,Mark Foster,ugonzales@donovan.com,7662327593,East Mitchellberg,INDIA 
3280,Samantha Moore,NA,4475117964,New Deborah,INDIA 
3281,Nicole Jones,zglass@gonzalez.biz,3665814873,North Grant,INDIA
3282,Gary Clark,shawnbraun@gmail.com,6518228241,South Patriciaville,USA
3283,Kenneth Clark,lori86@yahoo.com,5424287879,Petersenton,INDIA 
3284,John Copeland,sandrajensen@gmail.com,5187147097,Julianbury,U.S.A
3285,Christian Espinoza,shickman@moore-murray.com,8647612264,Floresburgh,USA
3286,Jennifer Floyd,james82@hotmail.com,1644456884,Lanetown,NA
3287,Jeffery Fuentes,rbailey@hotmail.com,1365273626,Rosefort,NA
3288,Joshua Dalton MD,maychristine@ramirez.biz,3159019921,Brandontown,INDIA 
3289,Debra Stevens,NA,4794809844,West Margaret,USA
3290,Christopher Rodriguez,weberian@rivera-thompson.com,2491989628,Smithview,NA
3291,Bruce Sullivan,kbruce@morris-martinez.com,2054684863,Matthewsmouth,INDIA 
3292,James Johnson,donovansamuel@pena.com,6435901000,South Leah,INDIA 
3293,Donna Hardy,kim29@torres.com,2579319894,Wumouth, UK
3294,Mary Knapp,icarter@hotmail.com,8542006925,South Kristin, UK
3295,Justin Ochoa,xewing@gmail.com,5845410652,Cooperberg,U.S.A
3296,Fernando Cox,NA,8408162879,Dominicport,CANADA
3297,William Christensen,torresemily@yahoo.com,2200451780,Lake Kariport,INDIA 
3298,James Williams,NA,7701132390,Clarkville,U.S.A
3299,Rebecca Wright,robertbrown@smith-white.info,2885254520,West Thomas, UK
3300,Colton Daniels,luistaylor@jordan-lee.com,8677055825,New Aaronport,INDIA 
3301,Jessica Bell,reidmary@frazier-davis.com,1824429684,Olsonbury,CANADA
3302,Kelsey Wagner,stephanie00@hotmail.com,8535580214,Lake Lawrenceview,NA
3303,Lisa Robinson,bmorgan@gmail.com,4634455355,South Renee,U.S.A
3304,Michelle Barrett,sandra44@buchanan.com,9511069427,Kellystad,NA
3305,Crystal Rojas,NA,8930000375,Graymouth,INDIA
3306,Dustin Wells,timothy82@gmail.com,7771617169,NA ,NA
3307,Justin Cooper,bdavis@lawrence-guzman.net,9352606834,New Ianstad,NA
3308,Jennifer Burns,irodriguez@colon.com,2629932286,Lake Christina,INDIA 
3309,Garrett Sanchez,lwarren@smith-rivera.net,7749558212,Ramireztown, UK
3310,Kara Moore,joseph81@ramos.com,7573799565,Stevenberg,INDIA
3311,William Fernandez,hgarcia@davidson-spencer.biz,6214575740,Port Tamara, UK
3312,Barbara Kelly,qcarlson@gmail.com,3138584838,East Gregory,CANADA
3313,Patricia Williams,reginacosta@hotmail.com,9307221087,Lake Frederickfurt,INDIA 
3314,Karina King,kristina72@shepherd.net,2487479828,Frankton,INDIA 
3315,April Hull,emily05@davenport.com,2641172671,Jacobfurt,NA
3316,Nicole Anderson,ljohnson@yahoo.com,9787221366,Diazhaven,INDIA 
3317,Craig Taylor,emily66@yahoo.com,7600804302,Sylviaborough,INDIA 
3318,Paige Porter,NA,2704904943,West Cynthiamouth, UK
3319,Joel Osborn,lukesmith@yahoo.com,2956472377,Padillafort,INDIA
3320,Keith Nelson,nbaldwin@roth.com,9921640354,Bradleyshire,USA
3321,Suzanne Russell,NA,5686240011,Crystalmouth, UK
3322,Karina Hamilton,castanedaamy@walsh.org,1427658771,Port Dawnbury,NA
3323,Gary Barnes II,nicole28@rhodes.com,,Brookemouth,U.S.A
3324,Aaron Williams,hoganwilliam@yahoo.com,8644226275,Schmittside,CANADA
3325,Patricia Romero,jennifergonzalez@martinez-bradley.com,2277985112,Josephland, UK
3326,Patricia Compton,stevenrichards@hotmail.com,4383769890,Lake Royberg,NA
3327,Melanie Lane,qpatrick@rich.org,2908701375,New Deannamouth,U.S.A
3328,Dr. Rodney Daniel,egonzalez@peterson.org,,West Charles,NA
3329,Vincent Banks,hansonrodney@hotmail.com,,Millertown,CANADA
3330,Joseph Logan,samuel96@gmail.com,1202153405,Nelsonbury,U.S.A
3331,Melissa Ortiz,kfitzgerald@waters.net,8182859153,Gabrielville, UK
3332,Alexander Mercado,chadwashington@davenport.com,,Port John, UK
3333,Susan Sullivan,mperry@hotmail.com,6867416782,South Taylor,NA
3334,Shirley Wood,erin22@smith.com,6591101922,New Erinville, UK
3335,Bryan Maldonado,mary91@yahoo.com,2974572227,Danielhaven,USA
3336,Michael Burns,xmcpherson@ortiz.com,6871752210,New Ashlee,USA
3337,Michael Harmon,daniel55@camacho-acosta.com,1430129827,Heatherville,INDIA 
3338,John Mcmahon DVM,michael98@gmail.com,4580765315,Harringtontown,INDIA 
3339,John Jones,NA,6155316131,Lake Julieside,USA
3340,David Thomas,tami70@boone.com,5592522573,Gonzalezburgh,INDIA 
3341,Mallory Stevenson MD,wdouglas@yahoo.com,5014933085,North Oscarburgh,INDIA 
3342,NA,james74@clark-munoz.org,1109570066,Millerstad, UK
3343,Joseph Shepard,matthewholland@salas.com,2617445697,NA ,INDIA 
3344,Joseph Coleman,aaronadams@gmail.com,4821273686,Matthewtown,INDIA
3345,Jose Gonzalez,bowens@kennedy-smith.com,7316017355,South Michael,NA
3346,Garrett Wood,hensleymatthew@bradshaw-parker.com,4234809874,Bergville,NA
3347,Nathan Blake,brandimitchell@clark-hernandez.com,1956434192,Christineberg,NA
3348,Laurie Lin,popejody@gmail.com,5464678338,South Joshuabury,INDIA 
3349,Bethany Allen,nrogers@spencer-smith.com,3208248287,Susanbury,U.S.A
3350,Erica Martinez,nanderson@gmail.com,3497820606,West Sharon,INDIA
3351,Jesus Ortega,joylewis@hotmail.com,3705552673,Danielfort,CANADA
3352,Terri King,lisa36@phillips.net,,Davidfurt,NA
3353,Elizabeth James,mrichardson@hotmail.com,,New Andrewtown,NA
3354,NA,wilsonjillian@yahoo.com,7852406950,Kennethfort,INDIA 
3355,Alexis Garcia,NA,3442733133,North Sarah,USA
3356,Henry Mora,melissa24@wilson.com,,Port Tamaraview, UK
3357,Kenneth Owen MD,jody02@french.biz,6224111124,North Dylanfort,USA
3358,Andrea Mcmahon,anthonyhall@prince-wu.com,8253251442,Margaretshire,CANADA
3359,Kelly King,josephwilliams@hotmail.com,,Neilbury, UK
3360,NA,bradblack@hotmail.com,7098468490,North Brianfurt,CANADA
3361,Kathryn Pineda,NA,6311449759,Wallacemouth,U.S.A
3362,Susan Neal,hannah50@stewart.com,,Lake Charlene,USA
3363,Brandon Owens DVM,omarsh@wilson-byrd.org,4834519390,Port Ricardoberg,CANADA
3364,Phyllis Scott,phillipsjacqueline@yahoo.com,8506454371,Parrishfort,CANADA
3365,Rita Ryan,hermanamber@chapman-morgan.com,,Port Andrewstad,USA
3366,Melissa Ramirez,robinsonleslie@manning.com,,New Amandatown,INDIA
3367,Heidi Perry,dale31@yahoo.com,1204825562,East Charlesshire,INDIA 
3368,Erin Phillips,amandadaniels@hudson-whitehead.net,5347526335,New Nathanfurt,CANADA
3369,Steven Alvarez,stephenhenderson@gmail.com,7169364851,Robertberg,NA
3370,Lisa Marshall,rachel56@hotmail.com,1239916396,North Danielle, UK
3371,Kevin Bolton,qjones@wu.com,9199322367,Greenfurt,NA
3372,Michael Armstrong,jacqueline51@hotmail.com,1889157071,Angelachester,INDIA 
3373,Keith Young,sheilapowers@smith-russo.com,2497701936,Youngville,U.S.A
3374,Amber Lamb,vincentkristen@perkins.biz,8221139761,New Keith,INDIA 
3375,Emily Bryant,ymoss@gonzalez-williams.com,8134854380,East William,INDIA 
3376,Mr. Robert Fowler,jessejones@hotmail.com,7394453901,Kelleystad,NA
3377,Carol Blake,michael74@keith-burton.com,3737652777,Lake Sharonborough,NA
3378,Joseph Cruz,john60@gmail.com,1038759127,Lake Caleb,INDIA 
3379,Jennifer Collins,kleon@harper.com,2376212863,Lake Anthony,INDIA
3380,Jessica Nelson,angela16@tucker-frye.com,7217789488,New Loganmouth,U.S.A
3381,Michael Bennett,amanda92@gonzalez-ball.com,6632014332,Chenview,U.S.A
3382,Terrance Arellano,brenda76@jones-klein.biz,9527078968,Yangshire,INDIA
3383,Melissa Alexander,mccoykenneth@gonzalez.com,3578900839,Garciachester,NA
3384,Susan Garza,hbanks@hotmail.com,3888630909,Williamston,INDIA 
3385,Tyler Berry,melissa23@hotmail.com,5291052124,North Cindy,INDIA 
3386,Julie Meyer,etaylor@gmail.com,8402774676,Christinamouth,INDIA
3387,Felicia Stein,cschultz@yahoo.com,3486429049,Lake Crystalville,USA
3388,Tracy Rodriguez,vmcdonald@yahoo.com,4097949365,Hensleyfurt,INDIA 
3389,Philip Perez,jacqueline20@hotmail.com,,NA ,USA
3390,Madison Rogers,sara65@gmail.com,1790486130,Smithside,NA
3391,Dr. Tanya Yang,parkermatthew@hanna.com,9625405720,Lake Angelatown,USA
3392,Leah Bright,charles83@gmail.com,9664830624,Sarahfurt,NA
3393,Kimberly Gay,amanda40@hotmail.com,4294062513,East Gregoryfort,CANADA
3394,Mary Ryan,jenna47@alexander.com,4675803102,Daybury,U.S.A
3395,Roger James,kathryn35@yahoo.com,2777251317,Lake Andreaborough,NA
3396,Jeffrey Byrd,jonesvictor@hernandez.info,2944413033,Brownport, UK
3397,Kristina Carter,xscott@gmail.com,2767292976,Leebury,CANADA
3398,Wesley Perez,jennifer02@fox.com,,West Jordanhaven,INDIA
3399,Michelle Lewis,roachhelen@yahoo.com,,NA ,NA
3400,Pamela Bowman,brucejohnson@carroll.biz,3427106075,South Jacob,INDIA
3401,Carl Lang,stephanie74@turner.com,7589536802,West Andrew,CANADA
3402,Erin Faulkner,NA,5585803049,West Tinafort,U.S.A
3403,NA,NA,1446220940,Lake Allisonfort,CANADA
3404,Anthony Norris,bdavis@yahoo.com,1898533307,North Lindashire,INDIA 
3405,Dr. Jose Brooks,asmith@sanders-lucas.info,1750388375,NA ,INDIA
3406,Michael Ali,michaelwilkinson@ross.info,8168733802,Lake Heatherhaven,INDIA 
3407,Ashley Compton,lowematthew@gmail.com,5528061350,East Michael,USA
3408,Ryan Zhang,jennifersalazar@gmail.com,3371149293,New Cheyenne,INDIA
3409,Brittney Smith,cburns@gmail.com,6247187855,Tylermouth,U.S.A
3410,Shane White,stephanieramirez@hotmail.com,1208416963,Oliverland,INDIA
3411,Kevin Carrillo,jenniferking@gmail.com,7655092903,Bradfordport,CANADA
3412,Evelyn Burns,uallen@gmail.com,1378082991,Randyside,CANADA
3413,Penny Jackson,tara36@yahoo.com,1282646838,Dustinport,INDIA
3414,Scott Phillips,wardmichelle@butler.com,2060950366,Melissahaven,USA
3415,Thomas Serrano,rileyromero@payne-clark.net,6544174684,Toddchester,USA
3416,David Hodge,jortiz@yahoo.com,9073979943,Lake Melissa,CANADA
3417,Gary Small,carolynross@gmail.com,2573726460,Morriston,USA
3418,Wendy Carter,lucasortega@johnson-bailey.org,4505096559,NA ,U.S.A
3419,Robert Travis,bthompson@tran-carter.com,5135867204,Pittsland,INDIA
3420,Jennifer Davis,adrianadavid@gmail.com,2416213415,NA , UK
3421,Daniel Morgan,danieljoshua@lara-johnson.com,1520072175,Elizabethmouth, UK
3422,Sean Mckenzie,lsnyder@tucker-greene.org,9034947932,South Robert, UK
3423,Alicia Brown,NA,2613624322,Campbellville,U.S.A
3424,Kyle Wheeler,odouglas@yahoo.com,9990502890,Hotown,INDIA 
3425,Rhonda Holland,amyhensley@hotmail.com,1756892557,East Thomas,U.S.A
3426,Justin Mcdonald,fmann@yahoo.com,4494320489,East Tiffany,INDIA 
3427,Bradley Brock,annette80@johnston.com,,Rosalesshire,INDIA
3428,Patricia Woods,anthony85@yahoo.com,5623564967,Cynthiastad,NA
3429,Mrs. Rachel Shaw,hallstacey@williams.net,8256681182,Brownstad, UK
3430,Anthony Anderson,NA,5096445692,Mcgrathberg,INDIA 
3431,Pamela Duran MD,pgonzales@gmail.com,9607789020,Emmabury,INDIA 
3432,James Suarez,hfrench@yahoo.com,5857645406,Lake Jeremyfurt,INDIA
3433,Kevin Jackson,tabithaglenn@peterson.biz,1724128457,North Brandon,CANADA
3434,Molly Tanner,lbauer@hale.com,5057593917,Lake Tammybury,USA
3435,Jeremy Hernandez,timwilson@stanton.net,2992571729,Meredithberg,INDIA 
3436,Jasmine Wolfe,franklinnunez@sutton.com,5567523318,Port Donna,INDIA
3437,Mallory Roberts,robertschwartz@adams-williams.com,6039903983,West Jason,U.S.A
3438,Yvette Valentine,loriperry@ruiz.com,4526475195,West Kevin,INDIA
3439,NA,denisecoleman@hotmail.com,6846411027,Lake Mary,INDIA 
3440,Jesus Martinez,vjordan@yahoo.com,7336624717,Hillborough, UK
3441,Shawn Wang,NA,1103211009,Mcgrathmouth,U.S.A
3442,Donald Richards,lmurray@campbell.biz,6449501845,Montesburgh,NA
3443,NA,jordanamanda@harris-miller.com,,South Janet, UK
3444,Tammy Lewis,curtismelanie@mcclure-tucker.net,4710435321,South Heather,NA
3445,Susan Wood,brownwilliam@rogers.biz,2911135087,East Dianemouth,U.S.A
3446,Michael Lopez,gthomas@hotmail.com,8918546273,Port Jonathanville,CANADA
3447,Rebekah Wells,brittany96@roberts.com,2737729200,Martinshire,CANADA
3448,Amy Nicholson,NA,6028449812,Nguyenborough, UK
3449,Lisa King,pricechristine@gmail.com,6128237019,North Scott, UK
3450,Bradley Carter,jbentley@hotmail.com,2752333026,North Eugenefurt, UK
3451,Tara Garcia,vmorgan@hotmail.com,3480965758,Amandafort, UK
3452,Kelly Rodriguez,jeremy45@hotmail.com,4537841885,Meaganfurt, UK
3453,Judy Carney,adam58@hotmail.com,7072683062,Andrewville, UK
3454,Charles Walsh,robertomccoy@yahoo.com,3137278183,Cunninghamshire,INDIA 
3455,Kathryn Hunter,sarahmartin@hotmail.com,6191460044,Jaredhaven, UK
3456,Bonnie Newman,jason99@torres.com,8219688308,Schaeferland,NA
3457,Keith Cole,iwalker@williams.info,2870539982,NA ,U.S.A
3458,Whitney Davis,joshua44@gmail.com,3644520128,West Jerry,U.S.A
3459,Krystal Johnson,christinecole@hotmail.com,3283467981,Craigmouth,INDIA
3460,NA,michelle82@anderson-hudson.com,7980621012,North Tiffany, UK
3461,Robin Sullivan,williamhughes@hotmail.com,7182983834,New Lauratown,INDIA
3462,Donald Lee,NA,5501885149,Williamsbury,CANADA
3463,Tammy Smith,williamsjudy@rowe.com,8525136538,Cruztown,USA
3464,Tiffany Ryan,ghebert@nelson.com,2751458979,Bishopview,U.S.A
3465,Tasha Parker,bponce@hotmail.com,4278921848,Port Josephborough, UK
3466,Adam Lopez,ewalker@gmail.com,,Angelaland,INDIA 
3467,Nicholas Bryant,yross@perez.com,8193103734,Rachaeltown,NA
3468,NA,gmiller@gmail.com,4045963307,Valdezmouth,NA
3469,Wendy Wilson,wwise@gmail.com,1417603224,Kingshire,INDIA
3470,Michelle Barnes,rosebilly@gmail.com,1114876141,Port Josephfort,U.S.A
3471,Stephen Pennington,NA,3305777041,Martinezland,INDIA
3472,James Diaz,stephanie39@morrow.com,8970875577,Calvinport,CANADA
3473,NA,NA,4608384376,North Brianmouth,CANADA
3474,Peter Fowler,NA,6301845371,Lorraineview,INDIA
3475,Jordan Floyd,coxchristopher@mendez.info,5987517797,Davisberg,INDIA 
3476,Luis Smith,timothy40@martin.com,5142899436,Smithton, UK
3477,Jacqueline Clark,odrake@hotmail.com,6116379791,Mariaview,NA
3478,Kelli Flowers,jwilliams@gmail.com,7512581300,Port Jillianside,INDIA 
3479,Kimberly Atkins,rebeccaglover@stone-newton.com,5635565800,New Frankshire,NA
3480,Stefanie Smith,claudiaevans@murray-brandt.com,3588241042,Bellland,USA
3481,Shawn Herrera,lambertjennifer@harper.com,5615377808,NA ,CANADA
3482,Miranda Chavez,mooremallory@gmail.com,7209390056,Bradfort,INDIA
3483,Robert Wang,anna91@hotmail.com,8215318295,East Kimberly,INDIA 
3484,Joshua Ross,crystalgarcia@lewis-george.biz,7876517911,Lisaton,NA
3485,NA,andrewsjeffrey@rodriguez-rodriguez.biz,9083110766,East Kellybury, UK
3486,Julia Harper,smithsarah@gmail.com,5415573317,Markmouth,INDIA
3487,Timothy Bradford,mnorris@gmail.com,4469845114,East John,INDIA 
3488,Anthony Thomas,NA,2517745368,West Donaldbury,U.S.A
3489,Michael Nguyen,johnroman@yahoo.com,3857708678,Jeffreyside,INDIA
3490,Mrs. Julie Thompson,tporter@brown.info,5146413990,Rebeccachester,INDIA
3491,Marcia Marshall,richardhall@yahoo.com,5326712643,South Jasonton,NA
3492,Julie Jarvis,fspears@stewart.com,5858561871,Port Christine, UK
3493,April Cruz,faustin@yahoo.com,2312199598,Kimberlyville,U.S.A
3494,Jerry Eaton,andrea02@yahoo.com,5178626797,NA ,INDIA 
3495,Tiffany Thomas,larryferguson@yahoo.com,3041662393,NA ,U.S.A
3496,Melissa Tran,natalie75@peterson.org,9864065111,Timothyfort, UK
3497,NA,andrew16@walters.com,8048151696,South Joanne,INDIA 
3498,Michael Fields,christopherdaugherty@pugh.com,4819135577,Wilsonfurt, UK
3499,NA,ambermarshall@hotmail.com,4837240057,West Carolinehaven, UK
3500,Maria Bates,rogerskelly@hall-williams.com,4927989421,Lake James,U.S.A
3501,Robert Hayden,morenoemily@gmail.com,9381025878,Changshire, UK
3502,Jordan Fernandez,michelle31@walker-kidd.com,3916438185,Port Kellyfurt,NA
3503,Vincent Villanueva,ashleyadams@wood-hunt.biz,1032194316,Ashleybury, UK
3504,Robert Santana,jerry37@hotmail.com,5330696914,Silvaville,CANADA
3505,Megan Nelson,warrenthomas@black-moses.com,,New Tara,INDIA 
3506,Lisa Castro,ashley78@gmail.com,5321527529,Jessehaven,USA
3507,Robert Maldonado,anthonygonzalez@fisher-rivera.com,6752797440,North Robert,U.S.A
3508,Jeremy Tate,alexa32@yahoo.com,2120694679,East Vincentton, UK
3509,Daniel Cisneros,danielle37@welch-scott.org,3277670818,Andrewville,INDIA
3510,Beth Kim,turnerjohn@hotmail.com,3767010594,West Rebeccaborough,USA
3511,Garrett Krause,sara33@ward.com,9839988587,Christinehaven,INDIA
3512,Tyler Perry,chris87@campbell-hogan.org,6639152536,South Kara,INDIA 
3513,Rebecca Larson,jleblanc@boone.com,6075252793,Sandersside,INDIA
3514,Harold Gray,benjaminbennett@moran.com,5088952175,Tinaside,INDIA 
3515,Raymond Curtis,lindahiggins@barnett.com,2199420598,Christopherton,INDIA
3516,Jonathan Robertson,richardrobinson@gmail.com,3217578676,Johnland,USA
3517,Kristen West,zacharyjohnson@oneal.com,2133873492,Longville,USA
3518,Charles Parsons,hayneschristina@gould.com,2488044060,West Travis,U.S.A
3519,Robert Martinez,shelley42@ali.com,8918113401,NA ,INDIA 
3520,Bryan Griffin PhD,bjames@yoder-miller.biz,4821545796,New Charleshaven,U.S.A
3521,Ann Pierce,elizabeth22@johnson-wells.info,6821672905,New Chad,NA
3522,Adam Hudson,wsandoval@rivera.net,6201745381,Blakehaven,INDIA
3523,Glen Norman,marygreen@riley.com,7716541769,Grantburgh,USA
3524,Tamara Hudson,carterangela@parks.net,9567512184,Pricehaven,NA
3525,Julia Johnson,tpalmer@yahoo.com,3237554063,Lake Brittanyfurt,USA
3526,Lisa Myers,williamglenn@hotmail.com,8453232521,Jonathanland,U.S.A
3527,Daniel Jones,nreese@crawford.net,9984919732,Hayesfort,NA
3528,Mr. Anthony Bell,derrickhahn@gmail.com,2320983207,Wrightport, UK
3529,Melinda Clayton,NA,8084839900,New David, UK
3530,NA,pennylowe@berry-baker.com,9560925574,Lake Priscilla,USA
3531,Samuel Guerrero,mcdonaldjulie@gmail.com,2697146249,Mcdonaldton,INDIA
3532,James Garrett,NA,5582349066,South David, UK
3533,Kayla Stewart,bakerjulie@hotmail.com,5499418145,East Amandachester,CANADA
3534,Tiffany Lin PhD,spencerjoseph@hotmail.com,8193072883,Torresmouth,USA
3535,Megan Smith,jessica16@weiss.com,,Lake Laura, UK
3536,Amanda Kim,powelljulia@yahoo.com,5228982992,West Vanessastad,NA
3537,Kelly Ryan,NA,7891300780,Port Mariaborough,INDIA 
3538,Paula Romero,martinezjustin@yahoo.com,4437356329,NA ,U.S.A
3539,Michael Espinoza,april64@yahoo.com,8688457955,Donnaland,NA
3540,Sarah Francis,victoria14@owens.org,7399418593,Christinamouth, UK
3541,Alexandria Ellison,bernardrobert@diaz.com,3294401922,Jennifertown,INDIA
3542,Matthew Long,fhobbs@hotmail.com,,South Luis,INDIA 
3543,Amy Moore,brucelinda@gmail.com,1542942818,Davismouth,INDIA
3544,Breanna Henry,NA,2112835138,West Toddbury,U.S.A
3545,Yvonne Brown,NA,5699973645,NA ,USA
3546,Ralph Weaver,fphillips@yahoo.com,4797642459,Deniseville,NA
3547,Jason Gonzales,NA,4111993179,West Richard,NA
3548,NA,sarah19@dunn-smith.biz,,East Joseph,NA
3549,Tim Lowery,hornscott@thomas.net,7005578592,Natalietown,USA
3550,Christy Hunt,richardsonpamela@yahoo.com,,Jonesmouth,INDIA 
3551,Sandra Baker,jacquelinemacdonald@gmail.com,1097632223,Lake Loribury,CANADA
3552,Jacob Wright,gwu@hotmail.com,8985114071,East Annaburgh,USA
3553,Mr. Eric Harris,NA,9425496063,West Heather,CANADA
3554,Ms. Susan Knapp MD,christopherdorsey@yahoo.com,8783166018,Carneymouth,CANADA
3555,Angela Rodriguez,charlesbrooke@day.net,9510779978,South Kelly, UK
3556,Larry Gomez,crystal34@walker-silva.com,7767884056,New Lisa,U.S.A
3557,NA,klinebrian@lewis.org,3285012118,Elizabethburgh,INDIA
3558,Stanley Evans,sandrawilliams@yahoo.com,2198387491,Robertburgh, UK
3559,Elizabeth Ramos,thomasjennifer@gmail.com,7081453146,New Aliciafort,NA
3560,Kathy Rivera,bowersmichael@morrison.com,2803145029,East Kathryn,USA
3561,Hannah Hill,sandra50@drake.biz,9599043337,Christianchester,NA
3562,Joshua Brown,vluna@cooke-hogan.com,9709578779,Tamarashire,INDIA
3563,Nicholas Hughes,nharrell@gmail.com,7001103700,South Cynthiashire,U.S.A
3564,Linda Johnson,thomasnichols@martinez.biz,9288780536,Crossmouth, UK
3565,Andrea Weiss,NA,2190222290,East Robinland,CANADA
3566,Eric Watson,jamessmith@gmail.com,6046631943,Amyhaven,USA
3567,Kim Kelly,jessicatorres@nelson.com,8039608602,Erinfurt,USA
3568,Nicholas Jensen,aaronbriggs@kemp.info,2594860001,Carterfurt,U.S.A
3569,Ryan Francis,christopherrandolph@yahoo.com,4599815016,Nicholsonberg,INDIA
3570,Denise Nguyen MD,zmitchell@peters.com,8713336102,Thomashaven,INDIA 
3571,Ronald Crawford,michaeldiaz@gmail.com,6990928685,Weaverton, UK
3572,Thomas Serrano,josephbutler@yahoo.com,4688814607,Bobbyfurt,U.S.A
3573,Amy Butler,sweeneyrobert@gmail.com,6296329726,Port William,NA
3574,Brooke Goodwin,umiller@phillips.com,5882855406,Williamchester, UK
3575,Hunter Garcia,gharris@hotmail.com,5944132183,Lake Anna, UK
3576,Ian Reeves,deanbrian@gmail.com,4611213814,Michaelfurt,NA
3577,Allison Fernandez,zweeks@gmail.com,4099533282,East Christopher,U.S.A
3578,Nicholas Rosales,greerseth@perez.com,8686936947,NA , UK
3579,NA,floresjennifer@turner.com,7413991341,Port Tanyaberg,CANADA
3580,Denise Pruitt,holtandrew@gmail.com,,North Maryport,CANADA
3581,Jonathan Rivera,vincentwilliam@turner.com,,Yvonnehaven,NA
3582,Kevin Bender,williamstanley@yahoo.com,7310374075,Hallstad, UK
3583,Katherine Miller,bakerjasmine@fuller.com,4142743132,Sanchezstad,USA
3584,Maurice Fields,sharon78@schultz-burch.com,2901894546,Jeffreytown, UK
3585,Alexis Green,stephanieevans@yahoo.com,7106525359,Lake Daveshire,INDIA
3586,Christine Dickerson,NA,8488458916,Lambertberg,USA
3587,Lucas Wilson,robert88@gmail.com,4330059669,NA ,NA
3588,NA,qrogers@hotmail.com,6349278015,Ronaldhaven, UK
3589,Gregory Olson,john08@yahoo.com,9922024819,New Barbaraview,INDIA
3590,Jenna Burton,amymccarty@coleman.com,8518493772,Brittanymouth,NA
3591,Amy Gonzalez,kathleen33@hotmail.com,7911869690,NA ,NA
3592,Steven Yoder,dbruce@stevens.com,7680917085,Denisefort,INDIA
3593,John Garcia,natasha20@hotmail.com,9932259819,Marieland,U.S.A
3594,Brett Fuller,NA,5782005101,South Jasonbury,CANADA
3595,Kyle Dickerson,sullivanjonathan@west-myers.org,1764638608,Stevensmouth, UK
3596,Nicole Stein,tammywilson@olson-reed.com,,Port Amanda,INDIA 
3597,Christopher Wise,lewisdavid@yahoo.com,3473018024,West Jessetown,USA
3598,Michele Gordon,julia44@leblanc.com,6935584746,East Bridgetville,U.S.A
3599,Jeffery Reynolds,jacksonelizabeth@trevino.com,3211591667,Mirandaville, UK
3600,Elizabeth Delgado,cherylmunoz@mckay-thomas.com,3798782306,New Paul,U.S.A
3601,Mary White,ngould@hotmail.com,1164554068,Port Mary, UK
3602,William Hill,vnorman@robbins-harris.com,8453247535,New Joshua, UK
3603,NA,marcia29@hernandez-duncan.com,3124321864,NA ,U.S.A
3604,Jon Ortiz,bankssharon@hotmail.com,1112093001,Lake Toddview,USA
3605,Patrick Webb,rachel82@arellano-dunn.org,4320552979,Reynoldstown,CANADA
3606,Victoria Turner,marynewton@gmail.com,3161839751,NA ,CANADA
3607,Kim Green,carolineturner@yahoo.com,4499510037,Reidchester,USA
3608,Meredith Gray,nicholas73@padilla.org,2258665127,South Jennifer,CANADA
3609,Charles Sullivan,rodgerscorey@yahoo.com,,East Christieside, UK
3610,Glenda Bishop,fernandezmiguel@jones.org,,Port Christineside,INDIA 
3611,Gregory Hicks,joannabutler@yahoo.com,2785442810,East Joshua,INDIA 
3612,Michael Schwartz,waynedunn@hotmail.com,7746256866,Haleybury,INDIA
3613,Larry Casey,derekcarlson@melendez-gray.com,6969190413,Acostafurt,INDIA 
3614,Richard Murray,josephjohn@fleming.net,8720405568,New Barbarafurt,INDIA
3615,Richard Hurley,NA,8001984640,New Eric,NA
3616,Dustin Hines,melodybrown@welch.biz,7980513072,Sarafurt,U.S.A
3617,Zachary Obrien,keytina@gmail.com,3468947265,Robertsberg, UK
3618,Ashley Davis,martinezhannah@fernandez.com,3532629467,NA ,INDIA 
3619,Brittany Kennedy,jamesjenkins@payne.com,1218851330,Bakerburgh,CANADA
3620,Andrea Dominguez,qjones@wilson-cook.info,6130799105,West Brittanybury,U.S.A
3621,Sherri Jordan,flynnlinda@phillips.com,4754427329,West Sandraberg,INDIA 
3622,Amy Martin,NA,4507476565,South Shawna,INDIA 
3623,Jerome Green,pstewart@gray-maynard.com,3999864467,South Billy,INDIA
3624,Teresa Green,maryanderson@yahoo.com,9010352108,Hudsonstad,INDIA 
3625,Sara Li,lopezsarah@gmail.com,1221348429,Pierceview,INDIA 
3626,William Baker,vincentnicholson@yahoo.com,4415204539,South Allisonview,CANADA
3627,Casey Munoz,joseph55@shelton.com,2441663112,East James, UK
3628,Rickey Rivera,maynardkathleen@jones-ferguson.info,8897315252,Port Curtisview,NA
3629,Patricia Higgins,nicholasstewart@hotmail.com,4050175036,Lake Laura,USA
3630,Denise Ward,NA,8200389498,Jamesland,NA
3631,Tiffany Washington,sjimenez@gmail.com,8552861645,Johnsonside,U.S.A
3632,Mrs. Brianna Cisneros,riggslisa@gmail.com,1456353579,New Tanyahaven,NA
3633,Geoffrey Thompson,shawn78@gmail.com,3818217483,East Brian,U.S.A
3634,John Barnett,timothy58@evans.com,6805431602,Paynetown, UK
3635,Stephanie Gilbert,susanatkins@avery.net,5829810207,Lake Timothyfort,INDIA 
3636,Elizabeth Peters,eclark@zamora.com,7125565053,North Jeffreyshire,INDIA 
3637,Stephanie Baker,williemoore@alexander.org,7098510434,Spencerstad,NA
3638,Alyssa Martinez MD,josephknight@gmail.com,6240227093,Johnsonview,INDIA 
3639,Crystal Davis,jackson08@macias-harris.com,4218490097,East Dustin,USA
3640,NA,jacobgarcia@reyes.com,6879443701,West Robertborough,U.S.A
3641,Scott Montoya,perezlucas@yahoo.com,9993257063,Andrealand,U.S.A
3642,Kristin Lee,hayesmichael@terry.com,3654387032,Jasonport,INDIA
3643,Stephanie Thomas,ashley70@yahoo.com,7694608748,South Williamview,INDIA 
3644,Steven White,mariedaniels@strickland-yu.com,5496420900,Parsonsside,U.S.A
3645,Scott Mckee,higginswilliam@gmail.com,4478891107,Aliciatown,NA
3646,Jessica Rivera,NA,6468816117,South Brittany,CANADA
3647,Scott Rodriguez,NA,9015019171,Davisfort,NA
3648,Carla Gutierrez,roberto55@mason.biz,8656899815,Port Richard,CANADA
3649,Robin Kennedy,zbarnes@gmail.com,6470069957,Chaneytown,INDIA 
3650,Patrick Wright,kennedydavid@yahoo.com,7584814648,Lopezfurt,USA
3651,Leslie Barton,deanmegan@brown.com,7999310525,Novakland,CANADA
3652,Mary Davis,kweeks@nelson-coleman.info,6560365367,Whiteland,INDIA
3653,Gabriel Montgomery,evanslaura@collins-wood.info,5940421954,Christineport, UK
3654,Amanda Molina,dcastro@hotmail.com,8298167485,East Meghan,INDIA
3655,Brittany Owens,rnichols@hotmail.com,7060658702,Port Hannah,CANADA
3656,Madison Gibson,kelly82@hotmail.com,8847514014,East Holly,INDIA 
3657,Rachel Rios,sjones@bennett.biz,2190830527,Belindaville,U.S.A
3658,Scott Foster,diazlaura@newman.com,,Danielchester,USA
3659,Alexandra Ryan,destinygoodman@yahoo.com,9387374914,Wutown,NA
3660,Jenna Bell,shelby72@smith.info,1533001589,New Michaelfort,NA
3661,Jared Porter,kelseylloyd@gmail.com,4572503969,Brucebury,USA
3662,Ariel Johnson,daniellesullivan@thomas.info,7741362477,Herreraport,NA
3663,Jessica Peterson,shawnjones@gmail.com,6414449734,Reyesview,USA
3664,Annette Gregory,robert60@miller.com,4516156690,Mccoyberg,U.S.A
3665,Stephen Powers,jennifer56@hotmail.com,7254752588,West Mikaylamouth,INDIA
3666,Frank Hurst,oconnormelissa@weber-nunez.com,5390833545,Dawnhaven,INDIA
3667,Stacy Petty,kathryn03@hotmail.com,2394045969,East Alisonton, UK
3668,Nicole Mitchell,wendydrake@montgomery-taylor.net,8931014333,Jerrymouth,USA
3669,Jacqueline Sanders,jenniferrangel@lopez.net,7718745007,Kellyview,INDIA
3670,Kaitlin Stewart,robertsrichard@alvarez.com,8071333622,West James,U.S.A
3671,James Watson,foxbrian@richardson.com,7070979036,New Krista,CANADA
3672,William Gutierrez,williamstamara@allen.com,6373926499,Lake Benjaminstad,U.S.A
3673,Brian Hicks,katherinezhang@hotmail.com,1836630105,Johnnyshire, UK
3674,Timothy Bautista,kylecameron@gmail.com,7729554317,Chambersburgh,INDIA 
3675,Michele Russell,marcushorton@taylor.com,2984136825,East Crystalhaven,U.S.A
3676,Shannon Kim,isherman@gmail.com,4278716796,Manuelchester,USA
3677,Andrea Nixon,warebrian@mayo.com,6565201540,Shannonchester, UK
3678,Luis Callahan,vincentkennedy@gmail.com,7808004236,Port Theodoreton,CANADA
3679,Tamara Taylor,alanmorris@walker.net,4454048159,South Charles,INDIA
3680,Don White,alec41@hotmail.com,4573721215,Esparzaport,CANADA
3681,Lisa Howard,shafferrebecca@hotmail.com,9662849794,Robertsfurt,USA
3682,Stephanie Adams,stephen86@cortez.com,4802251957,West Brendahaven,U.S.A
3683,Rose Sanders,ashleyrichards@hernandez.com,5195460715,Jasontown,U.S.A
3684,Michael Holt,thomascastro@fitzpatrick.org,4780355969,Thomasfurt,INDIA
3685,Nicholas Coleman,NA,5775808703,Perrystad, UK
3686,Chelsea Hunt,floressara@hotmail.com,4517102520,West Jeremyborough,CANADA
3687,Kathleen Dougherty,rsnow@gmail.com,1371736571,East Nicoleville,NA
3688,Mary Simmons,angela90@wilkerson.com,4987147743,Colemanview,INDIA 
3689,Victoria Burnett,NA,9382714224,Brendaburgh,NA
3690,Sandra Jenkins,nicholasallen@gmail.com,8144251257,Michaeltown,USA
3691,Michelle Glass,alexa67@yahoo.com,1359710831,East Sabrinaview,NA
3692,Kaylee Walton,ohall@yahoo.com,1832077636,New Matthewview,INDIA 
3693,Antonio Campbell,imann@thompson.com,,North Maryhaven,U.S.A
3694,Juan Davis DDS,anelson@snow.com,7329868401,New Jason,INDIA
3695,Mark Reyes,xjones@peterson.com,5798108639,Michaelborough,NA
3696,Mckenzie Bell,stevensjill@clark.biz,3971333083,Port Keithmouth,USA
3697,Susan Velasquez,jonathansandoval@hotmail.com,8798183723,New Jill,INDIA 
3698,Nicholas Jackson,wayne94@gmail.com,8719323246,North David,CANADA
3699,Devin Yang,brandybowen@henderson-bishop.com,7901706471,South Davidton,USA
3700,Nicholas Jones,heather73@wood-taylor.net,3107248097,Carterfurt,USA
3701,Jessica Gross,perezjordan@yahoo.com,7493292803,NA , UK
3702,Dana Herrera,NA,3867257427,Anabury,INDIA
3703,Brittany Zavala,ffrench@gmail.com,6459236014,West Franklin,CANADA
3704,Lindsay Li,christine69@miller.org,5028461546,Sullivanhaven,NA
3705,Bruce Flores,jeremy06@hartman.com,9492814479,Sheilaborough,INDIA
3706,Vincent Silva,john71@lee.org,6242213615,South Sean,CANADA
3707,Stacey Burch,NA,5634057395,East Aaronfort,INDIA
3708,Angie Nielsen,monica55@hotmail.com,1125530586,Ibarrafort,U.S.A
3709,Patricia Branch,NA,4901362607,Mercadomouth,U.S.A
3710,Jeffery Bowen,elizabethevans@carroll.biz,1542892297,Vanessaville,U.S.A
3711,Laura Johnson,wbaker@hotmail.com,,South Wendyview,USA
3712,Jill Jenkins,ramosgregory@jones.com,7637356568,New Shane,USA
3713,Dawn Moyer,goodwincourtney@yahoo.com,,Port Brian,NA
3714,Sara Garcia,burchmark@greene.com,,Damonside,CANADA
3715,Teresa Allen,nwells@gmail.com,9157875937,NA ,NA
3716,Daniel Smith MD,richardmartin@hotmail.com,7775697506,NA ,INDIA 
3717,Grace Miller,martinamy@barnes.com,8238245623,Brownfort,USA
3718,Carmen Rivera,hugheszachary@livingston-trevino.info,6235881511,Stephenmouth, UK
3719,Jose Cunningham,karendudley@howell.org,6484106377,Martinmouth,CANADA
3720,Paul Hernandez,NA,,Mullinsview,U.S.A
3721,Alicia Lewis,phyllis98@morgan.biz,6327659131,Roseview,U.S.A
3722,Raymond Roth,pagejustin@yahoo.com,2022798846,Port Jackmouth,INDIA
3723,Jasmine Scott,russellteresa@mclean-graham.com,8827394952,Port Colinshire, UK
3724,Tracy Howard,valenzuelamichael@fields-ray.com,3641257664,Peterston, UK
3725,Mary Robinson,thompsonmark@ortiz-brown.com,8094090108,North James,USA
3726,Matthew Smith,ihuber@hotmail.com,7672269392,Port Aprilborough,INDIA
3727,Jeffrey Hunter,eandrews@richardson.org,9035208631,Port Matthew,U.S.A
3728,Christina Munoz,jacksondustin@yahoo.com,3370107020,Lake Michelletown,NA
3729,Matthew Carter,thomaselizabeth@west-white.com,2081942498,Lake Mackenzie,INDIA 
3730,Joshua Norton,heidi13@monroe.org,3434322275,NA ,INDIA
3731,Thomas Smith,campbelljason@gmail.com,2853712523,Ricardohaven,INDIA
3732,Lance Webster,ssmith@bryan.com,2431770031,Johnsborough,INDIA
3733,Kimberly Horton,melissafarrell@davis.com,2621593281,Gracehaven,CANADA
3734,Linda Smith,dodsonbenjamin@woods.net,8278343485,Christinaberg,CANADA
3735,Jessica Jensen,ostafford@gmail.com,,Smithhaven,INDIA 
3736,Jeffrey Ware,abigail15@hotmail.com,8724927268,Tammymouth,USA
3737,Jonathan Henderson,uharris@hotmail.com,6756093431,East Timothychester,INDIA
3738,Michael Williams,jamieturner@lewis-wilson.net,3613155749,Brennanburgh,INDIA 
3739,Andrew Gomez,lindseystone@rhodes-hatfield.com,3299779702,Carterborough, UK
3740,Shelly Wilson,NA,8179493791,North Michellestad, UK
3741,Michael Hopkins,cruzpeter@martinez.com,6435197645,Davisbury, UK
3742,John Wilson,marycox@reeves-wright.info,4262667115,Bobbyborough, UK
3743,Rebecca Parker,NA,5953392468,South Vincent,INDIA
3744,NA,larsonphilip@hotmail.com,9250367850,West Stephanieborough,INDIA
3745,John Combs,kruegercarl@yahoo.com,8269514557,Port Carolyn, UK
3746,Jason Smith,russellcaroline@knight.com,8609380172,Curtisfort,CANADA
3747,John Burton,monicaburke@hotmail.com,5522468430,NA ,INDIA 
3748,Laura Adkins,mhancock@yahoo.com,8910041990,Hillside,NA
3749,NA,joshua81@yahoo.com,4436469339,Port Kevin,INDIA 
3750,Richard Leonard,antonio75@yahoo.com,1344077228,West Alyssa, UK
3751,Roberto Davis,awilson@hotmail.com,6726398944,Annemouth,INDIA 
3752,Brian Flores,NA,8295701945,East Evanfort,CANADA
3753,Deborah Johnson,jwood@hotmail.com,7637053405,Kristenville,INDIA
3754,Anthony Molina,NA,1313679680,Lauraburgh,INDIA
3755,Robert Rice,hillmichael@hotmail.com,5032720142,Shortshire,INDIA 
3756,Susan Hill,NA,1853199230,South Ritaborough,U.S.A
3757,Michael Buck,debra67@martin-rangel.com,8379523435,Donnachester,USA
3758,Amanda Lee,sescobar@lee.com,3966310670,NA ,USA
3759,Alexander Bennett,terrellwanda@smith.net,8038662026,New Jacobborough,USA
3760,Damon Pennington,webstercheyenne@hotmail.com,4496324130,Santosberg, UK
3761,Dean Barton,hardinkimberly@hotmail.com,6047864938,North Jessica,INDIA
3762,Stephen Simpson,blackwelltodd@levy.com,7962438546,Cunninghamtown,INDIA 
3763,Elizabeth Brown,michael27@bradshaw.com,6227321430,Lake Benjaminmouth,USA
3764,Trevor Mcclain,matthewgray@owen-reyes.info,6623006727,East Frances,INDIA 
3765,Latasha Swanson,sarahball@young.biz,3706349902,Hooverton,U.S.A
3766,Victoria Carney,donnamyers@yahoo.com,2967724989,East Mitchellland,CANADA
3767,Sherry Davidson,daniellee@gmail.com,3142808595,Lake Michelle,NA
3768,David Harris,kennedysara@yahoo.com,8762736280,East Kim,USA
3769,Marie Grimes,henry87@friedman.com,5246878736,North Eric,INDIA 
3770,Jerry Navarro,fsmith@yahoo.com,,NA ,NA
3771,Erik Brown,vmoreno@gmail.com,2440556356,New Jeffreyton,CANADA
3772,Jamie Thomas,danielcollins@alexander.com,9565225549,West Mark,NA
3773,Ellen Cox,dylandavis@hotmail.com,5215152327,Wileychester,CANADA
3774,Alyssa Palmer,martinbrian@smith-bender.info,7742377396,North Katherineville,CANADA
3775,Christopher Key,crawfordchristopher@hotmail.com,3377518946,New Jessicashire,CANADA
3776,Danielle Smith,david43@yahoo.com,3328297198,New Tim,USA
3777,James Fischer,oknight@yahoo.com,,Juliehaven,U.S.A
3778,Patty Rodriguez,zlittle@petersen.com,8300034147,NA , UK
3779,John Horn,christopher54@yahoo.com,4428666773,Danielborough, UK
3780,Linda Mendoza,pbrown@gmail.com,6925141640,Vangport,USA
3781,Zachary Foster,normaayala@richards.com,8219464620,Troyton,NA
3782,Kim Knox,tanyamccall@gmail.com,3590127085,Port Tiffanyfurt,NA
3783,Zachary Maxwell,patricia50@chandler.com,4625293201,Alvarezton,U.S.A
3784,Austin Brown,dwilliams@hotmail.com,5759288902,Jaimeside,USA
3785,Kayla Campbell,nicholasbarry@hotmail.com,4959009827,Port Nancy, UK
3786,Wendy Macdonald,foxscott@hotmail.com,7125349338,Annton,INDIA 
3787,Joseph Walker,NA,1601466003,Petershaven,INDIA 
3788,Albert Allen,nguyenjoan@delgado.com,9694858638,North Lauraberg,INDIA
3789,Emily Rodriguez,adamcordova@gonzalez.org,2960993834,Murrayborough,U.S.A
3790,Mr. Juan Rodriguez,xbrown@gmail.com,6783675477,Rebeccamouth,NA
3791,Carolyn Allen,thomasporter@yahoo.com,7508264412,North Melissaland,USA
3792,Alyssa Porter,dflores@vazquez.com,,NA , UK
3793,Danielle Andersen,christianowens@yahoo.com,8734634660,Port Michael,CANADA
3794,James Lewis,robert95@snow.com,2518995434,New Stephenport,USA
3795,Kendra Bennett,gonzaleskevin@gmail.com,8300236369,Kathleenburgh,CANADA
3796,Courtney Hogan,megan37@hotmail.com,7975263453,Woodsland, UK
3797,Paul Webb,prattsamuel@hanson-stanley.com,8897763894,NA ,INDIA 
3798,Kenneth Brock,carol87@gmail.com,5674376194,Gomezhaven,USA
3799,Cynthia Harrison,marshallharold@cook.com,4474052792,Smithchester,INDIA 
3800,Matthew Frost,tracy74@hotmail.com,4497925668,West Richardfurt,INDIA
3801,Cynthia Perry,NA,1644697050,Buchananhaven,CANADA
3802,NA,amorgan@yahoo.com,9282024331,South Amandashire,INDIA
3803,Rebecca Curtis,thomasclarke@gregory.net,4322217212,Richardchester,CANADA
3804,Stefanie Castro,miguelharrison@higgins.com,,Hoodhaven,INDIA
3805,Jason Bryant,danielwright@lee-sanchez.com,,East Kimberlytown,USA
3806,Melissa Knight,NA,4845138759,Port Joseph, UK
3807,Nancy Black,megan86@gmail.com,5735764302,Lake Jillstad,USA
3808,Theresa Young,fmoore@clark.org,5270600876,South Jillland,U.S.A
3809,Julia Fowler,ypeterson@gmail.com,7742330462,Port Carolyn,INDIA 
3810,Timothy Johnson,jack13@miller.com,2173823315,Ericland,U.S.A
3811,Alicia Terry,justingolden@williams.info,3809393380,South Amanda,INDIA 
3812,Theresa Berry,weaverhannah@hotmail.com,5463647108,East Robertmouth,CANADA
3813,Melinda Lee,wilsonruth@hotmail.com,1264748042,Brianview,USA
3814,Cassandra Miller,cheryl08@lopez.net,9290263940,Nathantown,U.S.A
3815,Wendy Kline,patrickle@hotmail.com,8395339379,New Scott,USA
3816,Kim Wilson,martha29@briggs.com,7653281767,East Katherine,INDIA
3817,Lindsey Smith,james69@gmail.com,3339654304,Lake Rachel,INDIA
3818,Stephen Tucker,hillkim@gmail.com,1151068343,West Aaron,NA
3819,Carol Nelson,nicole68@miller-roth.info,7634345275,NA ,U.S.A
3820,Brenda Harrington,lisa98@gmail.com,1918011971,North Brendaville,INDIA 
3821,Carol Mcclure,hsingleton@yahoo.com,5545493933,South Jessica,NA
3822,Zachary Hudson,martinezbarbara@martinez-thomas.biz,9540010160,North Ashleyberg,U.S.A
3823,Jeremy Rice,wlopez@gmail.com,9462804388,Johnton,USA
3824,Lori Martinez,jharris@yahoo.com,9313462526,Baileyview,CANADA
3825,Matthew Ryan,mrodgers@avila.net,2363016304,Coxview,CANADA
3826,Deborah Graham,shaneorr@yahoo.com,8030126104,Samueltown,USA
3827,Rachel Martinez,lisa30@yahoo.com,1947030559,NA ,NA
3828,Cheryl Butler,NA,,NA ,USA
3829,Paige Crawford,garciaangela@rice.com,5331677257,NA ,INDIA 
3830,Laura Jackson,stephaniebryan@yahoo.com,2661279925,East Michaelstad,NA
3831,Sarah Green,jennifer60@gmail.com,5393572311,North Angela,INDIA
3832,Kenneth Dunn,christopherholmes@yahoo.com,,Thomasfort,INDIA 
3833,Caleb Mcdonald,brian11@hotmail.com,8347825430,Lake Michael,INDIA 
3834,NA,markchambers@haney.info,4426579378,Mcclainside,INDIA 
3835,William Freeman,NA,4507561823,Cherylmouth,CANADA
3836,Jennifer Ramirez,quinnjasmine@hotmail.com,4030524784,Stephenmouth,CANADA
3837,Kristen Ibarra,cristiannguyen@hotmail.com,1093676253,Burnsberg,NA
3838,Mrs. Rebekah Palmer,mark48@mcconnell-gentry.com,9131761793,Camachoburgh,USA
3839,Joshua Mcneil,makayla39@barnett-sandoval.net,6533402492,Joycetown,INDIA
3840,Michael Munoz,erica72@leonard.net,9224390002,Courtneyburgh,NA
3841,Rose Sullivan,ericjensen@hotmail.com,9934027836,West Robinport,INDIA
3842,Jamie Fletcher,dmcconnell@hotmail.com,6424489126,West Laura, UK
3843,Andrew Green,williamsjacob@mccarty-crawford.biz,7402917752,New Elizabeth,NA
3844,Chase Morris,galvanwalter@martinez.com,2776234456,East Michelle,INDIA
3845,Gary Wallace,connieroberts@yahoo.com,1341489546,Cruzchester,CANADA
3846,Donna Cervantes,victor20@yahoo.com,3746845567,New Aprilfort,INDIA 
3847,Jeffrey Turner,sarah36@yahoo.com,3389202034,Smithville,INDIA 
3848,Brian Garcia,henrymorris@hotmail.com,2737810172,Lake Victor, UK
3849,Mark Bowen,donjohnson@patterson.com,7704805846,Jacobshaven,USA
3850,Danielle Mcconnell,NA,,Leslieshire,INDIA
3851,Jeffrey Ayala,katherinesullivan@davis.com,,East Michelle,CANADA
3852,Emma Clark,kennetharnold@todd-sanchez.biz,3806736819,Diazshire,NA
3853,Jeffrey Bell,NA,5486109866,South Brittney,CANADA
3854,Todd Ruiz,rebeccajones@watkins-warner.com,7007007920,Rickyview,U.S.A
3855,Dominique Rivera,jwillis@odonnell.com,6947381266,Port Brandi, UK
3856,Eric King,briangarcia@aguirre-leonard.org,5618551108,NA ,INDIA
3857,Lauren Lee,melendezchristopher@mccarthy.biz,,Maxwellborough,NA
3858,Natalie Hoffman MD,jarvisalicia@yahoo.com,1278414203,West Briantown,INDIA
3859,Ashley Kim,joshua96@watts-johnson.info,1096036340,Lake Gregoryburgh,CANADA
3860,Jonathan Moss,ccarter@anderson-garcia.com,,Warrenstad,INDIA
3861,Andrea Lynch,jennifergutierrez@graves.com,5608682062,New Lisaport,INDIA 
3862,Mr. Justin Wagner,barry47@mitchell.com,7638994459,NA ,NA
3863,Melissa Rodriguez,annagarner@stanton.info,8019951600,NA , UK
3864,Jasmine Francis,deannaallen@cohen.com,1836115354,West Laura,U.S.A
3865,Brian Moore,gabriela72@butler.com,2949343267,North Chelseastad,NA
3866,Andrew Matthews,kenneth79@yahoo.com,2677694751,Port Chadburgh,NA
3867,Martha Carroll,franklinrichard@hays.com,5906799866,Emilyburgh,INDIA
3868,Andrea Ward,jsimon@silva.net,2320028929,East Maxwellport,INDIA
3869,Anne Suarez,hendersonsara@jones.com,5403356540,Gomezhaven,NA
3870,Lisa Gomez,jmata@maynard-tucker.com,2814485853,Santosshire,INDIA 
3871,Jennifer Mccarthy,stacy81@curry.com,1511563406,New Michelle,NA
3872,Christy Thomas,rodriguezdonna@yahoo.com,7051714033,Stricklandside, UK
3873,Monique Bryant,pricemichael@yahoo.com,2608905163,South Sharonfort,CANADA
3874,Mr. John Odom,brian80@brooks-sullivan.org,4662046863,West Michellehaven,U.S.A
3875,Jonathan Mcdonald,scottfriedman@gmail.com,1690726699,East Edwardchester,INDIA 
3876,Sarah Pineda,abrown@hotmail.com,3011354210,Katherinebury,INDIA
3877,David Lam,josegomez@olson.biz,1675208265,Johnsonland,NA
3878,Steven Watson,nleblanc@gmail.com,4027625382,South Sarahmouth, UK
3879,Scott Skinner,jasonwagner@yahoo.com,9499512098,New Christopher,INDIA 
3880,Matthew Chapman,patriciaholmes@taylor.biz,6532837072,South Dean, UK
3881,Dr. Amber Gonzales MD,tracy08@hill.com,9331097095,Hallberg,USA
3882,Alfred Koch,williamssheri@hotmail.com,2456520248,West Brianbury,INDIA 
3883,Todd Hawkins,leslierussell@yahoo.com,,Lake Christianside,INDIA 
3884,Jacqueline Santos,villegasjohn@yahoo.com,5180729527,East Coryview,NA
3885,Sara Scott,ajohnson@wagner-garza.com,9659605887,Lake Samantha,NA
3886,John Zamora,lynn55@gmail.com,2478058610,Port Johnchester,NA
3887,Priscilla Whitehead,brownandrew@garcia.org,2230867765,West Brandon,INDIA 
3888,Jill Hernandez,pbeard@yahoo.com,6072762425,South Donald,CANADA
3889,Kevin Davis,mbrewer@stephens-sims.com,5804190760,North Tim,NA
3890,Craig Shaw,maryyates@gmail.com,5102565303,South Williamtown,CANADA
3891,Travis Ford,douglas88@gmail.com,7917044453,NA ,USA
3892,Timothy Miller,nicholslisa@walker-williams.org,8817461545,North Christine, UK
3893,Ronald Le,nicholasthompson@collins.com,6425458896,Willishaven,U.S.A
3894,Scott White,elizabeth57@bradley.com,4852602635,East Karen,NA
3895,Karen Wright,steven38@ellison-waters.com,5461160034,Lake Karenport,INDIA 
3896,Keith Baker,william69@hotmail.com,9034290943,North Audreybury, UK
3897,Luis Warner,cwest@hawkins.org,1653074029,Beardland,INDIA
3898,Elizabeth Brown,watsonkim@gmail.com,9322789285,Ryanview, UK
3899,Vanessa Adams,leonard85@gmail.com,2461117853,Crystalborough, UK
3900,Colin Park,lindsey02@farmer-hayes.com,4391295385,Port Debraberg,NA
3901,Lori Hill,gleonard@hotmail.com,9408015631,Haleberg,INDIA 
3902,Kenneth Sandoval,david90@hotmail.com,4619173478,Lake Denisefurt,USA
3903,Katherine Rocha,xparker@hotmail.com,9152916905,East Gabrielton,USA
3904,Calvin Barrett,amymcmahon@gmail.com,2765913597,New Ashleefurt,CANADA
3905,Leah Nelson,jenniferhudson@king.info,9834068602,Michaelberg,INDIA
3906,John Cline,owenstiffany@gmail.com,6900099713,Katherinehaven,NA
3907,Victoria Lowe,amullen@yahoo.com,4970450939,NA ,U.S.A
3908,Chelsea Ruiz,NA,1768122354,Montgomerytown,INDIA
3909,NA,novakjonathan@gmail.com,1066040828,Port Philipside,INDIA
3910,Melissa Martinez,nmaddox@yahoo.com,5048912644,Kimberlyside,NA
3911,Jerry Bailey,emily63@walter-davenport.org,7650116376,Lowerytown,INDIA 
3912,Jacqueline Bell,barbaraperry@roberts-hernandez.com,,New Megan,USA
3913,Jesse Richardson,amy68@hotmail.com,,North Danielberg,CANADA
3914,David Ferguson,davisvanessa@lynch.org,6594104869,South Robert, UK
3915,Jamie Bell,emilyperez@yahoo.com,1954752630,North Brian, UK
3916,Richard Moore,cbrennan@yahoo.com,7131085910,North Anthony, UK
3917,Regina Oconnor,ndalton@gmail.com,7767083647,East Kristen,USA
3918,Tina Lewis,lauragregory@gmail.com,,North Caleb,U.S.A
3919,Jason Torres,paullawson@ward.com,9915404964,Morrischester,U.S.A
3920,Tyler Stone,greggmatthews@burke.com,,Lake Christiantown,INDIA
3921,Donna Carrillo,shelley10@hunt.com,2087542176,Port Brian,CANADA
3922,Molly Chung,dalewood@price.biz,1689655044,Lake Vickie,USA
3923,Ashley Nelson,umartin@thomas.biz,7571219497,Lake Nicolebury,NA
3924,Misty Gamble,NA,2350706919,Michaelfort,NA
3925,Danielle Bailey,richard85@hanna.com,4396236407,Cervantesstad, UK
3926,NA,michael51@foster.com,2353163158,Lake Carriechester,INDIA
3927,Gina Beck,alex87@taylor.com,9124066265,South Kyle,INDIA
3928,Daniel Reynolds,jamestrevino@acosta-norris.com,6777361331,Jessicahaven,NA
3929,April Blake,brian65@moody-reyes.org,3130472455,West Barbarabury,INDIA 
3930,Brittany Wall,mgreene@gmail.com,5440459439,New Priscillaport,NA
3931,Melissa Snyder,chad78@yahoo.com,2376820999,NA ,USA
3932,Omar Brown,lori54@mclaughlin-beasley.org,9217758850,Peckside,INDIA
3933,Johnny Yoder,gtaylor@hotmail.com,6377130028,West Kellyshire, UK
3934,John Rodriguez,kathrynrodriguez@hotmail.com,3577163396,West Stevenmouth,USA
3935,Daniel Rivera,raymond66@gray-rivas.com,5539371100,North Danielmouth,INDIA 
3936,Tammy Stephens,robertwood@hotmail.com,2655241731,North Jefferyton,NA
3937,Julia Johnson,ogarcia@gmail.com,8727376236,Richardport,USA
3938,Jennifer Joseph,umorgan@allison-hernandez.org,1269262454,Martinmouth,INDIA 
3939,Christopher Harris,james06@yahoo.com,1136402555,South Cristian,CANADA
3940,Jerry Flores,moyerangela@gomez.org,7314090302,New Robert,USA
3941,Joshua Henderson,shelby00@keller.com,5551727804,South Benjamin,INDIA
3942,Anna Harvey,mark16@reed.com,5330763928,Debramouth,INDIA
3943,Amy Arroyo,jtorres@duncan-ellison.com,,South Kevinstad,INDIA 
3944,Tammy Buckley,hudsonkimberly@gmail.com,3386811963,Carlaburgh,INDIA
3945,Jesus Aguilar,ohenry@sims-hoffman.com,3472159488,Gilesland,USA
3946,Joseph Stokes,tiffany15@yahoo.com,,Marcville,USA
3947,Megan Lang,renee39@yahoo.com,8715119309,Jenniferhaven,U.S.A
3948,Brandon Rodriguez,pcastillo@alvarez.com,5667782510,East Derekburgh,INDIA
3949,Martin Smith,devon39@gmail.com,1831498710,Harperstad, UK
3950,Teresa Holloway,gwright@gomez.net,3017747594,Morenoton,NA
3951,Courtney Underwood,gonzalesmarcus@anderson.biz,4871710177,New Crystal,CANADA
3952,Andrew Chen,mcdanielamy@gmail.com,1967230119,Riosfort,INDIA 
3953,Dakota Moreno,NA,9405789641,New Lori,INDIA
3954,Victoria Booker,NA,8937773491,Port Brandi,U.S.A
3955,NA,grantcarol@cole.com,4190329966,Carolfurt,CANADA
3956,Tracey Jennings,mchoi@yahoo.com,3527523539,Port Russell,INDIA
3957,Nicholas Villegas,josephgarrett@mccormick.com,1878663056,Joyceborough,INDIA
3958,Andre Bell,stephen70@yahoo.com,7186218234,Samueltown,U.S.A
3959,Elaine Jackson,mdouglas@gmail.com,3070636501,Lake Kathleen,USA
3960,Amanda Farrell,tperez@hotmail.com,,North Diana,INDIA
3961,John Knight,audrey64@allen.com,7897554379,Allenstad,USA
3962,Samuel Hamilton,shari78@lynch-smith.com,3738948748,East Michael,INDIA 
3963,Thomas Hernandez,billy73@yahoo.com,6464919062,Johnsonborough,USA
3964,Benjamin Fernandez,uwagner@gmail.com,6044238423,Devinshire,INDIA 
3965,Jason Kirby,hendersonconnie@jackson.net,2530328382,East Timothy, UK
3966,NA,williamalvarez@gmail.com,3682028821,Laurenstad,INDIA 
3967,Alexander Gordon,wrightchristie@hanna.com,4536992655,Hartport,U.S.A
3968,Brittany Jones,fcastro@gmail.com,8747877777,Lake Breanna,NA
3969,Douglas Hicks,NA,9946682194,North Herbertfort,U.S.A
3970,Patricia Thompson,matthewlopez@kim.com,5121624939,West Lindseychester, UK
3971,Stephanie Kennedy,jennifergutierrez@salinas.com,4907075953,West Christopher,CANADA
3972,James Davis,michelewallace@garrett.com,1348135598,Lake Dorothy, UK
3973,Anthony Eaton,laurenmoss@hotmail.com,2565475189,West Heiditown,NA
3974,Harold Smith,youngmelissa@hotmail.com,6936963899,Michelleville,NA
3975,Melissa Ruiz,ogray@yahoo.com,7718630591,West Denise,USA
3976,Timothy Warner,abigail36@velez-villa.com,5262908439,West Sonya,NA
3977,Jennifer Smith,wilkinsjeffrey@bolton.com,6046570351,Angelicahaven,U.S.A
3978,Adrienne Gibson,erikavaldez@brown-graham.com,3766318237,Lunastad, UK
3979,Matthew Hardy,eatonmatthew@hotmail.com,9525691589,Port Katherinechester, UK
3980,Tony Arias,robertmoon@ewing.com,8239575957,East Travis, UK
3981,Victoria Powell,robertbeck@gmail.com,8188871737,Lake Donnastad, UK
3982,Nancy Hernandez,elizabeth59@gardner.com,1279173882,Port Stephaniestad,USA
3983,Valerie Elliott,tsavage@stevens.com,9487563012,Lake Amanda,NA
3984,Kathleen Barajas,amandamiller@estrada.com,6530934110,East Crystalmouth,USA
3985,Cole Carr,joneskelly@mclean.biz,3470567987,New Wayne, UK
3986,Cory Smith,zmcfarland@smith.biz,4878967722,West Hayden,INDIA
3987,Susan Frederick,ashleyhernandez@hayes.com,9426730704,North Abigail, UK
3988,Isabel Santos,tylerbowman@lewis.com,4472749445,Gilbertburgh,INDIA 
3989,Alison Austin,bowmanwilliam@wise.org,4401014913,Reedton,INDIA
3990,Susan Smith,walterjames@casey-ramirez.com,4024864339,Goldenland,INDIA 
3991,Dr. Tasha Scott,zbriggs@parker-johnson.com,,East Gregory,USA
3992,Natasha Flores,michaelcarlson@flores.com,7002621383,Wintersshire,U.S.A
3993,Richard Santana,jstuart@gmail.com,8571288956,South Davidport,NA
3994,Troy Gray,amandabrown@parrish.net,2561512932,Tiffanyborough,NA
3995,Joshua Day,davidgreen@pollard-terry.com,1642294003,NA ,INDIA
3996,Andrew Anderson,NA,8190719452,Lake Davidmouth,CANADA
3997,David Newton,jennifer46@gmail.com,3273974679,Simpsontown,USA
3998,Todd Griffin,louis52@yahoo.com,5305212769,West Joshuaview, UK
3999,Sharon Park,erindodson@french.com,5874750971,New John,NA
4000,NA,tracy44@lee.com,4352523887,East Aprilshire,USA
4001,Mary Glover,jenniferingram@jensen.com,5462234194,Valentineburgh,CANADA
4002,Kimberly Brown,mark86@hotmail.com,8479136986,South Jasonbury,INDIA
4003,Tracy Adams,cobbdanielle@owen.biz,2006309202,North Ericamouth,U.S.A
4004,Jonathan Murray,gilmorestacey@hotmail.com,9485983425,South Andrew, UK
4005,Robert Joseph,bcalderon@hotmail.com,8615931483,Grossberg,U.S.A
4006,Craig Zamora,robinsonwendy@williams.com,6690824233,West Justinbury,U.S.A
4007,Karen Bennett,brooke16@gmail.com,2496331134,Lake Thomasville,CANADA
4008,Elizabeth Page,kelli63@hotmail.com,8944775062,South Colleenborough,USA
4009,Isaiah Hernandez,noahstewart@carroll-perry.info,2593601243,Barryfurt,NA
4010,Jason Edwards,cassandrabrown@berg.biz,8117181391,Walkertown,INDIA
4011,Kelly Rodriguez,hvega@gmail.com,7387155849,Lisaland,CANADA
4012,NA,fergusonalexander@hotmail.com,6001308757,South Reneeberg,USA
4013,Amanda Davis,btorres@hotmail.com,7981137681,Ericahaven,NA
4014,Timothy Cooper,kellyheather@neal.com,9559360572,Vincenttown, UK
4015,Jeremy Conway,williamcobb@hotmail.com,8072961726,West Curtischester, UK
4016,Joseph Olson,johnsonbryan@yahoo.com,3968140773,Alexisborough,NA
4017,Thomas Johnston,brownlindsey@garrett-brown.com,5673848291,Lisaberg,U.S.A
4018,Brian Cook,jeffreyowens@hotmail.com,1364081969,Stevenmouth, UK
4019,Michael Bailey,michael48@yahoo.com,2264469756,Makaylafurt,NA
4020,Charles Ochoa,jeremy79@michael-wilson.com,2088160547,Madisontown,USA
4021,Deborah Martin,christophercarter@ball.info,,North Wesleyshire,CANADA
4022,Veronica Gilmore,qalexander@salas-pennington.org,8935853495,West Kimberlyville,INDIA
4023,Adam Cherry,kingrhonda@lopez-nunez.org,7910074554,West Michaeltown,NA
4024,Brittany Schneider,danajohnson@duran-rocha.com,7539061672,South Billymouth,CANADA
4025,Michael Chavez,nicholasgriffin@schultz.org,8067217643,Michaelmouth,INDIA 
4026,Devin Conrad,meganfranklin@gmail.com,1324939733,New Kristyberg, UK
4027,Dawn Herman,michaeltrujillo@gmail.com,8215956131,Lake Mary,U.S.A
4028,John Dunn,elizabeth07@lee-mcintyre.com,4670560012,South Brenda,U.S.A
4029,Rickey Russell,nealshawn@chase.com,2777645887,Lake Joseph,USA
4030,Angela Pena,pgardner@rodriguez.com,9519090257,North Rebeccaport,NA
4031,David Hinton Jr.,eberry@hotmail.com,7757563205,NA ,CANADA
4032,Jessica Knight,michael00@hotmail.com,2054813221,Port Lisaton,INDIA 
4033,Jodi Garcia,whitestephen@davidson.com,4939068200,East Krystalstad,INDIA 
4034,Elaine Miller,dustin04@leach.biz,7928134772,Port Deborah,INDIA 
4035,Jennifer Bennett,iyang@munoz.biz,2492785989,Port Lindaburgh,U.S.A
4036,Michelle Allen,NA,3431093964,Christopherburgh,USA
4037,Laura Bentley,derek59@brown.com,1263248162,Port Cameron,U.S.A
4038,Amanda Sherman,danielaaron@gmail.com,8294268578,Lake Keithside, UK
4039,Joanna Morrison,crystalhancock@martinez.com,5591480743,Jacobfort,NA
4040,Angela Jordan,hobbschristopher@suarez.com,8591686207,Johnsonberg,INDIA
4041,David Garcia,valerie90@martinez-costa.com,8915432600,Karlport,CANADA
4042,Cynthia Berger,upatterson@gmail.com,5255325639,Lake Lauren, UK
4043,Julie Dean,michael30@myers-garcia.net,3551315926,Masonport,NA
4044,Rachel Espinoza,samantharobinson@hansen.com,7125617899,North Brianchester,CANADA
4045,Benjamin Bryant,NA,,NA ,NA
4046,Peter Vega,katiemathis@hotmail.com,9455749144,Oliviafort,USA
4047,Kim Jackson,aprilmann@hotmail.com,4349045684,South Johnberg,INDIA 
4048,Carla Grant,kirbydavid@moran.com,4703161683,East Nicolefort,U.S.A
4049,Benjamin Willis,NA,7174325151,Lake Hannahfurt, UK
4050,Andrew Rivera,lisarobinson@medina-wyatt.biz,7953822663,Fisherfort,U.S.A
4051,Kevin Martin,NA,6846100365,Morenoland,CANADA
4052,Robert Dunlap,bevans@yahoo.com,6738425893,Port Marcus,NA
4053,Tamara Hart,janet05@yahoo.com,7218292296,South Jared,CANADA
4054,Brian Ramirez,sanchezlaura@ramirez.com,2805268044,Joelbury,NA
4055,Richard Smith,NA,,Lake Elizabeth, UK
4056,Veronica Burke,jonathan47@gmail.com,8074839366,NA ,INDIA 
4057,Melissa Potts,nolanadam@clark.com,4305721297,South Leslie,INDIA 
4058,Nathan Mitchell,NA,6406175465,Jacobston,USA
4059,Natasha Murphy,katherinemonroe@savage.net,7190492584,Andrewbury, UK
4060,NA,wvazquez@alexander.net,1343735677,Port Matthewmouth,CANADA
4061,Heidi Werner,steven99@gmail.com,4473965308,Davisstad,INDIA 
4062,Elizabeth Higgins,sanchezjoyce@gmail.com,6566848781,East Daniel,CANADA
4063,Lacey Howard,katherine75@hotmail.com,4493367345,NA , UK
4064,Megan Skinner,scottbauer@hawkins-jennings.com,7122537449,North Stacy,U.S.A
4065,Thomas Walker,zhangnicholas@brown.info,5477208967,North Scottport,CANADA
4066,Michael Jensen,campbellbrandon@gmail.com,3703429912,Lake Destiny, UK
4067,Stephanie Meyer,NA,3227410541,Port Ruthfort,NA
4068,Sierra Stevens,carriejensen@fleming-black.info,8723836550,North Megan,INDIA 
4069,Laurie Johnson,michellebrown@hotmail.com,3171439104,Harrisonville,USA
4070,Mark Rollins,nsims@clark.com,2246991716,Jasonbury,NA
4071,Wanda Mclean,cranematthew@baker.com,3463317823,Lake Jessica,U.S.A
4072,David Murphy,zhenry@gmail.com,9697700727,Johnsonberg,USA
4073,Destiny Fox,ehernandez@gmail.com,9552992514,Harrisland,INDIA
4074,Melissa Dunn,stewartconnie@aguilar-chapman.com,2268213695,Davisbury,INDIA 
4075,David Rivers,lauragibson@yahoo.com,3905080111,Williamsport,CANADA
4076,Mark Hamilton,thompsonjennifer@yahoo.com,4693981861,New Sierra, UK
4077,Oscar Valdez,edwardgallegos@hotmail.com,9479508510,Danielborough,USA
4078,Christopher Choi,brittanyjohnson@hotmail.com,4637793550,East Nancybury,U.S.A
4079,Donald Green,gary58@sexton.biz,8242841567,Lake Leslie,INDIA
4080,Jacqueline Salas,natalie25@hotmail.com,1377190032,East Timothyfurt, UK
4081,John Myers,sanfordmichael@gmail.com,7475441747,Port Marcuston,NA
4082,William Rodriguez,jennahawkins@smith-walker.info,7616844976,East Gary,U.S.A
4083,Elizabeth Perez,kevin98@gray.com,9906424077,West Seanhaven,INDIA
4084,William Sutton,harold34@dalton.org,6608402060,New Steven,INDIA 
4085,Eric Jimenez,alicia84@gmail.com,9677654711,Mcbridehaven,INDIA
4086,Jennifer Wilson,jennifer35@yahoo.com,8569797685,Nicholasside,USA
4087,Joshua Brooks,scottamy@yahoo.com,6472090816,Williamsstad, UK
4088,Stephen Mcguire,kwinters@hotmail.com,1997391473,South Samuel,U.S.A
4089,Shannon Griffin,youngdavid@gmail.com,5240797804,South Sarahport,CANADA
4090,Margaret Turner,hector63@gmail.com,6849179415,West Debraton,U.S.A
4091,Olivia Francis,jamieevans@weber.info,8478881536,Taylorhaven, UK
4092,Christopher Hines,robertorichards@gmail.com,,Kelleyborough, UK
4093,Danielle Douglas,alexisacevedo@yahoo.com,7403184456,Richardshire,INDIA
4094,Mrs. Katherine Alexander,NA,4385034672,West Theresa,INDIA
4095,Melissa Martinez,rcollins@yahoo.com,5634637557,Horneshire,USA
4096,David Merritt,steven69@yahoo.com,2152167455,NA ,NA
4097,Trevor Estrada,jeffrey93@yahoo.com,9486916843,North Kevin,U.S.A
4098,Molly Johnson,loganfranco@lane-wolf.com,8088675735,New Andrewbury, UK
4099,Donald Anderson,dflores@carney.info,5271958438,Port Melindamouth,NA
4100,Angela Oneal,dodsonanita@yahoo.com,3459913747,Braunfurt, UK
4101,David Taylor,joseph60@hotmail.com,8423614473,Novakfort,INDIA
4102,Rachel Myers,fsnow@mitchell.com,8625300066,NA ,U.S.A
4103,Austin Evans,agilbert@brown-anderson.com,3377597685,Roberthaven,U.S.A
4104,Kathryn Thompson,csims@anderson-morse.com,5823651989,New Kelly,USA
4105,Patrick Lewis MD,eperry@hotmail.com,8435812399,Barkerport, UK
4106,Samantha Thompson,samuelcampbell@castro-lamb.com,4898739776,North Ashley,USA
4107,Virginia Romero,smithshannon@lopez-maxwell.com,5188854410,Kimton, UK
4108,Luke Coffey,haynesbernard@hotmail.com,9159659737,Howardton,INDIA 
4109,Theresa Randolph,yolanda90@gmail.com,2795570499,Claytonbury, UK
4110,Erik Wheeler,mariechapman@rivera-hoover.com,2037573903,Port Robert,INDIA
4111,Dr. Bonnie Johnson,ashley65@moody.com,5145414636,South Ritaburgh,INDIA 
4112,Joshua Kennedy,richard19@le.com,4750063210,Hoffmanview,INDIA
4113,Kiara Hooper,johnwilliams@diaz.com,1943142700,Clarkburgh,NA
4114,Melissa Smith,campbellchristopher@yahoo.com,,Johnview,INDIA
4115,Harry Hunter,jodirobertson@rivera-moore.com,8612059004,Lake Curtis,U.S.A
4116,Raymond Webb,cervantesmichael@gmail.com,5848741713,Robinport,U.S.A
4117,Jay White,mmora@yahoo.com,2845249946,New James,INDIA 
4118,Miranda Fox,christophergarcia@yahoo.com,9112449457,Lake Kimberlymouth,CANADA
4119,Julian Montgomery,gabrielle29@weeks-dougherty.com,3721257964,East Rebecca,USA
4120,Brett Mcguire,christina61@yahoo.com,2986117146,New Gary, UK
4121,David Green,sara72@yahoo.com,6300328163,Poncechester,INDIA 
4122,Jessica Knight,vgray@glass-johnson.com,1881789181,Martinezfort,INDIA 
4123,Kimberly Lee,chall@hotmail.com,,Gabrielberg,INDIA 
4124,Samantha Jackson,angela84@mcintyre-roberts.com,6696207770,East Kiaraborough,CANADA
4125,Sandra Henry,figueroachristopher@gmail.com,8375619685,Jimenezville,USA
4126,Erin Richardson,zmorris@warner-morales.com,4337768503,Tammyborough,USA
4127,James Kemp,jessicadelgado@chang.com,4256487167,Ashleybury,INDIA 
4128,Rachel Simpson,rrivera@hotmail.com,7968304877,Jacksonmouth,CANADA
4129,Paige Morgan,amanda90@walters.com,2292494789,Lake Nathan,USA
4130,Michael Smith,rodgersblake@hoover.com,2461476666,Sarahburgh,NA
4131,Mark Mcbride,NA,2294142609,New Victoriaberg,USA
4132,Mike Cooper,plee@hotmail.com,9742341556,Port Jeffreyport,INDIA
4133,Karla Steele,sean81@gmail.com,1380405476,Michaelshire,NA
4134,Kathleen Chandler,albert97@cooper.com,1041675875,North Staceyland,INDIA
4135,Wendy Mccullough,umoody@hotmail.com,,Joshuaborough,NA
4136,Joseph Rojas,danielfrazier@rush.org,2628281919,New Daniel,NA
4137,Vincent Case,marilyn01@martinez-watkins.net,7682215918,Johnsonhaven,CANADA
4138,Angela Willis,NA,4481291313,Smithborough,INDIA 
4139,Mrs. Rachael Reid MD,erikrogers@velazquez.com,2807235980,Myersland,U.S.A
4140,James Baker,woodkathleen@thomas-walters.com,,Michaelport,NA
4141,Debbie Hammond,kellyshelton@warren-robertson.com,3694045899,New Erin,INDIA 
4142,Kathleen Lyons,leeanthony@yahoo.com,1831290589,Dannyberg,NA
4143,Mark Moore,stacey27@kane.com,2909745679,Jonberg, UK
4144,Kelly Gonzalez,melissa87@hotmail.com,8322971736,Frazierport,INDIA 
4145,Paul Ross,ophillips@rangel.org,1277564423,Collinsview,USA
4146,Timothy Hart,alexander86@gmail.com,,Lake Mckenzieland,U.S.A
4147,James Robinson,blairmegan@yahoo.com,3662239043,West Christopherport,USA
4148,Zachary Ochoa MD,weaverrandy@williams.com,2548079550,Christopherville,USA
4149,NA,james64@hopkins.org,,Webermouth,CANADA
4150,Kenneth Stuart,hollandjohn@yahoo.com,3452023466,South Johnton,CANADA
4151,Jessica Peters,jerry18@chan.com,1310348701,Bergfurt,NA
4152,Katelyn Robinson,kellerandrea@maldonado.com,,Dayborough,INDIA
4153,Jordan Campbell,joel19@gmail.com,6515937474,East Lisaburgh,CANADA
4154,Amanda Willis,bobbytorres@hotmail.com,2038990339,East Gordon,CANADA
4155,Mary Alvarez,qcooper@brown-jacobs.com,7424196551,Torresfort,U.S.A
4156,Craig Wagner,emilygamble@lewis.com,4514816441,Ochoaside, UK
4157,Monique Knapp,jamesrobinson@gmail.com,6787934700,South Kylemouth,INDIA
4158,Katherine Orozco,walkerstacy@yahoo.com,,New Emily,NA
4159,Ashley Cohen,tmelton@yahoo.com,1631372443,Hardingmouth,INDIA 
4160,Michelle Jones,natalie70@jennings.com,4510053920,Christopherborough,USA
4161,Daniel Taylor,kerry54@gmail.com,2320466268,Staceyton,U.S.A
4162,Gloria Young,harrissavannah@jackson-coffey.com,6310873389,Lake Paulview,INDIA 
4163,Aaron Ewing,diana49@owens-torres.biz,2889097118,Lake Georgemouth,CANADA
4164,Sandra Barnes,debrahodges@yahoo.com,5855771363,Nelsonburgh,CANADA
4165,NA,qharris@hernandez-maldonado.org,3003401110,East Veronicafurt,USA
4166,Erin Warren,danielhahn@hotmail.com,,Phillipborough,INDIA 
4167,NA,carrie87@peterson-cox.com,6478949682,NA , UK
4168,Benjamin Conley,boonemichele@yahoo.com,5122008688,East Darleneside,CANADA
4169,Jason Mccormick,barberalexander@morris.net,5189178941,Andrewville, UK
4170,Kelsey Simpson MD,melvinbishop@yahoo.com,6012994576,Devinton,INDIA 
4171,Kimberly Castillo,garciaemily@mullen.org,5129596693,Jeremychester,INDIA 
4172,Cody Nguyen,jill72@hotmail.com,7781355451,South Nicolebury,U.S.A
4173,Donna Flynn,nhartman@jimenez-grant.com,5323540852,Lake Jasmine,NA
4174,Angela Adkins,hollygallagher@harper.info,8228269487,Lake Kellichester,INDIA 
4175,Cheryl Mendoza,rachel14@hotmail.com,7569981350,Lake Dustintown,USA
4176,Walter Hudson,jeremiah38@hotmail.com,4605216183,Lake Robertland,NA
4177,Lisa Faulkner,douglasperry@yahoo.com,7756290599,Priceland,NA
4178,Kim Davis,martinezlori@parrish.net,2397428374,South Robert,USA
4179,Daniel Hamilton,kristina35@yahoo.com,7343631666,Port Timothy,CANADA
4180,Carolyn Henderson,john13@gmail.com,9565840381,North Anthonyville,NA
4181,Alexander Sanders,colemanjesse@woods-johnson.com,,South Jason,U.S.A
4182,Kenneth Smith,cdyer@mcconnell.org,6050478237,Justinview,USA
4183,David Fletcher,patriciabarnes@fritz.com,1907421077,NA ,CANADA
4184,NA,bradleydonna@davis.org,7999188226,Michaelaborough,CANADA
4185,Alexandria Hull,vturner@hotmail.com,8330060212,Lyonsmouth,NA
4186,Nicole Singleton,ashley36@johnson.com,4805577462,Kennethberg,INDIA
4187,Cheryl Blackburn,barryvalerie@murphy-ayala.com,8113578030,East Kaylafurt,INDIA
4188,Wendy Perez,sara95@cain.com,3416078145,Davidport,NA
4189,Thomas Taylor MD,stevenshepherd@gmail.com,8081468037,South Kimberlytown,CANADA
4190,NA,hollandbryan@gmail.com,4443614171,Katherinefort,NA
4191,Shelley Holmes,gregory27@jones-adams.com,,Cynthiahaven,INDIA
4192,James Bailey,gardnerchristina@johnson.net,3819483488,Phelpston, UK
4193,Timothy Spears,dwaynetaylor@hotmail.com,3943068300,Angelatown,NA
4194,Karen Gutierrez,antoniosavage@long-brown.biz,,West Ryanmouth,USA
4195,Stacey Duran,debra49@gregory.com,7298240549,Davidburgh,INDIA 
4196,David Chung,danajoyce@martin.net,7228616902,Kimton,NA
4197,Christy Holloway,reillyjavier@mooney.com,8399796322,New Steven,CANADA
4198,Wendy Gordon,lindaboyd@carlson.com,6663197037,Palmermouth,CANADA
4199,Stanley Travis,garciagary@cervantes.biz,7400381908,North Megan,NA
4200,NA,jamesmathews@douglas-johnson.com,7545504827,Evanview,U.S.A
4201,Jessica Hudson,westeric@gmail.com,9557722496,Obrienmouth,U.S.A
4202,Bailey Sloan,melissa31@joseph.biz,5084909835,Youngberg,INDIA
4203,Joel Wood,qbrown@gutierrez.biz,7235662379,South Calebside,USA
4204,David Carson,john88@mitchell.com,,West Jessicaland,NA
4205,Bonnie Lewis,lewistiffany@yahoo.com,9824546986,Lake Logan,NA
4206,Steven Riggs,walkerwilliam@yahoo.com,8849160915,Mooreland,INDIA
4207,Michael Buchanan,jonathanjackson@gmail.com,5121538513,Port Patrick,CANADA
4208,Eric Smith,vashley@gmail.com,1206586245,Danielberg,CANADA
4209,Eileen Herrera,harrisonmichelle@gmail.com,7104442895,North Emily, UK
4210,Angel Berry,pcarlson@waters.com,8694090664,Alejandroberg,U.S.A
4211,Brittney Robinson,anna66@hotmail.com,6767824833,Wrightport,CANADA
4212,Brent Ray,cdavis@yahoo.com,4070240679,North Amandaborough, UK
4213,Annette Terry,tammyholmes@yahoo.com,1318333454,Port Thomas,CANADA
4214,David Rodriguez,iarroyo@yahoo.com,8140323238,Peggyhaven,NA
4215,Jennifer Gardner MD,monique45@williams.com,5862672956,Andreamouth,INDIA 
4216,Denise Brown,stephaniebates@gmail.com,6440767396,Floresmouth,USA
4217,Robert Montoya,mark98@yahoo.com,2916925457,Ryanmouth,NA
4218,Devon Carter,erinarnold@gmail.com,4272839674,Boothchester,INDIA 
4219,Jennifer Phillips,kaylahicks@hotmail.com,3637367678,Lake Anthonyshire,U.S.A
4220,Jordan Brown,lisajones@hotmail.com,7140508918,New Patricia,INDIA
4221,Valerie French,bakerandrew@cannon-berg.org,1930587765,Frederickshire,INDIA 
4222,Nichole Green,forbeschristina@smith.com,,New Steven, UK
4223,Courtney Ward,NA,1816581360,New Benjaminchester,U.S.A
4224,John Acevedo,fthompson@conway.com,2059359397,Lake Melindaberg,NA
4225,Sarah Hernandez,kathleenwarren@schneider.com,1446882439,East Steve,INDIA
4226,Andrew Sullivan,breannaramirez@beck-barry.com,,Johnnyville,CANADA
4227,Michael Beasley,ngriffin@yahoo.com,2583046896,West Amberchester,USA
4228,Brian Stuart,valerie69@gmail.com,3374108338,West Stephanie, UK
4229,Michael Harvey,wwells@johnson.org,3268191736,South Paul,USA
4230,Vincent Payne,debra43@hotmail.com,2834978412,Bennettport,INDIA
4231,Joshua Baxter,susan21@yahoo.com,2181382778,Floresmouth,U.S.A
4232,Carol Wood,NA,4065761764,Lake Craigton,U.S.A
4233,Anna Gonzalez,kimberlyhanson@hotmail.com,1939759334,North Manuel,NA
4234,Carlos Cole,aaron56@flynn-wright.com,9616503047,Port Scottview,INDIA
4235,Jeanette Farrell,NA,2437224548,West Kathleenview, UK
4236,Kenneth Yoder,maryphillips@romero.com,7587154155,Alanport,INDIA 
4237,Stacy Perez,nwebb@hotmail.com,3442442409,Port Charles, UK
4238,Colton Bullock,grossalyssa@riley-marks.com,9410656040,Briggsfort,NA
4239,Rebecca Nicholson,iowen@michael.info,9259328173,Brownbury,CANADA
4240,Dr. Julie Romero,dixonmarvin@gmail.com,8598672885,Thompsonhaven,NA
4241,Tiffany Parks,nicholasjohnson@yahoo.com,7881790370,Grossside,NA
4242,Robert Davenport,gjackson@gmail.com,3357859423,Michaelburgh,INDIA 
4243,Debra Richards,smarshall@vargas.info,1256923459,East Emilyview,INDIA
4244,Rachel Taylor,sarahwhite@brown.com,8004131238,Hansenshire,U.S.A
4245,Ryan Jacobs,joseph71@gmail.com,4854729198,Seanchester,CANADA
4246,Randy Weaver,lgibson@gmail.com,,East Markmouth, UK
4247,Mr. Aaron Robertson,sandra59@daniel-burke.info,7155888304,Anthonyton,CANADA
4248,Mr. Bradley Hanson,wdurham@yahoo.com,4081611468,Allisonberg,U.S.A
4249,Alexander Williams,sherry99@yahoo.com,2075876407,New Juliehaven,U.S.A
4250,Kristen Harris,kimheather@wells.com,9165614563,Valdezmouth,INDIA 
4251,Elizabeth Gardner,gabrieledwards@gmail.com,1864630903,East Lindsay, UK
4252,William Ramirez,NA,9129107504,West Jasonshire,USA
4253,Grace Fischer,nathanielsnyder@hamilton-cantrell.net,1396589072,Lake Dennisbury,USA
4254,Victoria Miller,daviesmichelle@white.com,3094423119,Port Stacy,INDIA
4255,Dr. Nathaniel Allen,iyork@banks-gregory.info,8811301411,New Jenniferborough,INDIA 
4256,Sara Montoya,victoriagordon@ball.biz,6571233508,NA ,USA
4257,Jeffrey Fleming,shannonfigueroa@yahoo.com,5065498822,Johnsonhaven,CANADA
4258,Tom Russell,charles17@brown.biz,9803963416,Moorestad,USA
4259,Tracy Green,joycefelicia@yahoo.com,6532032931,New Jeffrey,INDIA 
4260,Maria Reyes,david08@hall.com,8581999167,Lake Brettbury,INDIA 
4261,Teresa Duarte,bjackson@hotmail.com,6738788616,Port Robert,CANADA
4262,Ryan Merritt,lopezkaren@yahoo.com,4516464966,Port Todd,INDIA
4263,Shelly Hayes,ucrane@glass.com,6960508162,North Oliviaside,USA
4264,Jermaine Moody,bettyshaffer@hotmail.com,3094406625,West Kennethview,USA
4265,Brooke Cervantes,stewartjeffery@wolf.biz,3703948122,West Aliciachester,U.S.A
4266,Jordan Cunningham,michelledavis@salazar.net,4389352984,Petersonborough,U.S.A
4267,Jared Taylor,russellcervantes@hotmail.com,3269565214,West Brenda,USA
4268,Jessica Ramirez,tsmith@hotmail.com,5201346497,Lake Julia,CANADA
4269,Michelle Anderson,hendersonanthony@brennan.com,6146512905,Justinmouth,INDIA
4270,Mr. Alex Reynolds MD,oscarharris@hotmail.com,5813256993,Port Micheleberg,INDIA
4271,Judy Myers,savagecrystal@gmail.com,8489617943,Phelpsland,USA
4272,Jacqueline West,mccarthykrystal@hotmail.com,,NA ,CANADA
4273,Russell Soto,david59@gmail.com,7265143345,Robertbury,U.S.A
4274,Rebecca Hawkins,jackieeaton@hall.info,2274165302,Lake Connorstad,U.S.A
4275,Angela Haley,NA,,Joshuahaven,CANADA
4276,Mark Cline,theresafrazier@greene.com,8981426768,Port Donna, UK
4277,Nicole Hansen,dgallegos@hotmail.com,3346158738,Port Kimberly,INDIA
4278,Julie Barry,wigginsannette@hotmail.com,6610410225,Tammyborough,NA
4279,Jason Ross,ryanharris@hotmail.com,1365707739,South Aprilstad,NA
4280,William Gonzalez,ryanrusso@gmail.com,3040387353,New Rachael,USA
4281,NA,melinda29@zhang.info,5762108504,Lake Lisa,INDIA 
4282,Timothy Johnson,richard36@yahoo.com,1723785747,Port Abigailville,U.S.A
4283,Julie Vang,umcgee@gmail.com,5333033777,Port Lisa,INDIA 
4284,Alexandra Turner,stacyjones@smith-lynch.com,1265221306,Parkerhaven,INDIA
4285,Tara Kennedy,marie64@hotmail.com,8185995695,Shannonport,CANADA
4286,Michelle Owen,NA,1854016232,Charlesmouth,USA
4287,John Chandler,christopher94@schneider.com,9435920389,Lauraburgh,U.S.A
4288,Linda Casey,xduncan@love-williams.com,6104521492,Solisland, UK
4289,Jessica Jones,amanda37@king.net,1237456675,Donaldberg,CANADA
4290,Brian Harrison,angelavalencia@lee-garcia.com,,East Sarah,NA
4291,Francisco Garner DVM,sandovaljill@davis-walsh.com,8804025846,Gabriellatown,INDIA
4292,Cynthia Wong,kaufmanzachary@cross-adams.com,9934341950,Lewisbury,U.S.A
4293,Dylan Richardson,elizabethbush@hotmail.com,8611557975,Burnettmouth, UK
4294,Nathan Smith,brian53@hotmail.com,7988989852,New Emilyton, UK
4295,Christopher Scott,maria32@anderson.biz,9326114953,New Debbietown,INDIA 
4296,Emily Sandoval,kperry@austin-miller.biz,8276929844,Port Thomaston,U.S.A
4297,Randy Moon,whitakerjennifer@hotmail.com,9888041327,Paulhaven,U.S.A
4298,Kayla Keller,schneiderlisa@martin.com,8146521480,Nicolashaven,INDIA
4299,Mario Lam,ricky50@hotmail.com,8279589914,Jessicamouth,NA
4300,Taylor Harvey,qgarcia@rivera-miller.biz,3680131526,Lake Brandon,USA
4301,Erik Barton,markturner@schneider-rice.info,4717893747,South Christine,INDIA
4302,Michael Thomas,abigail40@hotmail.com,3280263915,Bakerton,U.S.A
4303,Ryan Humphrey,lwise@yahoo.com,5877647976,Keithside,INDIA
4304,Christopher Wyatt,sarasantiago@hardy-fritz.com,3839331472,East Christopherbury,U.S.A
4305,Christina Freeman,harmstrong@lozano.net,9526528491,Davistown,USA
4306,Brandon Jordan,millerjoseph@hotmail.com,5637348628,Georgefurt,U.S.A
4307,Ashley Dawson,sara94@arias.com,1846709410,Hannahbury,INDIA
4308,James Lucas,scarter@yahoo.com,1627032584,Adamsberg,INDIA 
4309,Jose Flowers,josephalexandra@sloan.com,7416518930,West Jaclyn,INDIA 
4310,Curtis Lewis PhD,xfitzpatrick@palmer.com,9374352387,Michaelbury,U.S.A
4311,Tracy Moss,brownthomas@gmail.com,3985856203,South Scottfurt,U.S.A
4312,Emily Clark,dhansen@trujillo-ruiz.org,5297559602,Paulville,INDIA 
4313,Joel Chambers,bentleyjean@jimenez.org,7432283019,Shahborough,INDIA 
4314,Larry Johnson,kkhan@taylor.org,1157880559,East Danieltown,INDIA
4315,Emily Smith,morganrobert@gmail.com,5303650553,South Samantha,CANADA
4316,NA,qbarker@yahoo.com,7629844235,Jimmyland,INDIA 
4317,Randy Thomas,davidjohnston@swanson.com,5085970940,Port Margaret, UK
4318,David Day,imoran@hotmail.com,5413747318,North Soniafurt,INDIA 
4319,Diana Oliver,nathan43@roberts.com,3366335682,West Sarahmouth,NA
4320,Brian Campos,savagekimberly@nelson-cross.info,2419679413,East Andrea,CANADA
4321,Stephanie Stevens,romanwesley@herrera.net,6764899687,East Jeffrey, UK
4322,William Salinas,nicoletorres@conley.info,7697965331,Davidville,NA
4323,Diana Chang,thomasgregory@ryan.com,7542543788,NA ,INDIA 
4324,Frank Schultz,jevans@sanders.info,,Lewistown, UK
4325,Adam Hall,shortalexander@rodriguez.biz,8132008672,North Charles,USA
4326,NA,ellisonlarry@williams-moore.com,4548433438,South Tanya,CANADA
4327,Patricia Peterson,blairmatthew@reed.com,7454084740,Port Kim,U.S.A
4328,Daniel Adams,ahenry@gmail.com,3173141429,Lewistown, UK
4329,Corey Frost,bbrown@hotmail.com,,East Wyattport,CANADA
4330,Alexandra Nunez,dakotawaller@watts.biz,4658042520,West Kimberly,U.S.A
4331,Joseph Hernandez,csantiago@yahoo.com,2206614642,North Andrea,U.S.A
4332,Kyle Fischer DDS,colejeffrey@lopez.info,9693940502,Port Marcusfurt, UK
4333,Thomas Williams,justinwheeler@gmail.com,1676600070,Williamsbury,INDIA
4334,Carol Henderson,annawagner@harrison.biz,2795645161,Pamelafort,U.S.A
4335,Erik Savage,NA,7536314513,Port Kara, UK
4336,Amy Thompson,maldonadobenjamin@yahoo.com,4973198894,Freemanville,U.S.A
4337,Andrew Moreno,NA,9931186689,Kyleton,U.S.A
4338,Douglas Beck,ajones@rodriguez-horton.com,8720033371,Port Jennifer,USA
4339,Joseph Fox,karmstrong@hotmail.com,9216977796,Joshuafurt,INDIA 
4340,Christopher Burgess,megan04@welch-johnson.com,1378555594,North Gregoryport, UK
4341,Monica Murphy,jessicamorris@gmail.com,3397529143,West Jameston,USA
4342,Renee Carr,derek60@harrell-munoz.net,7797827449,Catherinetown,USA
4343,Taylor Byrd,larsenjeffrey@collins-wilson.com,8274703032,East Sarahton,USA
4344,Brian Scott,keithhubbard@williams-guerrero.com,2786612735,East Christopherburgh,INDIA 
4345,Melissa Quinn,rhondayang@allen.info,8953395741,Kirkfurt,INDIA 
4346,Jason Mcclure,edward37@gmail.com,1440776829,NA , UK
4347,Charles Clark,richardsoncourtney@williams.com,8326530801,West Jennifershire, UK
4348,Tony Higgins,qsmith@chen.info,1750987973,Port Ryanberg, UK
4349,Natalie Hurley,john37@wagner-watts.com,9624755020,West Paula,INDIA 
4350,Jacqueline Lee,evanstimothy@gmail.com,5356939091,Lindachester,INDIA
4351,Latasha Williams,erin95@brown.net,7132965407,Spencerland,NA
4352,Mary Woods,tbarrett@rodriguez.biz,7863459474,Evansberg,INDIA 
4353,Charles West,harold27@watson-banks.com,4728305181,Ianberg,NA
4354,Gregory Klein,brett09@perez.com,3082621586,Port Matthewfurt,INDIA
4355,Valerie Lee,scott81@long.biz,,North Timothy,INDIA
4356,Cassie Russell,ashleedickerson@gmail.com,6299259979,NA ,USA
4357,Daniel Harris,don85@swanson-sanders.com,9719034649,West Justinmouth,U.S.A
4358,Jennifer Armstrong,jamescline@yahoo.com,2528595774,North Anthonyport,CANADA
4359,Kyle Clark,blake41@gmail.com,2436490786,Karatown,INDIA
4360,Trevor Miller,atkinsaimee@yahoo.com,6074550325,North Jennifer,INDIA
4361,Leslie Brown,jalvarez@chapman.com,4405939335,West Stephen,U.S.A
4362,James Shepard,NA,2478138056,East Eduardoview,NA
4363,Ronald Carroll,peterjackson@gmail.com,3489544281,Shellyport,U.S.A
4364,Ashley Peters,bharrell@cruz-clark.net,3106876069,Port Holly,INDIA 
4365,Sharon Hardy,NA,3909883091,Emilyshire,NA
4366,Donna Miller,tonya62@owens.biz,,Austinchester, UK
4367,Denise Howard,valeriekeller@hotmail.com,2391381077,Wallacemouth,U.S.A
4368,Tiffany Morris MD,kklein@yahoo.com,5515076362,West Douglas,NA
4369,Melissa Saunders,cheryl50@hotmail.com,9378248514,New Angelaport,NA
4370,Jamie Roman,portermark@hotmail.com,5462992644,Jameschester, UK
4371,Deborah Montgomery,mitchelladam@hernandez.com,8937985689,Fernandezton,U.S.A
4372,Brenda Woodard,jreyes@larson.com,7974663701,Ianside,CANADA
4373,Stacey White,natasha78@leonard.info,1467301973,Lake Sandra, UK
4374,John Stewart,ajuarez@gmail.com,3118393836,Sheilaberg,NA
4375,Adam Allen,martinmichael@hotmail.com,8872479934,Ashleyshire,CANADA
4376,Dr. Jim Dominguez DDS,andrew85@gillespie.net,3457199503,West Johnburgh,USA
4377,Pamela Higgins,yvette27@yahoo.com,7526140694,Beckmouth, UK
4378,Ryan White,pennymitchell@hotmail.com,6398767394,Beckland,CANADA
4379,Kara Ho,nicole18@hotmail.com,8768919159,South Sharonberg, UK
4380,Courtney Hart,owoodard@hoffman.com,9496327827,North Brianland,USA
4381,Tyrone Cannon,charlesschmidt@yahoo.com,3343774852,Guerreroview,CANADA
4382,Karen Henry,robertwilliams@hotmail.com,2894720249,New David, UK
4383,Matthew Kennedy PhD,farrellmark@gmail.com,4041459327,New Benjamintown,CANADA
4384,Michael Smith,asanchez@gmail.com,8982994961,New Samantha,INDIA
4385,Heather Campos,owelch@wiley.net,4779916117,Howardland,CANADA
4386,Jennifer Rhodes,jacksonadams@gmail.com,,New Sethbury,U.S.A
4387,Christopher Meyer,frederickpena@yahoo.com,3630724694,West Kylefurt,CANADA
4388,Dawn Douglas,sarahardy@gonzales-mcclain.org,2223639051,Port Carlbury,U.S.A
4389,Tiffany Miranda,johnny98@yahoo.com,4533473331,Wilsonside,U.S.A
4390,Victoria Wilson,martinezrichard@hotmail.com,9691246176,NA , UK
4391,NA,NA,7306586870,North Sarah,INDIA
4392,Michael Perry,jenniferward@rollins.biz,7012483009,East Bradley,CANADA
4393,Lisa Anderson,jeffrey03@yahoo.com,3813847853,Oconnorborough,USA
4394,Jose Smith,NA,7364109798,South Michael,NA
4395,Mary Fuller,harrisluis@yahoo.com,2463108615,Christopherview, UK
4396,Christopher House,cwilliams@dixon.com,1161271108,Edwardsmouth,USA
4397,Victoria Wilson,groberts@gmail.com,,Michaelborough,INDIA
4398,Christopher Barber,jerryconner@hayes.com,1577863401,Brettfort,USA
4399,Katherine Hernandez,leematthew@lee.com,5899201046,NA ,CANADA
4400,Susan Barnett,johnstonevelyn@hotmail.com,9105064129,Annside,U.S.A
4401,Nathan Hughes,angelawhite@gmail.com,7589232292,West Stevestad,INDIA
4402,Lindsay Navarro,NA,2544660014,West Cassandramouth,NA
4403,Michelle Fletcher,rebecca62@gmail.com,5105314790,East Deborah,INDIA 
4404,Kimberly Parker,kaitlyn15@yahoo.com,7819021940,Katiefort,NA
4405,Angela Herrera,bryantchristine@yahoo.com,4284796034,Angelatown,U.S.A
4406,Rebecca Baker,ashley73@hotmail.com,8858720183,Deleonmouth,U.S.A
4407,Catherine Tran,nortonevan@wiggins.info,8899565098,South Mark,U.S.A
4408,Theresa Wright,ocrane@sanders-reeves.org,8083627352,Roachstad,U.S.A
4409,Sharon Tucker,christopher23@miller.com,5577232859,Schmidtburgh,INDIA
4410,Shannon Clark,arroyoashley@alvarez.com,5466943568,Brendaborough,NA
4411,Joseph Moore,donnamejia@brown.com,1730845760,New Traceychester,NA
4412,Derek Simpson,richard80@durham.com,3386141805,Haynesmouth,U.S.A
4413,Christopher Gutierrez,jhansen@hotmail.com,3848262114,Port Caitlin,U.S.A
4414,Linda Camacho,dwilliams@hotmail.com,8375068787,Jordanfort, UK
4415,Emily Boyd,jake01@guerra.info,4603130119,Hillburgh,U.S.A
4416,Erin Foster,oconway@thompson.net,3789519182,Spenceborough,U.S.A
4417,Jacob Reed,sarahgreen@lee.com,5425689704,East Makayla,NA
4418,Joe Cox,randystark@yahoo.com,5979206004,NA ,NA
4419,Mark Crane,dnewman@thomas.biz,5481464514,Christopherview, UK
4420,Christopher Whitaker Jr.,tracyyoung@yahoo.com,7818319812,NA , UK
4421,Jordan Brooks,pdavis@cox.com,6558874517,Bradleymouth,USA
4422,Philip Hill,fosterjessica@gmail.com,1316432098,Lake Amberview, UK
4423,Tyler Burns,NA,2491122239,NA ,U.S.A
4424,Manuel Diaz,patrickwelch@grant-coleman.biz,6432874880,Joshuamouth,U.S.A
4425,Ariel Rosales,johnsonalyssa@yahoo.com,4891816539,North Jamesfurt,NA
4426,Mrs. Lisa Baker,brittneyfry@yahoo.com,8659805130,Lake Douglas,INDIA 
4427,Michael Ramsey,murrayamanda@miller.org,,Gibsonstad,NA
4428,Mrs. Cynthia Mullen,renee76@lopez.com,2625289786,Frederickfort,USA
4429,NA,sware@hotmail.com,3464785968,Susanstad, UK
4430,Joan Harris,afreeman@hotmail.com,3583034106,West Jamestown,INDIA
4431,Justin Foster,moralesamy@moore-harris.net,8326631329,Port Markberg,INDIA 
4432,Gary Lucas,yorkcharles@hotmail.com,7642771882,Lake Darinshire,NA
4433,Karl Cisneros,ecox@clark-franco.com,7191161258,South Marcusberg,INDIA 
4434,Tina Gregory,morrisonomar@simmons.com,8661366634,NA ,INDIA
4435,Brittney Hernandez,NA,8249344984,West Jesse,USA
4436,Amanda Weber,michellemcintyre@yahoo.com,9959527339,Jamesshire,INDIA
4437,James Love,spencerscott@gmail.com,8794951406,Smithville,CANADA
4438,Zachary Leonard,kristenshields@hodges.com,7087415488,Tuckerhaven,INDIA 
4439,Troy Vasquez,gene53@yahoo.com,7535553221,Thomasside, UK
4440,Robert Reed,josephmoore@hotmail.com,9436120925,New Joseph,USA
4441,Lisa Smith,morganjason@martin-lewis.com,2068966970,Paultown,NA
4442,James Woodard,lowerylaura@nguyen.org,8418268010,Lake Brandonmouth, UK
4443,Lisa Riley,andrewdavis@cunningham.org,6120452718,North Bryan,CANADA
4444,John Lee II,sanderscurtis@rodriguez.info,1842781395,East Kristin, UK
4445,Kathleen Skinner,taramontes@daniel-bartlett.com,2102121214,Kimberlychester,USA
4446,Keith Krueger,tina77@yahoo.com,3332275205,Ryanland,USA
4447,Donna Bell,joshua73@martin-jones.com,4905580665,Cherylport,U.S.A
4448,Eric Rodriguez,mccoykimberly@wells-jones.com,1763778067,Pierceview, UK
4449,Holly Robinson,kimberly57@ballard.info,8673637820,North Ryanborough,NA
4450,Brenda Greene,xjohnson@gmail.com,6131154006,Keithbury,INDIA 
4451,Katherine Suarez,brian07@wagner.net,8468642188,Dawntown,INDIA 
4452,Jennifer Gallagher,morrisjanice@sanchez-duran.com,2573766917,East Brittanytown,INDIA
4453,Gabriel Barton,andreagray@gmail.com,8981830556,Owenston,INDIA
4454,Donna Atkins,ericcox@yahoo.com,4438736106,Jessicaville, UK
4455,James Vargas,mbond@yates.info,1792507474,East Patrick,USA
4456,Shelly Kane,dominguezcrystal@gmail.com,6199307166,Valeriechester,U.S.A
4457,Sheila Martinez,patriciaanderson@lewis-mendoza.com,9659108678,Lauraville,INDIA
4458,Andrew Frey,aguilarkimberly@yahoo.com,6952351463,Bullockside, UK
4459,Christopher Walls,rodgerscody@yahoo.com,2707223372,Cruzchester,U.S.A
4460,Michael Smith,NA,5222938555,Port Jessicashire,USA
4461,Natasha Franklin,jeffreycaldwell@hotmail.com,2623346114,South David,CANADA
4462,Tommy King,bstrickland@gmail.com,3668455383,Paigestad,INDIA
4463,Kathleen Howard,skinnerantonio@bates-jones.com,3739638674,North Reginaville,NA
4464,John Mueller,bennetttracey@thompson.com,9335750250,Blaketon,NA
4465,William Jackson,katherine20@harrell.com,7805200146,New Karenton,NA
4466,James Montgomery,NA,9501671476,Josephside, UK
4467,Randy Elliott,huynhjames@acevedo-woods.com,3128948673,New Tanner,U.S.A
4468,Jared Long,matthew02@jenkins.org,3204897672,Wrightview,USA
4469,Amanda Harris,langrussell@hotmail.com,2728649359,New Josephhaven, UK
4470,Albert Cruz,curtis69@hotmail.com,,South Nicholefurt,NA
4471,Aaron Guzman,zrice@sharp.info,1915410525,Nataliechester,U.S.A
4472,Kayla Reeves,mguzman@mclaughlin.com,4776591307,South Michael,USA
4473,Christine Perez,robertblackburn@gmail.com,2743716907,Brownmouth,INDIA
4474,Jason Pacheco,tracy31@gmail.com,7580531342,Lake Johnfort,USA
4475,Annette Carr,robertalvarado@hotmail.com,7817861835,East Collinville,INDIA 
4476,Destiny Bernard,goldenteresa@johnson.biz,1357320694,Jenkinsview,U.S.A
4477,Victoria Heath,onguyen@hamilton-mosley.biz,4516744585,Wallborough,NA
4478,Kathleen Beltran,williegrant@kelley.com,2967342216,New Mark,INDIA 
4479,Kara Brandt,mcculloughjuan@camacho.org,3023233484,Taylorville,U.S.A
4480,Mark Klein,NA,,New Shawnland,NA
4481,Dawn Matthews,meganford@yahoo.com,7250691933,Margaretmouth,U.S.A
4482,Gloria Edwards,ncoffey@yahoo.com,2455740148,Martintown, UK
4483,Christopher Gardner,rcollins@vaughn.net,8613584594,Poolemouth,INDIA
4484,John Fisher,griffinandrew@gmail.com,1928167933,East Lisafort,INDIA
4485,Vanessa Miller,anitahanson@hotmail.com,5991376583,East Michael,CANADA
4486,James Curry,vanessagarza@yahoo.com,2840451901,North Daltonside,NA
4487,Alexis Bray,garciamarcus@mathews-moore.net,,South Loganberg,U.S.A
4488,Chad Wright,kmartinez@frazier.info,,Claytonview,USA
4489,Timothy Mendoza,hmorris@gmail.com,7750995715,Amyberg,U.S.A
4490,Russell Garrett,gcollins@kennedy-fitzpatrick.com,8012768269,East Jenniferview,INDIA 
4491,Linda Williams,ipena@duarte-mills.org,6509444586,Lake Davidchester, UK
4492,Joseph Bradley,lthomas@gmail.com,9659724466,Lake Mariostad,INDIA
4493,Steven Goodman,sheilahamilton@brandt.org,2044920951,Rodriguezmouth,U.S.A
4494,Kathy Gonzalez,loganlauren@carson.com,7540117968,NA , UK
4495,Adam Bennett,pgriffith@beck-chen.com,7051384119,Smithland,U.S.A
4496,Jeffrey Frederick,jameshunter@howard-romero.com,5041776769,Martinezburgh, UK
4497,Anna Gonzalez,wmendez@reeves-greene.com,9920570078,South Marisa,INDIA 
4498,Mia Cain,NA,,New Jessicafurt,INDIA
4499,Laura York,velazquezzachary@rodriguez.com,4859615799,Davidberg,USA
4500,Melissa Baker,norma74@jones-schmidt.net,4249232988,Rogerchester,U.S.A
4501,Kevin Wilson,ujenkins@bennett.com,2488450783,Gomezhaven,NA
4502,Lisa Richardson,turnersavannah@hotmail.com,5601855992,North Kellyshire,USA
4503,Daniel Zamora,mmay@gmail.com,2630237779,North Matthewbury,INDIA 
4504,Adam Campbell,anathompson@simpson.com,3554627080,Lake Jessica, UK
4505,Erica Hammond,maryjones@martinez-greene.com,8924700195,Williamburgh, UK
4506,Steven Schmidt,lawrence82@gmail.com,7847979497,Candiceton, UK
4507,Pamela Willis,phillip43@anderson.com,3202960930,Lake Jeremyton,INDIA 
4508,Anthony Williams,mayermegan@jackson-young.com,3951496375,Port Ryanview, UK
4509,Robert Smith,mark93@hotmail.com,,Miguelside,NA
4510,Bryan Wiley,robertaali@johnson.com,1739043433,Courtneyshire,INDIA 
4511,Scott Mitchell,lori17@yahoo.com,5731867117,NA ,INDIA
4512,Steven Vaughn,howardcasey@jordan-jones.info,8320590020,Jacksonbury,CANADA
4513,NA,catherine61@hotmail.com,6564610374,NA ,INDIA
4514,David Fisher,oburton@yahoo.com,1762625231,East Michael,CANADA
4515,Jon Abbott,dfreeman@bennett.com,3214694942,New Tonyafurt,INDIA
4516,Natalie Anderson,handerson@smith.com,7941134712,Schwartzfort,NA
4517,Kathleen Fuller,whiteelizabeth@collier.com,,Doughertymouth,USA
4518,Ryan Jones,robertolsen@rodriguez-hawkins.com,4402397926,Vanessastad, UK
4519,Karen Wolfe,douglasdawn@yahoo.com,,Yeseniaberg,CANADA
4520,Shannon Malone,perryleonard@davila.net,,Kellyshire,USA
4521,Ashley Schneider,jason97@gmail.com,,Deborahberg,NA
4522,Douglas Brooks,oscarflynn@gray.info,3011701525,Hodgeburgh,U.S.A
4523,Alicia Garrison,dorothy28@hotmail.com,,NA ,U.S.A
4524,NA,gary76@yahoo.com,,Bakerhaven,INDIA
4525,Meghan Jennings,daniel46@gray.com,9467752141,Mitchellberg,INDIA
4526,Michael Avila,angielee@anderson.com,8407484792,Johnland, UK
4527,Elizabeth Dougherty,aguirrelisa@gmail.com,8465363253,NA ,NA
4528,Hannah Klein,daniel06@miller.com,8424521212,New Kyleshire, UK
4529,Brittany Mcneil,longtabitha@kline-roman.com,3956214089,East Nicoleview,USA
4530,NA,hendersonbrenda@gmail.com,2374452811,Port Thomasfurt,INDIA
4531,Vanessa Miller,adonaldson@hotmail.com,4265565387,North Ronald,INDIA 
4532,NA,NA,8217541239,Stephenchester, UK
4533,Megan Caldwell,simmonsleah@gmail.com,6894420583,South Melissa,USA
4534,Michele Hoffman,carterricardo@gmail.com,3208100721,Laurastad, UK
4535,Stephen Marshall,alexiscole@gmail.com,7736031449,Kellybury,INDIA 
4536,Dawn Patel,vchoi@gmail.com,2026178001,Lake Christopherfort, UK
4537,Angela Hudson,ugarrett@yahoo.com,9297003362,Brianafurt, UK
4538,Nicole Turner,henrysingleton@gmail.com,7125553143,Codyfurt,NA
4539,Mark Marshall,alexandra85@gmail.com,6652892970,Melissastad,CANADA
4540,Gina Garrison,tracyrose@yang-dougherty.com,4426900436,Rachelborough, UK
4541,Sandra Barrett,zamorarobert@keller.biz,4846428664,Lopezshire,NA
4542,Rachel Hamilton,paul72@grant.org,5107482612,NA ,USA
4543,Kimberly Oliver,mikenunez@hotmail.com,2721559874,South Sarahchester,CANADA
4544,James Willis,andrewhobbs@young.org,7532229380,North Brianchester,INDIA
4545,Nathan Thomas,marcopaul@lopez.com,8921967604,New Nicole,INDIA 
4546,Brandon Young,tyler69@yahoo.com,6690153782,Lake Jackmouth, UK
4547,Jessica Watson,dawnhicks@gmail.com,1749173707,North Russellburgh, UK
4548,Eric Rogers,tashley@parker.com,9059976711,Raymondfort,U.S.A
4549,Jessica Lozano,jcook@ramos.info,9526379583,North Chadtown,NA
4550,Tammy Castillo,rebecca03@hotmail.com,4079139656,New Victoria,CANADA
4551,Sabrina Bass,logancolleen@yahoo.com,7271400606,Patriciashire, UK
4552,Melissa Bridges,williamallen@jarvis-acevedo.org,1088011772,West Jamesmouth,NA
4553,Michele Bright,misty97@bishop.info,7880917580,NA ,INDIA 
4554,Justin Martin,lramirez@gmail.com,6244071583,NA ,NA
4555,Megan Bautista,benjamin79@hotmail.com,1637979527,East Allison,U.S.A
4556,NA,frederick97@miller.biz,9055641962,NA ,INDIA 
4557,Ryan Martin,NA,8433231776,North Teresa,NA
4558,Amanda Blackburn,NA,5997928321,Larryfort,CANADA
4559,Melissa Cole,ayalaabigail@ramsey-stevens.biz,6796269121,South Chelsea,NA
4560,Michele Smith,rsparks@hotmail.com,4937027294,Gallagherfort,INDIA
4561,Pam Brown,clinecrystal@gmail.com,9478701855,Rodriguezfort, UK
4562,NA,fsolomon@hotmail.com,5043630306,Jamesbury,INDIA 
4563,Dylan Mason,karen78@gmail.com,5591680347,East Jessehaven,INDIA
4564,Dawn Stone,chadharper@donaldson.com,9113054454,South Chrisshire,U.S.A
4565,Michelle Hurley,morenodonald@cervantes.biz,4045664216,Stephenmouth,INDIA
4566,Kelly Gates,cfarrell@johnson.com,3176150434,Tonihaven,CANADA
4567,Christine Alexander,marshmarcus@hotmail.com,9578290916,North Hailey,NA
4568,Denise Gutierrez,mark82@park.net,5719079656,Petermouth,NA
4569,Christina Cooper MD,elizabeth33@gmail.com,,Barronchester,CANADA
4570,Robert Weaver,hoganjohn@yahoo.com,1136058482,North Scott,NA
4571,Pamela Holloway,zsoto@yahoo.com,1019763392,Hansenland,INDIA
4572,Sabrina Morrison,gchung@gmail.com,4008287162,Waltonborough,NA
4573,Miss Stacy Jordan DDS,pcherry@yahoo.com,6456607404,Tammyside,USA
4574,Traci Butler,qbrown@davidson-allen.net,2141020134,North Sean,INDIA
4575,Ryan Bass,ann83@yahoo.com,,NA ,U.S.A
4576,Scott Alvarez,paul93@gmail.com,3909811441,North Elizabethport,CANADA
4577,Brian Booth,melissa39@fleming.com,8875393841,Jillland, UK
4578,Andrew Harris,gregoryochoa@jones.com,4900705526,Kevinstad,U.S.A
4579,James Martin,greenebrian@kelly-herman.com,1553160278,Port Brandon,INDIA
4580,Sharon Howell,bensonkristie@gmail.com,3723450742,New Jamesbury,CANADA
4581,Amanda Stephens,huntrobert@gmail.com,6231068430,Port Donaldbury,CANADA
4582,Maria Ramirez,christinewallace@campos.net,3767840233,Yatesmouth,INDIA
4583,Amy Brown,jeffrey27@howard.com,8992060951,Robinville,USA
4584,Shawn Estrada,williamsjamie@hotmail.com,7719062440,Ryanmouth,NA
4585,Bradley Mitchell,joseph16@hotmail.com,4947707217,Wagnerside,INDIA 
4586,Michael Ramsey,icampos@yahoo.com,6080006039,East Luke,CANADA
4587,Clayton Hayes,deansean@chandler.org,7604178584,Edwardsborough, UK
4588,Stephen Davis,natalie20@gmail.com,4352894096,NA ,NA
4589,Danielle Navarro,andersonjerome@cannon.org,3275411429,New Elizabeth,CANADA
4590,Jennifer Jones,jacobssara@hotmail.com,,Monicaburgh,U.S.A
4591,Sara Nguyen,caldwellmichael@yahoo.com,4836351958,Brocktown,CANADA
4592,Theresa James,NA,8781836374,Lake Stanleytown,NA
4593,Stuart Ward,mccoymichael@bennett.net,7805785982,Andrewmouth,NA
4594,David Wang,valerie09@hotmail.com,2491622163,Stewarttown,CANADA
4595,Robert Lee,valerie41@yahoo.com,1197037151,Hammondbury,CANADA
4596,NA,gregory69@ballard.com,7209389751,Carlaside,USA
4597,Henry Sexton,tryan@yahoo.com,8754081021,Martinmouth,U.S.A
4598,Daniel Alvarez,wallfelicia@ortega.com,9020298143,North Lisaport,CANADA
4599,Ann Ward,gallen@thompson.biz,9804918492,North Tamara, UK
4600,Jamie Christian,NA,,New Paul,CANADA
4601,Debbie Hooper,sschneider@johnson-west.biz,2854059812,Lake Brian,CANADA
4602,Christina Zuniga,muellerkatherine@smith.org,,Adamsfort,CANADA
4603,Damon Schultz,brian46@gmail.com,6106888013,Madelinebury,INDIA 
4604,Charles Sullivan,uday@french.biz,4250087969,West Brandon, UK
4605,Tony Marshall,acostaeugene@yahoo.com,,South Stevenstad, UK
4606,Susan Hill,florestina@grant.com,8515065588,Port James,INDIA 
4607,John Valentine,swansonhenry@yahoo.com,8754229119,Bradleyland,U.S.A
4608,Dennis Thomas,jcardenas@chambers.biz,5269443146,South Zacharyland,U.S.A
4609,Matthew Holt,david31@taylor.biz,1948822295,Hernandezshire,USA
4610,Laura Phelps,annthomas@faulkner.com,,Lake Ronald,CANADA
4611,Charles Drake,margaretgross@gmail.com,9464564098,East Gregory,CANADA
4612,Thomas Barr,patricianash@rodriguez.com,4223762691,East Jessica,CANADA
4613,Paul Brown,jramirez@brown.com,9480963388,South Terryfort,U.S.A
4614,Michael Gentry,patricia64@hotmail.com,8554826463,Jacksonchester,CANADA
4615,Christopher Duran,jonesdarlene@morgan.com,6036247383,Williamville,U.S.A
4616,Drew Harris,clarkpatty@yahoo.com,8366132907,Anthonyburgh, UK
4617,Charles Garcia,mayojonathan@hotmail.com,3045861280,East Alexanderland,NA
4618,Bryan Gonzalez,llambert@weber-alexander.com,6773732231,Michaelberg,NA
4619,Deborah Phillips,jennifermartinez@bautista.com,,Port Cory,INDIA
4620,Andrew Kim,NA,1891053128,Port Danielmouth,CANADA
4621,Mr. Caleb Schwartz,mholland@hotmail.com,6674897650,New Davidbury,U.S.A
4622,Tyler Acosta,chasebrenda@barber.com,1557382775,Luisville,CANADA
4623,Krista Craig,NA,1799605634,Moraleston,INDIA
4624,Christina Rodriguez,kylie93@williams.net,2967525050,North Paige,USA
4625,Kenneth Hanson,NA,3439905913,Martinezbury,INDIA
4626,Jennifer Anderson,stokesdebra@yahoo.com,7449707830,NA ,INDIA
4627,Sabrina Johnson,sydney53@gmail.com,9638873821,Johnstonfort,USA
4628,Marisa Gilbert,leslie18@gmail.com,6637831826,Brennanburgh,NA
4629,Randy Miller,owillis@blake.org,2062783190,East Melissaville,USA
4630,Luis Bailey,campbelljoyce@gmail.com,4524119043,Lake Jamesfurt,NA
4631,Jeremy Reyes,hgordon@gmail.com,7564822600,Melodyfort,INDIA 
4632,Craig Morales,mlambert@sutton.com,9668818842,South Jonathan,USA
4633,David Moses,cookdominique@yahoo.com,1443335930,East Courtney,CANADA
4634,Cory Jones,schmidtjonathan@roach.info,1184065043,West Carolport, UK
4635,Anna Park,NA,9214640673,South Deborah,U.S.A
4636,Lisa Rodgers,michaelwong@davis.com,1248139874,Jenniferton, UK
4637,Tracy Smith,ramoschristina@walker.org,6694357773,Lake Danielleborough,INDIA 
4638,Arthur Morse,NA,5415218805,Port Susan,USA
4639,Christopher Tucker,carldavis@gmail.com,3839896499,North Christopher,NA
4640,Michael Ferrell,alechester@everett.com,2695847885,Marshallberg,INDIA 
4641,Rachel Torres,sandra69@yahoo.com,,West Davidton, UK
4642,Michelle Garcia,christopherbrown@hotmail.com,2074832169,Garciaton,INDIA 
4643,Jose Long,opearson@lewis-wong.com,5804575846,South Rebeccahaven,CANADA
4644,Jeremiah Cunningham,juliegonzalez@boyle-fernandez.info,1403591688,Snyderside,INDIA
4645,Hayley Jensen,NA,9311094468,Mayview,INDIA
4646,Arthur Jones,jessesmith@gmail.com,3272227143,Lake Jerryfurt,INDIA
4647,Thomas Rodriguez,ujackson@hotmail.com,7907168427,Williamport,USA
4648,Vickie Mueller,christina73@mcconnell.info,9019753490,Port Heathertown,NA
4649,Kathryn Mercer,katherinehenry@hotmail.com,8316531142,Port Ronaldview,USA
4650,Paul Martin,allisonhess@gmail.com,9185508848,North Spencerchester,NA
4651,Joseph Valdez,NA,3183965137,East Johnborough,INDIA 
4652,Jennifer Sanders,trevor82@blair-owen.com,5161145989,Nicolebury, UK
4653,Sarah Mejia,justin10@yahoo.com,,New Jeffrey,NA
4654,Dr. Brandi Spence,daniel29@yahoo.com,9242133591,South Carlview,CANADA
4655,Russell Rowe,deborahspencer@gmail.com,9087748664,North Ericahaven,CANADA
4656,Teresa Price,banksmichael@livingston.biz,8293767097,South Daniel,CANADA
4657,Michelle Summers,cjohnson@love.com,9235879432,Cobbview, UK
4658,Hailey Washington,manningalexander@robertson-soto.org,,Amandaview,INDIA 
4659,Amanda Hensley,hunterdaniel@nelson.net,7873109342,Melissaland, UK
4660,Melissa Bishop,xclements@woods-thompson.com,2939872783,NA ,INDIA 
4661,Nicole Gonzalez,amberpalmer@yahoo.com,5871966365,Jamesmouth,NA
4662,Tammy Brown,dianerobinson@park.com,7200841360,Rogersville,CANADA
4663,NA,ellislisa@bush.info,5597513911,Olsenville,INDIA 
4664,Karen Thompson,xgarcia@hotmail.com,5854425686,NA ,USA
4665,Tina Jones,myates@brown.com,2015536857,Atkinsonview,U.S.A
4666,Donna Jones,halldustin@garcia.info,3741730840,North William,CANADA
4667,Danielle West,rachelhunter@hart.com,8711342249,Cherylport,INDIA 
4668,Michael Santana,schultzchristopher@shaw.com,2615096301,NA ,INDIA 
4669,Tina Carter,bridget88@francis.com,3407000546,Sarahburgh,USA
4670,Matthew Richardson,hickssophia@hotmail.com,9429153982,New Jamie, UK
4671,Robert Martinez,randy82@torres.com,7132643968,Port Edwardfort,INDIA 
4672,Thomas Phillips,jamesgonzalez@foley.info,,Port Jennifer, UK
4673,Andrew Klein,efaulkner@brown-kelly.com,6170814007,South Williamburgh,CANADA
4674,Joel Mcdaniel,thomasjeffrey@russell.com,,NA ,INDIA
4675,Joel Nelson,mriddle@barnett-underwood.net,5618039993,Richardland,NA
4676,NA,leslie98@hotmail.com,6303640695,Port Kyle,CANADA
4677,Theresa Miller,aaron35@hotmail.com,7578053038,Gabrielchester,U.S.A
4678,Courtney Lam,stephanie30@yahoo.com,6566634166,North Matthew,USA
4679,Teresa Nichols,kyle32@chan.com,9878448474,West Charlene,CANADA
4680,Allison Adams,NA,9019560481,Garciaview,NA
4681,Ashley Gonzalez,keith27@hotmail.com,3562326196,Franklinfurt,INDIA
4682,Abigail Holder,NA,6328568772,West Joseberg,U.S.A
4683,Ronald Harrington,jason07@harrison.com,4954825456,New Thomasland,CANADA
4684,Tracy Rodriguez DVM,manuelsmith@stewart-jackson.org,,North Thomas,U.S.A
4685,Mrs. Kimberly Everett,natasha91@jackson.com,6153875321,North Mackenzie,CANADA
4686,Shannon Roberts,diana11@mccullough.info,9865742841,Jesuschester,CANADA
4687,Jeffrey Chung,awilliamson@compton-bautista.com,5865845352,Port David, UK
4688,Kenneth Ortiz,nsnow@yahoo.com,4629076511,Walkerchester,CANADA
4689,Tyrone Ashley,vsutton@gmail.com,1006387561,Zacharychester,INDIA
4690,David Russo,edwardmartin@yahoo.com,2344101339,North Peggyville,NA
4691,Tracey Rowland,NA,7287390764,Dorisstad,USA
4692,Kevin Reynolds,jonessusan@baldwin-garrett.net,4997877569,Hunterhaven,INDIA
4693,Andrew Summers,jamie14@edwards-jackson.com,9435743833,Lake Markborough,USA
4694,Robert Simpson,dawn97@perez-harper.biz,4962039541,North Pamelamouth,NA
4695,NA,evansjoseph@gmail.com,3305369114,East Staceymouth,INDIA 
4696,Matthew Mathis,andrewshaw@yahoo.com,1276729517,Sweeneyhaven, UK
4697,Ashley Graham,sarahthomas@yahoo.com,1230008140,Port Alyssastad,CANADA
4698,Samantha Martinez,jenniferyoung@thomas-morales.com,,Port Debraberg,CANADA
4699,Angela Cohen,herbert59@torres.biz,7182405326,Scottmouth,INDIA
4700,Paula Mendoza,josebrown@hotmail.com,3933926080,Lindsayside,U.S.A
4701,Rebecca Campbell,emily81@bartlett.com,5291976235,Melissaport,USA
4702,Roy Burton DVM,NA,4499369417,Katieport, UK
4703,Jose Smith,allison22@coleman.org,4620794272,Port Amandachester, UK
4704,Keith Vargas,kbyrd@ware.info,7532740311,New Alicia,NA
4705,Alicia Johnson,wburgess@smith.com,3186460546,Aaronhaven, UK
4706,Danny Warren,ariana09@jimenez-sellers.net,8679505565,Parkfurt,USA
4707,Elizabeth Hamilton,nicholas77@gmail.com,3105883043,Courtneyborough,INDIA 
4708,Debra Johnson,alexandermichael@yahoo.com,7182738983,North Brookeberg,USA
4709,Michelle Guerra,buchanansara@cox-moore.com,7871456295,East Sandra,U.S.A
4710,Dominic Cox,gkennedy@yahoo.com,9388208275,New Michael,INDIA
4711,Katie Gomez,oking@yahoo.com,1803347629,West Jorgeton,CANADA
4712,Donna Thompson,kyle24@johns.com,,South Meganborough,USA
4713,Maria Hernandez,tiffany50@hotmail.com,5262301673,Christinaside,INDIA
4714,Jasmine Thomas,mwilkerson@hotmail.com,6401132003,Kevinport,NA
4715,NA,kylemartin@coleman.com,2389341369,South Robert,NA
4716,Caroline Potter,mgriffith@lin-manning.org,9526732683,New Robertland,INDIA
4717,Clifford Garcia,dreynolds@hotmail.com,6472826813,Port Josestad,INDIA 
4718,Jennifer Flores,jonathanwolfe@skinner.info,9016579866,South Deannachester,USA
4719,Michael Sutton,cristianevans@yahoo.com,5779421213,East Anthonyport,CANADA
4720,Elizabeth Larson,klowe@jackson.com,2771427513,North Natalieland,NA
4721,Michelle Jones,heidi12@hotmail.com,6678044790,Greertown,CANADA
4722,Denise Welch,lsweeney@yahoo.com,6209508747,Port Scott,NA
4723,Ryan Rogers,fuenteszachary@taylor-steele.com,5327288785,Reyestown,CANADA
4724,Valerie White,mark36@turner-cortez.com,7913461420,Nealfurt,NA
4725,Michael Rodgers,john70@lee.com,8447839339,Johnsonfurt,INDIA 
4726,Alan Beck,jonesvanessa@gmail.com,4256881664,West Deborah,NA
4727,Debra Shepherd,ckline@gmail.com,3348136592,Turnerchester,INDIA 
4728,Christopher Brooks,krivera@hotmail.com,,Lake Raymond,INDIA 
4729,Jonathan Vargas,NA,,Lake Brendastad, UK
4730,Brandon Burns,palmershelly@webb-whitney.com,,Port Josephburgh,U.S.A
4731,Meghan Smith,powellnancy@yahoo.com,6463219200,North Kevin,INDIA
4732,Pamela Lewis,deborah18@gmail.com,5796756755,South Vincent,USA
4733,Alan Williams,qjones@blackwell.info,6013971768,New Manuelview,USA
4734,Bradley Woodward,destiny62@gmail.com,4540735433,New Michaelport,USA
4735,Brian Brown,craigalexandria@gmail.com,3373199465,East Charles, UK
4736,Wendy Hall,andrew33@yahoo.com,1776126824,South James, UK
4737,Laura Baker,jacob65@sanford-holmes.info,7374264670,NA ,CANADA
4738,April Marsh,NA,1207541474,Kathrynland,USA
4739,Mrs. Laura Jackson,crystal21@yahoo.com,3979250517,New Sharon,USA
4740,Mrs. Maria Gardner,xweeks@hotmail.com,7903885262,Melissaport,U.S.A
4741,Bianca Harvey,gouldamanda@livingston.com,3802225924,Taylorstad,INDIA
4742,Deborah Harmon,ballemily@gmail.com,3413927816,Port Kendra,CANADA
4743,Keith Pope,smithamanda@reyes.com,1561140740,Claystad,INDIA 
4744,Joshua Saunders,hodgesrichard@gmail.com,,Nicoleborough,INDIA 
4745,Derrick Anderson,michael26@hotmail.com,3182218906,Lake Troy,INDIA 
4746,Mariah Simpson,snydersonya@snyder.com,6210345057,Erinstad,USA
4747,Vanessa Page,brenda47@hotmail.com,1381030069,Stephanieberg,INDIA
4748,Kendra Vasquez,NA,2539976963,East John,NA
4749,Deanna Thomas,wli@gmail.com,1368210328,Port Jameschester,USA
4750,Daniel Hickman,richardsonjessica@alexander.com,6763465927,Dixonville,USA
4751,Tina Ramos,taraortiz@hotmail.com,3716383606,Lake Kimberly,CANADA
4752,Jesus Dennis,baileykyle@riley.com,3225761355,Matthewland,USA
4753,Michelle Tucker,charles45@simpson-campbell.com,2512155068,West Jeffrey,CANADA
4754,Cory Thompson MD,nicole29@bennett-oneal.com,7254361114,Darrenside,INDIA 
4755,Natalie Medina,collindavis@powell.com,7539711537,Taylorchester, UK
4756,Teresa Roman,chelseaanderson@arnold-solomon.net,9672111801,New Taylor, UK
4757,Deborah Delacruz,NA,6985214751,South Adam,INDIA
4758,Shannon Mills,rhondamartin@edwards.com,,New Peter,NA
4759,Natalie Zuniga,xbecker@williams.com,5144044376,Dominiqueborough,CANADA
4760,Mark Kelly,ldavis@walker-rice.net,7217240228,South John,NA
4761,Joshua Harrison,whitneyallison@hotmail.com,3340791859,Leehaven, UK
4762,Manuel White,kaitlinjones@yahoo.com,1576040442,East Linda,INDIA
4763,Tara Graves,lauren21@hotmail.com,3194215936,Lake Andrewport,INDIA
4764,Jane Weaver,kelli66@hotmail.com,8497821259,Lake Barbaramouth,NA
4765,Christopher Osborn,kaitlynwright@benitez.com,4481073632,Dennisberg,CANADA
4766,Peter Moore,watkinsjeremy@gmail.com,6923247029,Port Markhaven,INDIA
4767,Amber Brown,colemanheather@rangel.com,1594714566,Rodriguezmouth,CANADA
4768,Sharon Yang,shannontaylor@henderson-love.com,8075303641,Johnbury,INDIA
4769,Eric Parsons,kellerbrian@tyler.com,5829038292,East Elizabeth,U.S.A
4770,Jeffrey Barnes,porterleslie@hotmail.com,3479728216,Lake Emily,CANADA
4771,Jon Hardin,jacob73@bautista.com,2417464134,South Alyssatown,CANADA
4772,Amber Andrews,NA,2946881784,South Victor,NA
4773,Kenneth Stewart,alison82@miles.info,3628752969,Adamport,CANADA
4774,Michelle Brown,kimberlyjohnson@fisher-cox.com,7131255484,Wangmouth,U.S.A
4775,Christina Brown,debbie21@tate.com,,East Andrew,NA
4776,Steven Evans,sarahthomas@jones.com,8192451781,Weaverburgh,INDIA
4777,Troy Robinson,elizabethpotts@duke-chandler.com,9294748388,Port Paulberg,INDIA
4778,Erin Riley,NA,7226965918,Zunigahaven, UK
4779,Jordan Finley,jennifer72@miller.com,1555760174,South Brettfort, UK
4780,Frank Lopez,george74@hotmail.com,5783733512,New Rachel,USA
4781,Mary Harris,vcole@williams-simmons.com,4351712915,Juliehaven,CANADA
4782,Justin Trevino,ray29@yahoo.com,3856806385,Jordanside,USA
4783,Ellen Allen,candacekelly@moore.com,9791669832,East Jasonborough,U.S.A
4784,Nathan Robinson,martinezcheryl@butler.com,2220107241,Osbornborough,NA
4785,Dana Sanders,sarahray@hatfield-calderon.com,4905728057,North John,CANADA
4786,James Howard,ericgarrison@yang.com,3895400815,Delgadotown,U.S.A
4787,Richard Stevenson,harmonjennifer@torres-hunt.com,1075709268,Williamsborough,INDIA 
4788,Justin Stone,NA,1861855092,Clarkfort,U.S.A
4789,Kayla Garcia,john53@murphy.com,5226881245,North Douglas, UK
4790,Marcus Glover,kristamccoy@bennett.com,7631978650,South James,INDIA 
4791,Angela Hall,barajasjessica@clay.com,6901540524,NA , UK
4792,Renee Gonzalez,wwagner@mullins.com,8730063636,Sandramouth,NA
4793,Benjamin Benson,kathleentaylor@vargas.com,3827232868,North Sarahborough,INDIA 
4794,Dillon Lee,umcdonald@gmail.com,5085294608,East Blake,INDIA
4795,Kimberly Smith,joshua74@rivera-hamilton.com,4019029370,New Jack,U.S.A
4796,NA,vcraig@gmail.com,3880403678,West Lauren,U.S.A
4797,Juan Vasquez,matthewmorris@yahoo.com,8469614454,Lake Tyler,USA
4798,Laura Gibson,lori11@lloyd-wilson.com,6261972039,New Tonyport,USA
4799,Kim Shannon,kathryn75@williams.com,5283536290,Hernandezville,INDIA
4800,Shannon Fleming,brownbrittney@hotmail.com,3188106585,Walshfort,INDIA
4801,Samantha Thompson,evansbrett@anderson.com,1788315941,East Eric, UK
4802,Lisa Bailey,dmitchell@ramirez.net,4608092569,Joshuaburgh,USA
4803,Katherine Nash,wesley02@stewart.com,5614312395,Saraberg,USA
4804,Maria Medina,NA,6968526734,West Tonyaberg,NA
4805,Brandon Aguilar,haleyperry@yahoo.com,3375345812,East Nicole, UK
4806,Ashley Rivas,deankevin@tran-bell.org,5633124673,Lake Charlesfurt,NA
4807,Victoria Sanders,NA,8323070606,West Williamfort,USA
4808,Nicole Olson,cooperlisa@hotmail.com,5878531401,Mikeshire,CANADA
4809,Spencer Pacheco,bennettandrea@brown-green.info,7436484235,Moonville,NA
4810,Rachel Mcintosh,ucrawford@mclaughlin-parker.org,9917660130,Lake Anitaborough,INDIA
4811,Deborah Morgan,maykatherine@white-smith.com,4274091020,Allisonport, UK
4812,Laura George,hobrien@myers.com,2258796892,Lake Anthonyburgh,INDIA
4813,Ashley Alexander,jessicaleon@jones.com,6769593067,Blacktown, UK
4814,Wesley Hurst,christopherjimenez@yahoo.com,1357875647,Port Davidburgh,USA
4815,Jasmine Gomez,gallowaysarah@young.info,3049255551,Birdstad,U.S.A
4816,Rachael Kim,cynthianielsen@rodriguez.org,9309725663,East Christina,USA
4817,John Rose,kristopherwatkins@walsh.biz,8283169002,New Kellyberg, UK
4818,Mariah Brown,davidchavez@mills-sanchez.info,8773383443,South Aimee,U.S.A
4819,Timothy Vargas,heather53@gmail.com,9505419429,West Patriciafurt,NA
4820,Russell Leonard,kimberlypham@hotmail.com,1845138011,South Robertview,USA
4821,Steven Brown,parkercynthia@yahoo.com,3854057800,West Stevenberg,INDIA
4822,Jonathan Bradley,barbarabruce@hotmail.com,4006255706,East Laurenhaven, UK
4823,Jim Parrish,yatesrachel@gmail.com,4086695746,New Kristin,CANADA
4824,Mark Johnson,NA,2043018423,South Troymouth,CANADA
4825,Patrick Vaughan,kathrynjuarez@webster-griffith.net,1522646037,Davisberg,U.S.A
4826,Christopher Maddox,NA,8642870697,Gracemouth,INDIA 
4827,Rebecca Ross,andersonmichael@juarez-howard.com,8025641403,Port Darryl,NA
4828,Isaac Robinson,NA,6343045503,Derekland,INDIA
4829,Andrew Stewart,trevorsalinas@yahoo.com,8212003300,Hamiltonport,USA
4830,Corey Tyler,simmonsmichael@jackson.com,4990345691,Cohenside,USA
4831,Sharon Christensen,gtaylor@hudson.com,2416134656,Port Ericahaven,U.S.A
4832,William Thomas,monica73@pittman.info,3984679527,Jerryhaven,USA
4833,Michael Carter,nbutler@gmail.com,2440219244,Tatemouth,U.S.A
4834,Donald Henry,nicole40@williams.com,2941273218,Youngfort,U.S.A
4835,Peter Vaughan,NA,1240801151,Blaketon,USA
4836,Gloria Miller,richardmckenzie@hotmail.com,1584180228,Lake Stacyton, UK
4837,Julie Smith,NA,4502527838,New Codyfurt,USA
4838,Caitlin Mccarty,jasonrodgers@gmail.com,5504928249,Courtneyhaven,USA
4839,Barbara Smith,jacksonkatrina@yahoo.com,5735315798,Matthewland,CANADA
4840,Christine Smith,debra15@yahoo.com,3676750207,Michaelland,NA
4841,Gary Sanders,manuelnichols@raymond.com,3861741535,Sandybury,NA
4842,Andrea Mccoy,rachel13@yahoo.com,4382450567,Lake Adamshire,USA
4843,James Wright,christina24@carr.com,4733501809,East Feliciamouth,CANADA
4844,John Simon,NA,,Westfurt,CANADA
4845,Tammy Watkins,ortizwalter@yahoo.com,9257828170,Port Kenneth,NA
4846,Michael Flores,NA,8077570346,Jamesmouth, UK
4847,Brandon Weaver,NA,3177670679,Lake Tara,INDIA 
4848,Dennis Mata,shelby90@gmail.com,8621878971,Hintonburgh,U.S.A
4849,Jesse Manning,fredericksimpson@smith-robertson.com,9185568120,NA , UK
4850,Jeffrey Hickman,nicolecook@horn.com,4416318290,South Monicatown,INDIA
4851,Nicole Taylor,ryan28@munoz-andersen.org,9362438122,Berryborough,CANADA
4852,Courtney Gilmore,carolyn72@thornton-clark.info,4590628280,Port Seanview,INDIA 
4853,Anthony Gibson,jessicafrench@diaz.info,7322830585,North Stephanie,INDIA
4854,Tammy Hester,lroman@gmail.com,3242936496,Boydton,USA
4855,Kevin Baxter,gregorysmith@harrison.net,7334493347,NA ,U.S.A
4856,Crystal Pena,jeremycooper@yahoo.com,3626394444,South Karenville,U.S.A
4857,Ashley Gray,jennifer75@gmail.com,1574257733,North Jacqueline,INDIA
4858,Kirk Reynolds,alex05@gmail.com,2093543994,East Christopherport, UK
4859,Devon Guerra,johnsonsteven@anderson-hudson.info,4982039616,Nathanborough,U.S.A
4860,Diana Garcia,casey39@pruitt.com,7447466111,East Brianmouth,NA
4861,Charles Williams,mhall@yahoo.com,,Jeremyville,U.S.A
4862,Jasmine Roberts,dannyjames@gmail.com,3387122848,Port Traceytown, UK
4863,John Hudson,ggarza@gmail.com,3338978698,Gregoryfort,U.S.A
4864,Andrew Murphy,marc21@hinton.com,8180646661,East Gerald,CANADA
4865,Henry Barker,NA,6209971850,Davidburgh,USA
4866,Rebecca Parsons,brittney24@miller.com,9626263214,West Tracychester,INDIA
4867,Steven Rodriguez,meganbarnes@gmail.com,3686018490,Ellisville,INDIA 
4868,Shane Rollins,NA,3045952990,Port Markfurt,NA
4869,George Smith,briangardner@yahoo.com,5481062686,North Andrewland,USA
4870,Amy Howard,NA,7618160665,New Derek,U.S.A
4871,Rebecca Patterson,goodmanzachary@rice.com,4834679211,Nguyenland,CANADA
4872,Amanda Rosales,hahnamanda@yahoo.com,2939857579,North Samuel,INDIA
4873,Alex Wilson,christopher72@hotmail.com,9243793301,West Marcchester,INDIA
4874,Darlene Henderson,eddiesimon@yahoo.com,8453039226,New Lisa,CANADA
4875,Richard Ramirez,phill@hotmail.com,7866501357,Port Erin,INDIA 
4876,Robert Grant,pcollins@gaines.biz,5510092513,Robertville,INDIA
4877,Benjamin Miller,karla40@smith-brown.com,9356696123,Davidshire,INDIA
4878,Jessica Anderson,eestrada@wiggins.net,7512656528,Rodriguezview, UK
4879,Sara Villa,myerssamantha@campos-whitaker.net,1478731758,Lake Joseph,U.S.A
4880,Jean Murphy,robert76@zimmerman-rogers.info,5823171861,Lake Michelleport,INDIA 
4881,James Luna,bettymccann@smith.biz,8228904505,Kellyside,INDIA 
4882,Nicole Turner,wilsontina@yahoo.com,6145542477,NA ,USA
4883,Sherri Stokes,nicholas92@greene-fletcher.com,3779210287,NA , UK
4884,Christina Wilson,josephpratt@edwards.org,,West Matthew,INDIA
4885,David Wallace,carterryan@gmail.com,4295277153,Tammyside,INDIA 
4886,Gerald Cruz,chenbrandon@bright-stewart.com,1071054325,Andrewborough,INDIA 
4887,Jose Perez,bcortez@jones.com,,Harrisport,USA
4888,Jennifer Long,christopher17@brown.com,3457151967,Duncanborough, UK
4889,Donald Hanna,joneslisa@gmail.com,7969122373,Mariashire, UK
4890,Ariana Marshall,goldenjoseph@beard.biz,,Garcialand, UK
4891,Robert Hale,stephen65@brennan.com,7000691213,South Joshua,INDIA
4892,Jenny Foster,nyates@gmail.com,1485777511,Lake Christineville,INDIA 
4893,NA,gregory09@whitehead.com,3822217852,Port Matthewville,U.S.A
4894,NA,NA,3026379801,Port Jeremyburgh,NA
4895,Miguel Blackburn,amcclure@hotmail.com,7808365499,Lake Sarah,CANADA
4896,Linda Ferguson,sandra63@kelley-mcpherson.com,1907974132,NA ,USA
4897,Amy Clarke,melissagonzales@hotmail.com,2391008060,Dixonstad,INDIA 
4898,Isaac Mitchell,nicoleanderson@humphrey.org,7517582920,Haroldshire,INDIA 
4899,Courtney Woods,xking@hill.info,7404889968,East Annborough,U.S.A
4900,David Barry,brendacox@yahoo.com,3167286032,Joshuaburgh,CANADA
4901,Mark Rodgers,jason49@combs.org,5610992898,Lake Conniechester,INDIA 
4902,Shelby Brandt,madison66@hotmail.com,1232646427,Christinabury,INDIA 
4903,David Hancock,myersmaria@hotmail.com,7661203103,Bryantborough,CANADA
4904,Andrew Nguyen,michaeldaniel@orozco.info,5191241941,Paulport,NA
4905,Bobby Hampton,jthompson@cruz.net,1879055622,Johnborough,NA
4906,Jacob Herrera,qlamb@haley.com,4822104881,Courtneyfort,INDIA
4907,Elizabeth Flores,stewartelijah@garcia.info,8831569638,South Jeremyburgh,INDIA 
4908,Kevin Jackson,smithemma@lewis-fox.com,5445533326,Alexanderstad,CANADA
4909,John Choi,monicamcintyre@romero.com,4705787879,Angelaberg,CANADA
4910,Amber Lyons,iowen@garcia.org,5867411334,West Michael,NA
4911,Donna Riddle,raymond25@mann.org,1312744552,NA ,NA
4912,Vickie Giles,donald38@gmail.com,3425731901,Elizabethfort,INDIA 
4913,Richard Fisher,vpatterson@poole.com,6133555841,Larsonmouth,NA
4914,Leslie Morales,michele57@gmail.com,2964371385,Greenshire,INDIA 
4915,Zachary Fox,fletchermatthew@gmail.com,2332081102,Davischester,U.S.A
4916,Julie Turner,bonniehall@shelton.org,6084773334,Beasleyview,INDIA
4917,Matthew Watson,danielgray@mclean-moore.info,5943670831,Port Elizabethborough,CANADA
4918,Jordan Dawson,colemanlisa@smith-yates.com,2905405362,Tinafurt, UK
4919,Matthew Kent,angela56@yahoo.com,9497355658,Brendaport, UK
4920,Robert Welch,tjones@hotmail.com,9449933289,Krystalton,U.S.A
4921,Marc Madden,benjamin20@wood-holland.com,3092154277,Port Courtney, UK
4922,Kimberly Johnson,NA,9973411194,North Austinbury,U.S.A
4923,Anthony Jackson,dgilmore@gmail.com,3192116849,New Deborahbury,INDIA
4924,William Kirby,phillipsallen@gmail.com,4974828093,Port Laurie,CANADA
4925,Matthew Kerr,robert78@yahoo.com,4649082863,Duanestad,USA
4926,Samuel Hood,adamsmargaret@shannon.org,5344488957,North Joseph,CANADA
4927,NA,anthony48@yahoo.com,6016389151,Hubbardchester, UK
4928,Kyle Chavez,NA,8693513278,West Shelley,USA
4929,Kathleen Suarez,fischervickie@hotmail.com,1822237793,New Davidborough,INDIA
4930,Kevin Cantrell,medinasara@yahoo.com,8041692044,South Jessicaberg,INDIA
4931,Shane Arnold,samuelholloway@townsend.org,1191267021,Port Williamfurt,CANADA
4932,Susan Adams,carlos71@greene.info,5288691546,South Saraburgh,INDIA 
4933,NA,NA,7931736293,New Fernandofurt,CANADA
4934,Justin Matthews,nbarnes@hotmail.com,9820890653,East Stephanieton,CANADA
4935,Michael Grant,marilyn74@peterson.com,3350607999,Johnnyside,CANADA
4936,Nicole Dodson,romeroamanda@booth.com,5494020379,Gabrielmouth,NA
4937,Matthew Tran,juarezlisa@hotmail.com,,NA ,INDIA
4938,Kenneth Schneider,lisa23@gmail.com,9849743031,West Michelleburgh,CANADA
4939,Barbara Thomas,garrett19@miller.biz,9250567876,Mitchellfort,INDIA
4940,Brandi Williams,robertsjohn@yahoo.com,5446597608,Grahamchester,INDIA
4941,Erika Owens,NA,5956324407,Marissaton,INDIA 
4942,James Carter,justinmichael@franklin.biz,5290359384,South Joshuaborough,INDIA 
4943,Kristine Cross,NA,5248438162,Lake Deanna,USA
4944,Kayla Ball,judith15@hudson-mendoza.org,8605190630,Lake Toddville,CANADA
4945,Hunter Crawford,douglasduncan@hotmail.com,7940964767,New Brett,U.S.A
4946,Teresa Webb,moorelance@gmail.com,1971949817,Port Thomasport,NA
4947,Melissa Bryant,omorgan@yahoo.com,9204531054,North William,USA
4948,Tiffany Griffith,gesparza@hotmail.com,2610695564,NA ,NA
4949,David Collier,NA,,North Andrew,INDIA
4950,Terri Smith,fmcfarland@hotmail.com,4189732563,Port Christopherfurt,INDIA
4951,Jill Pennington,kallison@robinson.com,4866066585,West Jacquelineville,USA
4952,Cole Cook,NA,8539011312,Millerville,INDIA 
4953,Kelly Wallace,cchase@gmail.com,5323857171,Gonzalezbury,CANADA
4954,Randall Elliott,lcarter@yahoo.com,4999483690,New Debbie,INDIA 
4955,Brent Fields,nicholas47@barrett-bray.biz,3317539065,North Meganport, UK
4956,David Barron,glittle@willis-harvey.com,2155977317,Zunigamouth,USA
4957,Lisa Reid DDS,gonzalezjohn@yahoo.com,7405660347,Martinstad,NA
4958,Michelle Wright,bobbywoods@hotmail.com,2924511934,South Christopherfort,INDIA 
4959,Amber Peters,ogomez@gmail.com,5107250425,Paulchester, UK
4960,Randy Mason,brettwalters@gmail.com,6102742139,Sandovalshire,CANADA
4961,Danielle Hudson,dorisshepherd@hotmail.com,9101048493,Lopezmouth,U.S.A
4962,Jeremy Fry,sray@gmail.com,4974651487,Mcclainchester, UK
4963,Andrea Todd,bbaker@hotmail.com,4262668737,NA ,U.S.A
4964,Philip Barnett,holly13@smith.com,7372847436,Lake Keithville,INDIA 
4965,Christopher Yates,colemichael@yahoo.com,6076624914,Austinchester,INDIA
4966,Monica Johnson,brownaaron@avery.com,5784098204,Michaelfurt, UK
4967,Savannah Ryan,james41@leonard.com,8606798060,West Thomas,INDIA 
4968,Megan Barton,barbaraross@williams.com,9655763061,Dianeton,CANADA
4969,Denise Fletcher,juliescott@moore-campbell.biz,1549475972,Jasonfort,U.S.A
4970,Anthony Foster,NA,7613790417,Mendozafurt,INDIA 
4971,Shawn Barber,wfrazier@phelps-hale.org,8049544334,Jessicaton,NA
4972,Laurie Fields,amanda98@perez.com,9465262270,Howardfort, UK
4973,Melanie Brown,russellmurphy@ryan.com,7701054394,East Patricia,USA
4974,Craig Watson,amberfuller@fernandez-berry.com,2405423275,East Sheila,INDIA
4975,Benjamin Peterson,jessicahart@yahoo.com,7882808674,East Antonio,CANADA
4976,Jordan Jackson,kimberly15@gmail.com,8704821249,New Briannabury,U.S.A
4977,Grant Jones,stephenmorgan@hotmail.com,,Brandonbury,INDIA
4978,Vincent Smith,sherry15@gmail.com,5292749641,South Michaelbury,CANADA
4979,Chelsea Green,kimberlyjohnson@hotmail.com,1032692546,East Megan,U.S.A
4980,Shelby Gates,grodriguez@cannon-smith.com,1637194504,Vasquezburgh,INDIA
4981,Sharon Potter,tina94@benson.biz,9617863743,Simsview,USA
4982,Selena Jennings,mmcmillan@lucas.com,,Erikamouth,NA
4983,Johnathan Stephens,anthony28@wiley-woodard.com,5061355921,Obrienside,CANADA
4984,Michael Forbes,pbarnes@yahoo.com,3998044242,New Michelleton,NA
4985,Brian Cantu,vangbrittany@mosley-poole.info,6437666465,West Jasonhaven,USA
4986,Susan Christensen,samuel35@schmitt.info,9289389877,East Mark,U.S.A
4987,Karen Romero,heather29@bartlett-macias.com,4789093934,Robertburgh,USA
4988,Candace Estes,travis45@brown-miller.com,7488120421,Hardinghaven,NA
4989,Ryan Marshall,julieshelton@gmail.com,1270967600,North Amanda,USA
4990,Ricardo Perry,johnsonrobert@bailey-jackson.com,9623594791,North Melissaland,NA
4991,Angela King,jerry61@hotmail.com,6302311578,South Williammouth,INDIA 
4992,Lisa Warren,williambenson@gmail.com,5616008952,West Kristina,NA
4993,Stephen Robertson,swalker@gmail.com,5753053986,Lake Kristin,U.S.A
4994,Penny Jones,NA,2536452471,New Mackenzie,CANADA
4995,Lori Cole,wtaylor@bass.org,1457901987,Tammytown,USA
4996,Dustin Le,alexander72@yahoo.com,2885998826,Lake Danielle,INDIA 
4997,Scott Parker,cindy68@hotmail.com,6201720435,West Kyle,INDIA 
4998,Paul Scott,pottereric@yahoo.com,2585328892,Lake Madelineshire,U.S.A
4999,Collin Sanchez,matthew04@hotmail.com,,Lake Donald,INDIA 
5000,Douglas Gonzales,alvarezscott@mckee.com,3980324667,Port Mariaside, UK
